country_code,customer_id,paperless_date,invoice_number,invoice_date,due_date,invoice_amount,disputed,settled_date,paperless_bill,days_to_settle,days_late,payment_status,payment_delay_band,invoice_month,payment_delay _sort
391,0379-NEVHP,2013-04-06,611365,2013-01-02,2013-02-01,55.94,No,2013-01-15,Paper,13,0,On Time,On Time,2013-01-01,1
406,8976-AMJEO,2012-03-03,7900770,2013-01-26,2013-02-25,61.74,Yes,2013-03-03,Electronic,36,6,Late,1–7 Days Late,2013-01-01,2
391,2820-XGXSB,2012-01-26,9231909,2013-07-03,2013-08-02,65.88,No,2013-07-08,Electronic,5,0,On Time,On Time,2013-07-01,1
406,9322-YCTQO,2012-04-06,9888306,2013-02-10,2013-03-12,105.92,No,2013-03-17,Electronic,35,5,Late,1–7 Days Late,2013-02-01,2
818,6627-ELFBK,2012-11-26,15752855,2012-10-25,2012-11-24,72.27,Yes,2012-11-28,Paper,34,4,Late,1–7 Days Late,2012-10-01,2
818,5148-SYKLB,2013-08-28,18104516,2012-01-27,2012-02-26,94,Yes,2012-02-22,Paper,26,0,On Time,On Time,2012-01-01,1
897,8690-EEBEO,2012-12-05,23864272,2013-08-13,2013-09-12,74.69,No,2013-09-09,Electronic,27,0,On Time,On Time,2013-08-01,1
770,4460-ZXNDN,2013-06-27,27545037,2012-12-16,2013-01-15,75.06,No,2013-01-12,Paper,27,0,On Time,On Time,2012-12-01,1
770,3831-FXWYK,2013-03-08,28049695,2012-05-14,2012-06-13,80.07,Yes,2012-07-01,Paper,48,18,Late,15–30 Days Late,2012-05-01,4
897,7654-DOLHO,2012-04-04,32277701,2013-07-01,2013-07-31,48.33,No,2013-07-26,Electronic,25,0,On Time,On Time,2013-07-01,1
770,3993-QUNVJ,2012-12-31,35868002,2012-03-31,2012-04-30,75.33,No,2012-04-16,Paper,16,0,On Time,On Time,2012-03-01,1
406,5284-DJOZO,2012-09-11,36478577,2013-08-07,2013-09-06,73.35,No,2013-08-15,Electronic,8,0,On Time,On Time,2013-08-01,1
818,5924-UOPGH,2013-06-06,36620839,2013-05-08,2013-06-07,90.08,Yes,2013-06-09,Paper,32,2,Late,1–7 Days Late,2013-05-01,2
406,9117-LYRCE,2013-07-05,41324194,2012-10-21,2012-11-20,57.17,No,2012-11-30,Paper,40,10,Late,8–14 Days Late,2012-10-01,3
818,7695-NKUXM,2012-11-21,42511106,2012-11-07,2012-12-07,50.02,No,2012-11-18,Paper,11,0,On Time,On Time,2012-11-01,1
391,8820-BLYDZ,2013-03-19,46372811,2013-02-21,2013-03-23,61.96,No,2013-02-28,Paper,7,0,On Time,On Time,2013-02-01,1
406,8976-AMJEO,2012-03-03,46937392,2013-05-16,2013-06-15,69.88,No,2013-06-04,Electronic,19,0,On Time,On Time,2013-05-01,1
818,5148-SYKLB,2013-08-28,49331333,2013-05-29,2013-06-28,68.8,Yes,2013-07-10,Paper,42,12,Late,8–14 Days Late,2013-05-01,3
818,3568-JJMFW,2012-01-09,52765186,2013-10-20,2013-11-19,96.23,Yes,2013-11-09,Electronic,20,0,On Time,On Time,2013-10-01,1
818,5613-UHVMG,2012-05-31,55416013,2012-11-30,2012-12-30,42.01,Yes,2013-01-16,Electronic,47,17,Late,15–30 Days Late,2012-11-01,4
406,6833-ETVHD,2012-04-30,57081728,2012-11-04,2012-12-04,86.65,No,2012-11-29,Electronic,25,0,On Time,On Time,2012-11-01,1
770,7758-WKLVM,2012-02-06,57781566,2012-06-24,2012-07-24,71.49,No,2012-08-07,Electronic,44,14,Late,8–14 Days Late,2012-06-01,3
818,6004-KITZM,2013-09-01,58393139,2013-01-06,2013-02-05,88.16,No,2013-01-29,Paper,23,0,On Time,On Time,2013-01-01,1
391,9841-XLGBV,2013-01-03,72380981,2013-02-16,2013-03-18,26.44,No,2013-03-06,Electronic,18,0,On Time,On Time,2013-02-01,1
897,8690-EEBEO,2012-12-05,75181247,2012-02-18,2012-03-19,83.33,No,2012-03-30,Paper,41,11,Late,8–14 Days Late,2012-02-01,3
391,8156-PCYBM,2012-03-03,81932735,2012-01-24,2012-02-23,72.7,No,2012-03-03,Paper,39,9,Late,8–14 Days Late,2012-01-01,3
818,7946-HJDUR,2012-02-21,86171934,2013-05-29,2013-06-28,41.69,No,2013-06-22,Electronic,24,0,On Time,On Time,2013-05-01,1
770,3831-FXWYK,2013-03-08,93006859,2012-12-24,2013-01-23,24.46,No,2013-01-31,Paper,38,8,Late,8–14 Days Late,2012-12-01,3
406,2621-XCLEH,2012-09-24,97717897,2013-03-31,2013-04-30,70.93,Yes,2013-05-25,Electronic,55,25,Late,15–30 Days Late,2013-03-01,4
818,8887-NCUZC,2013-01-22,101415601,2012-05-31,2012-06-30,40.07,No,2012-07-04,Paper,34,4,Late,1–7 Days Late,2012-05-01,2
897,9286-VLKMI,2013-02-13,101747306,2013-05-27,2013-06-26,58.19,No,2013-05-29,Electronic,2,0,On Time,On Time,2013-05-01,1
406,6833-ETVHD,2012-04-30,103483331,2012-07-27,2012-08-26,72.13,No,2012-08-18,Electronic,22,0,On Time,On Time,2012-07-01,1
391,6160-HCSFI,2013-01-10,104628267,2012-01-13,2012-02-12,72.72,No,2012-02-04,Paper,22,0,On Time,On Time,2012-01-01,1
391,1080-NDGAE,2012-09-28,106360977,2012-02-19,2012-03-20,93.48,Yes,2012-03-26,Paper,36,6,Late,1–7 Days Late,2012-02-01,2
897,6296-UKEUZ,2012-11-26,106486147,2013-09-21,2013-10-21,46.55,No,2013-09-25,Electronic,4,0,On Time,On Time,2013-09-01,1
770,6831-FIODB,2013-05-08,110122785,2012-10-23,2012-11-22,32.58,No,2012-11-30,Paper,38,8,Late,8–14 Days Late,2012-10-01,3
897,6296-UKEUZ,2012-11-26,120364375,2013-04-23,2013-05-23,34.63,No,2013-04-24,Electronic,1,0,On Time,On Time,2013-04-01,1
818,5148-SYKLB,2013-08-28,121797094,2012-09-28,2012-10-28,89.15,No,2012-10-30,Paper,32,2,Late,1–7 Days Late,2012-09-01,2
391,0379-NEVHP,2013-04-06,122662308,2013-08-05,2013-09-04,43.64,No,2013-08-21,Electronic,16,0,On Time,On Time,2013-08-01,1
770,7758-WKLVM,2012-02-06,123645023,2012-12-22,2013-01-21,44.36,No,2013-01-24,Electronic,33,3,Late,1–7 Days Late,2012-12-01,2
770,3993-QUNVJ,2012-12-31,131216793,2013-02-01,2013-03-03,56.65,No,2013-02-05,Electronic,4,0,On Time,On Time,2013-02-01,1
391,9174-IYKOC,2012-11-27,135429278,2012-08-02,2012-09-01,58.2,No,2012-08-24,Paper,22,0,On Time,On Time,2012-08-01,1
391,2676-DZINU,2012-10-19,145315244,2013-08-19,2013-09-18,83.05,No,2013-09-06,Electronic,18,0,On Time,On Time,2013-08-01,1
391,9014-WENVB,2013-08-03,152050637,2013-02-13,2013-03-15,60.03,No,2013-03-11,Paper,26,0,On Time,On Time,2013-02-01,1
406,6833-ETVHD,2012-04-30,152808559,2012-09-11,2012-10-11,59.01,No,2012-09-29,Electronic,18,0,On Time,On Time,2012-09-01,1
406,1447-YZKCL,2012-08-10,173814675,2013-04-27,2013-05-27,66.85,No,2013-05-27,Electronic,30,0,On Time,On Time,2013-04-01,1
818,8364-UWVLM,2012-11-10,176356154,2012-08-20,2012-09-19,78.83,Yes,2012-10-03,Paper,44,14,Late,8–14 Days Late,2012-08-01,3
770,9323-NDIOV,2012-07-09,176953642,2013-09-10,2013-10-10,65,No,2013-10-17,Electronic,37,7,Late,1–7 Days Late,2013-09-01,2
391,5920-DPXLN,2012-11-11,176959210,2012-08-30,2012-09-29,57.18,No,2012-09-19,Paper,20,0,On Time,On Time,2012-08-01,1
391,6708-DPYTF,2012-08-02,180192586,2012-08-02,2012-09-01,74.65,No,2012-09-18,Paper,47,17,Late,15–30 Days Late,2012-08-01,4
391,9014-WENVB,2013-08-03,186123387,2012-06-09,2012-07-09,59.85,No,2012-07-08,Paper,29,0,On Time,On Time,2012-06-01,1
406,4632-QZOKX,2013-03-19,186768686,2012-06-10,2012-07-10,40.54,Yes,2012-07-11,Paper,31,1,Late,1–7 Days Late,2012-06-01,2
391,2125-HJDLA,2012-05-22,189882917,2012-09-03,2012-10-03,51.44,No,2012-10-17,Electronic,44,14,Late,8–14 Days Late,2012-09-01,3
770,5592-UQXSS,2012-12-31,190687025,2013-07-15,2013-08-14,28.43,No,2013-08-02,Electronic,18,0,On Time,On Time,2013-07-01,1
406,9725-EZTEJ,2012-03-17,195093797,2013-11-02,2013-12-02,78.73,Yes,2013-12-04,Electronic,32,2,Late,1–7 Days Late,2013-11-01,2
897,6177-VTITE,2012-10-26,195359114,2012-08-29,2012-09-28,56.26,Yes,2012-09-21,Paper,23,0,On Time,On Time,2012-08-01,1
391,5529-TBPGK,2013-08-09,202519703,2013-02-10,2013-03-12,77.26,No,2013-03-13,Paper,31,1,Late,1–7 Days Late,2013-02-01,2
406,4640-FGEJI,2013-04-04,203036054,2012-09-23,2012-10-23,64.6,No,2012-10-15,Paper,22,0,On Time,On Time,2012-09-01,1
406,5284-DJOZO,2012-09-11,204757285,2012-01-13,2012-02-12,54.44,No,2012-01-27,Paper,14,0,On Time,On Time,2012-01-01,1
897,0688-XNJRO,2012-06-24,206372278,2013-08-14,2013-09-13,49.04,No,2013-09-21,Electronic,38,8,Late,8–14 Days Late,2013-08-01,3
406,8389-TCXFQ,2012-08-24,208940420,2013-12-01,2013-12-31,70.45,Yes,2014-01-04,Electronic,34,4,Late,1–7 Days Late,2013-12-01,2
391,8820-BLYDZ,2013-03-19,213324193,2012-10-13,2012-11-12,66.12,No,2012-10-22,Paper,9,0,On Time,On Time,2012-10-01,1
391,9174-IYKOC,2012-11-27,217272343,2013-09-22,2013-10-22,49.88,Yes,2013-10-23,Electronic,31,1,Late,1–7 Days Late,2013-09-01,2
391,3569-VJWXS,2013-04-09,218034886,2013-02-01,2013-03-03,38.64,No,2013-03-05,Paper,32,2,Late,1–7 Days Late,2013-02-01,2
770,7050-KQLDO,2012-09-29,222477564,2012-03-08,2012-04-07,65.7,Yes,2012-04-09,Paper,32,2,Late,1–7 Days Late,2012-03-01,2
818,5924-UOPGH,2013-06-06,232048622,2012-03-14,2012-04-13,67.6,No,2012-04-11,Paper,28,0,On Time,On Time,2012-03-01,1
391,9174-IYKOC,2012-11-27,237437528,2012-12-09,2013-01-08,35.69,Yes,2013-01-15,Electronic,37,7,Late,1–7 Days Late,2012-12-01,2
391,1080-NDGAE,2012-09-28,246081324,2012-09-06,2012-10-06,92.53,Yes,2012-10-13,Paper,37,7,Late,1–7 Days Late,2012-09-01,2
897,9286-VLKMI,2013-02-13,254550541,2012-12-28,2013-01-27,61.59,No,2013-01-08,Paper,11,0,On Time,On Time,2012-12-01,1
406,4640-FGEJI,2013-04-04,261246477,2013-10-20,2013-11-19,94.47,No,2013-11-05,Electronic,16,0,On Time,On Time,2013-10-01,1
391,9174-IYKOC,2012-11-27,263678657,2012-09-10,2012-10-10,38,No,2012-10-11,Paper,31,1,Late,1–7 Days Late,2012-09-01,2
391,8156-PCYBM,2012-03-03,270702396,2012-10-31,2012-11-30,50.24,No,2012-11-25,Electronic,25,0,On Time,On Time,2012-10-01,1
818,5924-UOPGH,2013-06-06,273425635,2012-02-07,2012-03-08,113.76,Yes,2012-03-19,Paper,41,11,Late,8–14 Days Late,2012-02-01,3
406,4092-ZAVRG,2012-05-19,274057720,2012-05-07,2012-06-06,50.96,No,2012-05-13,Paper,6,0,On Time,On Time,2012-05-01,1
770,9928-IJYBQ,2012-03-18,277331044,2012-11-02,2012-12-02,73.25,No,2012-11-26,Electronic,24,0,On Time,On Time,2012-11-01,1
770,3993-QUNVJ,2012-12-31,280670965,2012-01-03,2012-02-02,50.39,No,2012-01-23,Paper,20,0,On Time,On Time,2012-01-01,1
391,0379-NEVHP,2013-04-06,281287578,2012-10-28,2012-11-27,76.81,No,2012-11-19,Paper,22,0,On Time,On Time,2012-10-01,1
897,6177-VTITE,2012-10-26,282342168,2012-02-06,2012-03-07,63.28,No,2012-02-20,Paper,14,0,On Time,On Time,2012-02-01,1
406,6048-QPZCF,2012-07-13,284482411,2013-02-14,2013-03-16,87.9,Yes,2013-03-17,Electronic,31,1,Late,1–7 Days Late,2013-02-01,2
897,1408-OQZUE,2012-09-14,285510254,2012-04-05,2012-05-05,27.05,No,2012-05-28,Paper,53,23,Late,15–30 Days Late,2012-04-01,4
897,8690-EEBEO,2012-12-05,286008070,2013-02-26,2013-03-28,53.45,No,2013-03-31,Electronic,33,3,Late,1–7 Days Late,2013-02-01,2
406,8389-TCXFQ,2012-08-24,287254498,2012-01-22,2012-02-21,72.49,No,2012-02-21,Paper,30,0,On Time,On Time,2012-01-01,1
406,4092-ZAVRG,2012-05-19,291694356,2013-02-27,2013-03-29,69.65,Yes,2013-03-11,Electronic,12,0,On Time,On Time,2013-02-01,1
406,7600-OISKG,2013-07-19,296503272,2012-07-03,2012-08-02,61.25,Yes,2012-08-07,Paper,35,5,Late,1–7 Days Late,2012-07-01,2
770,7758-WKLVM,2012-02-06,298536056,2013-03-12,2013-04-11,70.85,Yes,2013-05-06,Electronic,55,25,Late,15–30 Days Late,2013-03-01,4
897,6177-VTITE,2012-10-26,299012002,2013-11-29,2013-12-29,41.97,No,2013-12-13,Electronic,14,0,On Time,On Time,2013-11-01,1
770,7856-ODQFO,2012-08-05,300108731,2013-11-30,2013-12-30,49.71,Yes,2014-01-06,Electronic,37,7,Late,1–7 Days Late,2013-11-01,2
391,5196-TWQXF,2012-06-20,302496633,2012-07-04,2012-08-03,72.65,No,2012-07-26,Electronic,22,0,On Time,On Time,2012-07-01,1
406,6048-QPZCF,2012-07-13,308536412,2012-11-25,2012-12-25,73.73,No,2012-12-01,Electronic,6,0,On Time,On Time,2012-11-01,1
406,3448-OWJOT,2012-09-15,312361525,2012-07-05,2012-08-04,66.13,Yes,2012-08-13,Paper,39,9,Late,8–14 Days Late,2012-07-01,3
406,5284-DJOZO,2012-09-11,320318018,2013-03-23,2013-04-22,80.71,No,2013-03-24,Electronic,1,0,On Time,On Time,2013-03-01,1
406,5284-DJOZO,2012-09-11,321937283,2013-05-25,2013-06-24,72.85,Yes,2013-06-08,Electronic,14,0,On Time,On Time,2013-05-01,1
818,3568-JJMFW,2012-01-09,326671411,2012-12-27,2013-01-26,88.5,Yes,2013-01-18,Electronic,22,0,On Time,On Time,2012-12-01,1
391,7841-HROAQ,2013-09-15,329307404,2012-08-02,2012-09-01,68.53,Yes,2012-09-09,Paper,38,8,Late,8–14 Days Late,2012-08-01,3
818,5613-UHVMG,2012-05-31,333420180,2013-11-10,2013-12-10,60.6,Yes,2013-12-12,Electronic,32,2,Late,1–7 Days Late,2013-11-01,2
818,3271-HYHDN,2013-04-28,354407690,2013-04-12,2013-05-12,45.56,No,2013-04-17,Paper,5,0,On Time,On Time,2013-04-01,1
770,2447-JCFGW,2012-07-31,355095997,2012-12-12,2013-01-11,31.38,No,2013-01-05,Electronic,24,0,On Time,On Time,2012-12-01,1
391,3598-DNURW,2012-08-29,360452276,2012-01-30,2012-02-29,56.37,No,2012-02-20,Paper,21,0,On Time,On Time,2012-01-01,1
818,3271-HYHDN,2013-04-28,367399005,2013-08-10,2013-09-09,58.78,No,2013-08-10,Electronic,0,0,On Time,On Time,2013-08-01,1
406,4092-ZAVRG,2012-05-19,368163381,2013-08-23,2013-09-22,62.68,Yes,2013-09-11,Electronic,19,0,On Time,On Time,2013-08-01,1
770,7050-KQLDO,2012-09-29,371943035,2013-10-24,2013-11-23,76.69,No,2013-11-15,Electronic,22,0,On Time,On Time,2013-10-01,1
391,5196-TWQXF,2012-06-20,374328279,2013-07-08,2013-08-07,60,No,2013-08-02,Electronic,25,0,On Time,On Time,2013-07-01,1
770,7856-ODQFO,2012-08-05,374625254,2013-04-03,2013-05-03,37.82,No,2013-04-25,Electronic,22,0,On Time,On Time,2013-04-01,1
897,9250-VHLWY,2013-06-03,374628242,2013-05-09,2013-06-08,29.93,No,2013-05-28,Paper,19,0,On Time,On Time,2013-05-01,1
391,2125-HJDLA,2012-05-22,380292674,2013-03-02,2013-04-01,26.83,No,2013-04-10,Electronic,39,9,Late,8–14 Days Late,2013-03-01,3
897,8942-ERSWK,2013-01-11,381841466,2013-11-12,2013-12-12,32.95,No,2013-11-15,Electronic,3,0,On Time,On Time,2013-11-01,1
391,2820-XGXSB,2012-01-26,385813290,2012-05-07,2012-06-06,73.9,No,2012-05-08,Electronic,1,0,On Time,On Time,2012-05-01,1
770,6077-FDQRK,2012-09-11,387380707,2012-08-20,2012-09-19,62.95,No,2012-09-15,Paper,26,0,On Time,On Time,2012-08-01,1
818,3568-JJMFW,2012-01-09,391669562,2012-08-08,2012-09-07,71.98,Yes,2012-09-04,Electronic,27,0,On Time,On Time,2012-08-01,1
406,7245-CKNCN,2012-06-04,401983784,2013-08-17,2013-09-16,51.6,No,2013-09-04,Electronic,18,0,On Time,On Time,2013-08-01,1
897,8942-ERSWK,2013-01-11,420999665,2013-04-21,2013-05-21,34.12,Yes,2013-05-10,Electronic,19,0,On Time,On Time,2013-04-01,1
391,3598-DNURW,2012-08-29,423629217,2012-08-09,2012-09-08,57.34,No,2012-09-03,Paper,25,0,On Time,On Time,2012-08-01,1
406,5284-DJOZO,2012-09-11,428154463,2012-05-03,2012-06-02,39.51,No,2012-05-21,Paper,18,0,On Time,On Time,2012-05-01,1
391,6708-DPYTF,2012-08-02,428957919,2012-02-13,2012-03-14,86.74,No,2012-03-30,Paper,46,16,Late,15–30 Days Late,2012-02-01,4
406,4651-PMEXQ,2012-07-04,449356610,2013-01-04,2013-02-03,77.46,No,2013-01-24,Electronic,20,0,On Time,On Time,2013-01-01,1
391,5529-TBPGK,2013-08-09,451448142,2012-11-20,2012-12-20,55.81,No,2012-12-15,Paper,25,0,On Time,On Time,2012-11-01,1
406,7245-CKNCN,2012-06-04,472551457,2013-07-20,2013-08-19,66.28,No,2013-08-04,Electronic,15,0,On Time,On Time,2013-07-01,1
391,0379-NEVHP,2013-04-06,476918544,2013-02-14,2013-03-16,55.21,No,2013-03-03,Paper,17,0,On Time,On Time,2013-02-01,1
391,9014-WENVB,2013-08-03,479534953,2013-04-13,2013-05-13,65.83,No,2013-06-02,Paper,50,20,Late,15–30 Days Late,2013-04-01,4
770,4460-ZXNDN,2013-06-27,485064626,2012-10-06,2012-11-05,80.31,No,2012-11-13,Paper,38,8,Late,8–14 Days Late,2012-10-01,3
770,7856-ODQFO,2012-08-05,488925270,2013-05-18,2013-06-17,40.54,No,2013-06-07,Electronic,20,0,On Time,On Time,2013-05-01,1
770,0706-NRGUP,2013-04-09,489697015,2012-04-16,2012-05-16,41.44,No,2012-05-22,Paper,36,6,Late,1–7 Days Late,2012-04-01,2
770,6831-FIODB,2013-05-08,490252754,2013-05-08,2013-06-07,36.29,No,2013-06-14,Paper,37,7,Late,1–7 Days Late,2013-05-01,2
770,2687-XWAMA,2013-04-03,493580936,2012-06-17,2012-07-17,60.22,Yes,2012-07-24,Paper,37,7,Late,1–7 Days Late,2012-06-01,2
391,9212-BTDMX,2012-04-22,496849530,2013-06-02,2013-07-02,59.71,No,2013-06-16,Electronic,14,0,On Time,On Time,2013-06-01,1
897,6296-UKEUZ,2012-11-26,497305913,2012-11-07,2012-12-07,54.74,Yes,2012-11-29,Paper,22,0,On Time,On Time,2012-11-01,1
406,6048-QPZCF,2012-07-13,498009655,2012-08-24,2012-09-23,76.34,Yes,2012-09-19,Electronic,26,0,On Time,On Time,2012-08-01,1
897,1408-OQZUE,2012-09-14,500975230,2013-04-18,2013-05-18,37.81,No,2013-05-23,Electronic,35,5,Late,1–7 Days Late,2013-04-01,2
897,6177-VTITE,2012-10-26,511851896,2012-12-26,2013-01-25,8.27,No,2013-01-06,Electronic,11,0,On Time,On Time,2012-12-01,1
391,8156-PCYBM,2012-03-03,512194602,2012-03-28,2012-04-27,64.4,No,2012-04-28,Electronic,31,1,Late,1–7 Days Late,2012-03-01,2
770,0465-DTULQ,2013-03-04,514496777,2012-09-14,2012-10-14,32.86,No,2012-10-17,Paper,33,3,Late,1–7 Days Late,2012-09-01,2
770,7228-LEPPM,2012-04-30,519700354,2012-03-09,2012-04-08,32.17,No,2012-04-18,Paper,40,10,Late,8–14 Days Late,2012-03-01,3
897,9883-SDWFS,2013-07-08,523612895,2012-04-17,2012-05-17,28.77,No,2012-05-24,Paper,37,7,Late,1–7 Days Late,2012-04-01,2
391,6632-CGYHU,2013-01-08,524611481,2012-10-05,2012-11-04,57.86,No,2012-10-23,Paper,18,0,On Time,On Time,2012-10-01,1
406,5573-KSOIA,2013-09-30,524798729,2013-10-19,2013-11-18,57.78,No,2013-11-16,Electronic,28,0,On Time,On Time,2013-10-01,1
406,5164-VMYWJ,2013-11-27,528993923,2013-02-22,2013-03-24,90.22,No,2013-03-14,Paper,20,0,On Time,On Time,2013-02-01,1
391,6160-HCSFI,2013-01-10,533597326,2012-08-20,2012-09-19,65.49,No,2012-09-12,Paper,23,0,On Time,On Time,2012-08-01,1
391,5529-TBPGK,2013-08-09,535335924,2012-07-10,2012-08-09,57.88,No,2012-08-21,Paper,42,12,Late,8–14 Days Late,2012-07-01,3
391,2676-DZINU,2012-10-19,535641538,2012-04-26,2012-05-26,65.01,No,2012-05-18,Paper,22,0,On Time,On Time,2012-04-01,1
406,2621-XCLEH,2012-09-24,537837854,2012-02-21,2012-03-22,79.51,No,2012-04-07,Paper,46,16,Late,15–30 Days Late,2012-02-01,4
406,8389-TCXFQ,2012-08-24,540061441,2013-01-30,2013-03-01,85.5,No,2013-02-13,Electronic,14,0,On Time,On Time,2013-01-01,1
897,6177-VTITE,2012-10-26,540659475,2013-02-05,2013-03-07,39.33,Yes,2013-03-06,Electronic,29,0,On Time,On Time,2013-02-01,1
770,7050-KQLDO,2012-09-29,552732928,2013-06-16,2013-07-16,62.26,No,2013-07-03,Electronic,17,0,On Time,On Time,2013-06-01,1
406,9725-EZTEJ,2012-03-17,555108669,2012-05-02,2012-06-01,116.78,Yes,2012-05-23,Electronic,21,0,On Time,On Time,2012-05-01,1
770,4460-ZXNDN,2013-06-27,557941160,2013-09-01,2013-10-01,73.77,Yes,2013-10-16,Electronic,45,15,Late,15–30 Days Late,2013-09-01,4
818,8887-NCUZC,2013-01-22,561711596,2013-04-16,2013-05-16,37.38,Yes,2013-05-21,Electronic,35,5,Late,1–7 Days Late,2013-04-01,2
818,5875-VZQCZ,2013-07-15,565497922,2012-10-30,2012-11-29,60.8,No,2012-11-24,Paper,25,0,On Time,On Time,2012-10-01,1
770,4460-ZXNDN,2013-06-27,572625167,2013-05-24,2013-06-23,102.98,No,2013-06-25,Paper,32,2,Late,1–7 Days Late,2013-05-01,2
406,4640-FGEJI,2013-04-04,572998733,2012-04-19,2012-05-19,70.02,No,2012-05-21,Paper,32,2,Late,1–7 Days Late,2012-04-01,2
897,0688-XNJRO,2012-06-24,578091983,2012-12-13,2013-01-12,36.09,No,2013-01-30,Electronic,48,18,Late,15–30 Days Late,2012-12-01,4
897,9883-SDWFS,2013-07-08,586870094,2012-03-29,2012-04-28,14.94,Yes,2012-05-13,Paper,45,15,Late,15–30 Days Late,2012-03-01,4
391,5529-TBPGK,2013-08-09,588467684,2013-03-12,2013-04-11,46.63,No,2013-04-11,Paper,30,0,On Time,On Time,2013-03-01,1
391,0709-LZRJV,2013-06-20,598324396,2012-07-07,2012-08-06,10.92,No,2012-08-16,Paper,40,10,Late,8–14 Days Late,2012-07-01,3
818,8887-NCUZC,2013-01-22,601440262,2012-05-30,2012-06-29,42.76,Yes,2012-07-09,Paper,40,10,Late,8–14 Days Late,2012-05-01,3
391,9841-XLGBV,2013-01-03,601606458,2012-10-25,2012-11-24,50.97,No,2012-11-16,Paper,22,0,On Time,On Time,2012-10-01,1
391,9212-BTDMX,2012-04-22,604769805,2013-02-21,2013-03-23,73.59,No,2013-03-01,Electronic,8,0,On Time,On Time,2013-02-01,1
770,9928-IJYBQ,2012-03-18,606876865,2013-03-09,2013-04-08,46.61,No,2013-04-16,Electronic,38,8,Late,8–14 Days Late,2013-03-01,3
406,4092-ZAVRG,2012-05-19,607578995,2012-09-28,2012-10-28,60.14,No,2012-10-04,Electronic,6,0,On Time,On Time,2012-09-01,1
391,2820-XGXSB,2012-01-26,608187073,2013-05-25,2013-06-24,56.09,No,2013-05-28,Electronic,3,0,On Time,On Time,2013-05-01,1
391,0709-LZRJV,2013-06-20,608905626,2012-09-27,2012-10-27,61.07,No,2012-10-23,Paper,26,0,On Time,On Time,2012-09-01,1
406,4640-FGEJI,2013-04-04,613092852,2013-03-07,2013-04-06,90.34,No,2013-04-08,Paper,32,2,Late,1–7 Days Late,2013-03-01,2
818,3568-JJMFW,2012-01-09,617172736,2013-04-03,2013-05-03,77.79,Yes,2013-05-03,Electronic,30,0,On Time,On Time,2013-04-01,1
818,6627-ELFBK,2012-11-26,620329407,2013-02-15,2013-03-17,76.5,Yes,2013-04-01,Electronic,45,15,Late,15–30 Days Late,2013-02-01,4
406,7938-EVASK,2012-12-15,624274413,2013-08-14,2013-09-13,44.09,No,2013-09-24,Electronic,41,11,Late,8–14 Days Late,2013-08-01,3
770,2447-JCFGW,2012-07-31,627613977,2012-04-06,2012-05-06,35.67,No,2012-05-03,Paper,27,0,On Time,On Time,2012-04-01,1
897,7654-DOLHO,2012-04-04,631345640,2013-09-19,2013-10-19,23.62,No,2013-10-13,Electronic,24,0,On Time,On Time,2013-09-01,1
770,9149-MATVB,2013-04-30,633253847,2013-04-01,2013-05-01,50.95,No,2013-04-25,Paper,24,0,On Time,On Time,2013-04-01,1
770,9149-MATVB,2013-04-30,640587193,2012-12-24,2013-01-23,64.18,No,2013-01-18,Paper,25,0,On Time,On Time,2012-12-01,1
406,4651-PMEXQ,2012-07-04,641122100,2012-11-03,2012-12-03,49.01,No,2012-11-28,Electronic,25,0,On Time,On Time,2012-11-01,1
391,1080-NDGAE,2012-09-28,641300165,2013-09-12,2013-10-12,94.57,Yes,2013-10-14,Electronic,32,2,Late,1–7 Days Late,2013-09-01,2
818,8887-NCUZC,2013-01-22,641436694,2013-02-11,2013-03-13,26.37,No,2013-03-04,Electronic,21,0,On Time,On Time,2013-02-01,1
391,7841-HROAQ,2013-09-15,642684114,2012-06-20,2012-07-20,63.36,No,2012-07-08,Paper,18,0,On Time,On Time,2012-06-01,1
391,2125-HJDLA,2012-05-22,645045061,2012-10-26,2012-11-25,43.18,No,2012-11-24,Electronic,29,0,On Time,On Time,2012-10-01,1
391,6160-HCSFI,2013-01-10,647569317,2013-10-20,2013-11-19,92.57,No,2013-11-01,Electronic,12,0,On Time,On Time,2013-10-01,1
818,8887-NCUZC,2013-01-22,649688883,2013-11-03,2013-12-03,52.14,No,2013-11-28,Electronic,25,0,On Time,On Time,2013-11-01,1
391,5920-DPXLN,2012-11-11,649771974,2013-04-26,2013-05-26,68.35,No,2013-05-07,Electronic,11,0,On Time,On Time,2013-04-01,1
818,8364-UWVLM,2012-11-10,658936368,2013-05-17,2013-06-16,69.82,No,2013-06-03,Electronic,17,0,On Time,On Time,2013-05-01,1
406,5573-KSOIA,2013-09-30,659596494,2012-12-05,2013-01-04,75.65,Yes,2013-01-14,Paper,40,10,Late,8–14 Days Late,2012-12-01,3
818,8102-ABPKQ,2013-08-29,666874152,2012-08-18,2012-09-17,57.38,Yes,2012-09-29,Paper,42,12,Late,8–14 Days Late,2012-08-01,3
391,2125-HJDLA,2012-05-22,672948510,2012-11-09,2012-12-09,57.37,No,2012-12-05,Electronic,26,0,On Time,On Time,2012-11-01,1
818,5924-UOPGH,2013-06-06,674518601,2012-07-28,2012-08-27,94.42,No,2012-08-18,Paper,21,0,On Time,On Time,2012-07-01,1
818,1604-LIFKX,2013-03-16,676551273,2012-10-13,2012-11-12,82.74,No,2012-12-01,Paper,49,19,Late,15–30 Days Late,2012-10-01,4
770,7260-ZHAKS,2012-06-17,678458928,2012-08-21,2012-09-20,67.74,No,2012-09-07,Electronic,17,0,On Time,On Time,2012-08-01,1
770,2026-XLBER,2012-11-12,679404840,2013-10-07,2013-11-06,49.73,No,2013-10-17,Electronic,10,0,On Time,On Time,2013-10-01,1
818,9181-HEKGV,2013-10-16,681101344,2012-08-27,2012-09-26,85.06,No,2012-09-22,Paper,26,0,On Time,On Time,2012-08-01,1
406,7600-OISKG,2013-07-19,681889913,2013-07-24,2013-08-23,48.17,Yes,2013-08-22,Electronic,29,0,On Time,On Time,2013-07-01,1
770,9928-IJYBQ,2012-03-18,684720070,2012-04-03,2012-05-03,66.25,Yes,2012-05-15,Electronic,42,12,Late,8–14 Days Late,2012-04-01,3
406,9725-EZTEJ,2012-03-17,685917930,2012-10-13,2012-11-12,124.38,Yes,2012-11-10,Electronic,28,0,On Time,On Time,2012-10-01,1
818,9181-HEKGV,2013-10-16,689403769,2013-09-29,2013-10-29,76.09,Yes,2013-11-11,Paper,43,13,Late,8–14 Days Late,2013-09-01,3
406,7600-OISKG,2013-07-19,700683520,2012-02-11,2012-03-12,65.67,Yes,2012-03-12,Paper,30,0,On Time,On Time,2012-02-01,1
391,8820-BLYDZ,2013-03-19,703104577,2013-03-31,2013-04-30,73.49,No,2013-04-02,Electronic,2,0,On Time,On Time,2013-03-01,1
406,5284-DJOZO,2012-09-11,704405155,2012-04-28,2012-05-28,67.34,No,2012-05-15,Paper,17,0,On Time,On Time,2012-04-01,1
406,1447-YZKCL,2012-08-10,705084741,2013-05-02,2013-06-01,56.39,No,2013-05-28,Electronic,26,0,On Time,On Time,2013-05-01,1
406,7600-OISKG,2013-07-19,706375400,2013-05-12,2013-06-11,54.99,Yes,2013-06-15,Paper,34,4,Late,1–7 Days Late,2013-05-01,2
897,3271-YDPUJ,2013-04-02,725765758,2012-04-08,2012-05-08,76.71,Yes,2012-05-25,Paper,47,17,Late,15–30 Days Late,2012-04-01,4
770,6831-FIODB,2013-05-08,726197794,2013-04-11,2013-05-11,41.94,Yes,2013-05-22,Paper,41,11,Late,8–14 Days Late,2013-04-01,3
818,8102-ABPKQ,2013-08-29,728378151,2013-06-25,2013-07-25,80.68,Yes,2013-08-08,Paper,44,14,Late,8–14 Days Late,2013-06-01,3
818,6004-KITZM,2013-09-01,733170200,2012-12-09,2013-01-08,71.71,No,2012-12-29,Paper,20,0,On Time,On Time,2012-12-01,1
897,1408-OQZUE,2012-09-14,739678368,2013-07-04,2013-08-03,42.36,No,2013-08-06,Electronic,33,3,Late,1–7 Days Late,2013-07-01,2
897,8690-EEBEO,2012-12-05,744801013,2013-03-01,2013-03-31,61.04,No,2013-04-07,Electronic,37,7,Late,1–7 Days Late,2013-03-01,2
391,9212-BTDMX,2012-04-22,744808791,2012-12-13,2013-01-12,53.91,No,2012-12-28,Electronic,15,0,On Time,On Time,2012-12-01,1
770,0625-TNJFG,2013-08-15,748230672,2013-05-11,2013-06-10,53.01,No,2013-06-05,Paper,25,0,On Time,On Time,2013-05-01,1
770,6831-FIODB,2013-05-08,750411142,2012-11-27,2012-12-27,59.71,No,2012-12-29,Paper,32,2,Late,1–7 Days Late,2012-11-01,2
406,5284-DJOZO,2012-09-11,750477087,2012-10-24,2012-11-23,94.88,No,2012-10-26,Electronic,2,0,On Time,On Time,2012-10-01,1
770,5592-UQXSS,2012-12-31,755429128,2013-10-06,2013-11-05,43.12,Yes,2013-11-10,Electronic,35,5,Late,1–7 Days Late,2013-10-01,2
897,0688-XNJRO,2012-06-24,760825845,2013-08-10,2013-09-09,40.58,No,2013-09-18,Electronic,39,9,Late,8–14 Days Late,2013-08-01,3
770,0625-TNJFG,2013-08-15,761602627,2013-09-07,2013-10-07,64.16,Yes,2013-10-18,Electronic,41,11,Late,8–14 Days Late,2013-09-01,3
391,9174-IYKOC,2012-11-27,762698565,2012-05-12,2012-06-11,74.7,No,2012-06-04,Paper,23,0,On Time,On Time,2012-05-01,1
818,5613-UHVMG,2012-05-31,764361492,2012-11-17,2012-12-17,63.8,Yes,2013-01-05,Electronic,49,19,Late,15–30 Days Late,2012-11-01,4
406,5573-KSOIA,2013-09-30,769617971,2013-01-17,2013-02-16,86.27,Yes,2013-02-28,Paper,42,12,Late,8–14 Days Late,2013-01-01,3
818,8364-UWVLM,2012-11-10,773493683,2013-09-15,2013-10-15,65.36,Yes,2013-10-21,Electronic,36,6,Late,1–7 Days Late,2013-09-01,2
406,5164-VMYWJ,2013-11-27,775479959,2013-09-01,2013-10-01,65.9,No,2013-10-03,Paper,32,2,Late,1–7 Days Late,2013-09-01,2
406,3448-OWJOT,2012-09-15,781909762,2013-07-30,2013-08-29,66.71,Yes,2013-09-09,Electronic,41,11,Late,8–14 Days Late,2013-07-01,3
770,6077-FDQRK,2012-09-11,784468555,2013-09-25,2013-10-25,18.9,Yes,2013-10-25,Electronic,30,0,On Time,On Time,2013-09-01,1
406,4640-FGEJI,2013-04-04,806089606,2013-09-12,2013-10-12,76.18,Yes,2013-10-05,Electronic,23,0,On Time,On Time,2013-09-01,1
406,9758-AIEIK,2012-04-23,816501620,2012-08-20,2012-09-19,33.82,No,2012-09-07,Electronic,18,0,On Time,On Time,2012-08-01,1
391,9212-BTDMX,2012-04-22,818753502,2013-01-15,2013-02-14,48.18,No,2013-02-04,Electronic,20,0,On Time,On Time,2013-01-01,1
406,5573-KSOIA,2013-09-30,822444456,2012-10-13,2012-11-12,102.61,Yes,2012-11-30,Paper,48,18,Late,15–30 Days Late,2012-10-01,4
391,7209-MDWKR,2013-10-09,826558350,2013-06-24,2013-07-24,49.68,No,2013-07-30,Paper,36,6,Late,1–7 Days Late,2013-06-01,2
391,5196-TWQXF,2012-06-20,828222998,2012-04-13,2012-05-13,77.6,No,2012-05-18,Paper,35,5,Late,1–7 Days Late,2012-04-01,2
897,8942-ERSWK,2013-01-11,839049806,2013-09-18,2013-10-18,19.82,No,2013-09-22,Electronic,4,0,On Time,On Time,2013-09-01,1
391,6708-DPYTF,2012-08-02,839756390,2013-11-25,2013-12-25,76.18,No,2013-12-31,Electronic,36,6,Late,1–7 Days Late,2013-11-01,2
406,5284-DJOZO,2012-09-11,847327295,2012-08-04,2012-09-03,72.95,Yes,2012-09-09,Paper,36,6,Late,1–7 Days Late,2012-08-01,2
391,1080-NDGAE,2012-09-28,857712918,2013-02-22,2013-03-24,93.39,Yes,2013-04-04,Electronic,41,11,Late,8–14 Days Late,2013-02-01,3
406,0783-PEPYR,2013-11-27,858258272,2013-09-30,2013-10-30,43.67,No,2013-11-10,Paper,41,11,Late,8–14 Days Late,2013-09-01,3
391,5196-TWQXF,2012-06-20,863594173,2012-02-25,2012-03-26,65.6,No,2012-04-01,Paper,36,6,Late,1–7 Days Late,2012-02-01,2
391,0379-NEVHP,2013-04-06,869802822,2012-09-01,2012-10-01,69.55,No,2012-09-23,Paper,22,0,On Time,On Time,2012-09-01,1
406,6048-QPZCF,2012-07-13,870792057,2012-03-19,2012-04-18,73.92,No,2012-03-24,Paper,5,0,On Time,On Time,2012-03-01,1
818,5875-VZQCZ,2013-07-15,872319562,2013-09-18,2013-10-18,46.17,No,2013-10-02,Electronic,14,0,On Time,On Time,2013-09-01,1
391,5920-DPXLN,2012-11-11,873433318,2012-05-05,2012-06-04,82.2,No,2012-05-24,Paper,19,0,On Time,On Time,2012-05-01,1
897,9883-SDWFS,2013-07-08,874115043,2012-05-08,2012-06-07,41.25,Yes,2012-06-20,Paper,43,13,Late,8–14 Days Late,2012-05-01,3
770,9149-MATVB,2013-04-30,874394980,2013-03-14,2013-04-13,23.92,No,2013-04-16,Paper,33,3,Late,1–7 Days Late,2013-03-01,2
818,6627-ELFBK,2012-11-26,876573329,2013-03-27,2013-04-26,71.39,Yes,2013-05-04,Electronic,38,8,Late,8–14 Days Late,2013-03-01,3
391,5529-TBPGK,2013-08-09,881665013,2012-12-25,2013-01-24,37.97,Yes,2013-02-11,Paper,48,18,Late,15–30 Days Late,2012-12-01,4
406,6048-QPZCF,2012-07-13,882058462,2012-02-08,2012-03-09,86.44,Yes,2012-03-01,Paper,22,0,On Time,On Time,2012-02-01,1
406,7245-CKNCN,2012-06-04,883694015,2013-09-14,2013-10-14,92.77,No,2013-09-26,Electronic,12,0,On Time,On Time,2013-09-01,1
770,3831-FXWYK,2013-03-08,884183285,2013-09-27,2013-10-27,53.05,No,2013-10-23,Electronic,26,0,On Time,On Time,2013-09-01,1
818,8364-UWVLM,2012-11-10,886237244,2012-06-30,2012-07-30,74.84,Yes,2012-08-05,Paper,36,6,Late,1–7 Days Late,2012-06-01,2
406,7600-OISKG,2013-07-19,889501782,2012-04-30,2012-05-30,97.06,Yes,2012-05-30,Paper,30,0,On Time,On Time,2012-04-01,1
897,6391-GBFQJ,2013-11-25,893037091,2012-02-09,2012-03-10,6.43,No,2012-02-25,Paper,16,0,On Time,On Time,2012-02-01,1
406,4092-ZAVRG,2012-05-19,893342729,2012-10-23,2012-11-22,84.43,Yes,2012-11-21,Electronic,29,0,On Time,On Time,2012-10-01,1
770,6831-FIODB,2013-05-08,893954880,2013-05-22,2013-06-21,51.92,No,2013-06-16,Electronic,25,0,On Time,On Time,2013-05-01,1
770,0465-DTULQ,2013-03-04,902573987,2013-03-01,2013-03-31,68.35,No,2013-03-31,Paper,30,0,On Time,On Time,2013-03-01,1
406,6833-ETVHD,2012-04-30,903308758,2012-04-23,2012-05-23,73.87,No,2012-05-16,Paper,23,0,On Time,On Time,2012-04-01,1
770,2447-JCFGW,2012-07-31,905360282,2013-01-24,2013-02-23,73.28,No,2013-02-13,Electronic,20,0,On Time,On Time,2013-01-01,1
391,5529-TBPGK,2013-08-09,907309591,2012-05-29,2012-06-28,64.78,No,2012-06-29,Paper,31,1,Late,1–7 Days Late,2012-05-01,2
818,5924-UOPGH,2013-06-06,910054452,2012-04-13,2012-05-13,84.43,No,2012-05-01,Paper,18,0,On Time,On Time,2012-04-01,1
391,3569-VJWXS,2013-04-09,910348225,2012-08-18,2012-09-17,102.96,No,2012-09-15,Paper,28,0,On Time,On Time,2012-08-01,1
818,9181-HEKGV,2013-10-16,910856055,2013-08-21,2013-09-20,72.55,Yes,2013-10-09,Paper,49,19,Late,15–30 Days Late,2013-08-01,4
406,8976-AMJEO,2012-03-03,915133709,2012-11-11,2012-12-11,59.8,No,2012-12-07,Electronic,26,0,On Time,On Time,2012-11-01,1
391,1080-NDGAE,2012-09-28,915652542,2012-01-05,2012-02-04,78.29,Yes,2012-02-13,Paper,39,9,Late,8–14 Days Late,2012-01-01,3
770,6077-FDQRK,2012-09-11,921537795,2012-12-30,2013-01-29,49.84,No,2013-01-16,Electronic,17,0,On Time,On Time,2012-12-01,1
391,7841-HROAQ,2013-09-15,929902016,2013-05-18,2013-06-17,64.3,No,2013-06-14,Paper,27,0,On Time,On Time,2013-05-01,1
406,7938-EVASK,2012-12-15,934328892,2012-07-05,2012-08-04,59.67,No,2012-08-08,Paper,34,4,Late,1–7 Days Late,2012-07-01,2
897,0688-XNJRO,2012-06-24,936925570,2012-12-10,2013-01-09,30.98,No,2013-01-17,Electronic,38,8,Late,8–14 Days Late,2012-12-01,3
818,7946-HJDUR,2012-02-21,938015647,2013-04-22,2013-05-22,49.03,No,2013-05-15,Electronic,23,0,On Time,On Time,2013-04-01,1
406,7245-CKNCN,2012-06-04,939622166,2012-09-10,2012-10-10,85.36,No,2012-09-29,Electronic,19,0,On Time,On Time,2012-09-01,1
406,4640-FGEJI,2013-04-04,940363147,2012-11-02,2012-12-02,99.34,No,2012-12-05,Paper,33,3,Late,1–7 Days Late,2012-11-01,2
391,0379-NEVHP,2013-04-06,951035745,2013-06-05,2013-07-05,57.04,No,2013-06-19,Electronic,14,0,On Time,On Time,2013-06-01,1
406,4640-FGEJI,2013-04-04,956388773,2012-06-17,2012-07-17,58.13,Yes,2012-07-28,Paper,41,11,Late,8–14 Days Late,2012-06-01,3
770,4460-ZXNDN,2013-06-27,959092964,2013-01-15,2013-02-14,72.05,Yes,2013-03-10,Paper,54,24,Late,15–30 Days Late,2013-01-01,4
406,7938-EVASK,2012-12-15,975332365,2013-07-17,2013-08-16,72.1,No,2013-08-14,Electronic,28,0,On Time,On Time,2013-07-01,1
770,0706-NRGUP,2013-04-09,979439975,2012-11-24,2012-12-24,39.62,No,2013-01-10,Paper,47,17,Late,15–30 Days Late,2012-11-01,4
897,0688-XNJRO,2012-06-24,981596189,2012-06-07,2012-07-07,45.79,No,2012-07-28,Paper,51,21,Late,15–30 Days Late,2012-06-01,4
818,9181-HEKGV,2013-10-16,986187012,2012-01-27,2012-02-26,86.92,Yes,2012-03-08,Paper,41,11,Late,8–14 Days Late,2012-01-01,3
391,5920-DPXLN,2012-11-11,990527729,2012-11-04,2012-12-04,58.73,No,2012-12-09,Paper,35,5,Late,1–7 Days Late,2012-11-01,2
770,3831-FXWYK,2013-03-08,1006151066,2012-11-24,2012-12-24,83.66,No,2013-01-03,Paper,40,10,Late,8–14 Days Late,2012-11-01,3
897,9883-SDWFS,2013-07-08,1006769217,2012-09-14,2012-10-14,33.86,No,2012-10-19,Paper,35,5,Late,1–7 Days Late,2012-09-01,2
897,1408-OQZUE,2012-09-14,1012251297,2012-02-21,2012-03-22,26.05,Yes,2012-04-21,Paper,60,30,Late,15–30 Days Late,2012-02-01,4
391,6160-HCSFI,2013-01-10,1014106295,2012-06-14,2012-07-14,65.57,No,2012-07-02,Paper,18,0,On Time,On Time,2012-06-01,1
406,7245-CKNCN,2012-06-04,1020758229,2013-06-06,2013-07-06,67.19,No,2013-06-20,Electronic,14,0,On Time,On Time,2013-06-01,1
818,3568-JJMFW,2012-01-09,1026638537,2013-07-27,2013-08-26,70.86,Yes,2013-08-23,Electronic,27,0,On Time,On Time,2013-07-01,1
391,5196-TWQXF,2012-06-20,1027852268,2013-09-16,2013-10-16,37.22,No,2013-10-06,Electronic,20,0,On Time,On Time,2013-09-01,1
406,9117-LYRCE,2013-07-05,1035721042,2012-11-11,2012-12-11,11.13,No,2012-12-17,Paper,36,6,Late,1–7 Days Late,2012-11-01,2
391,5529-TBPGK,2013-08-09,1043332774,2012-07-07,2012-08-06,79.09,No,2012-08-06,Paper,30,0,On Time,On Time,2012-07-01,1
897,1168-BEASA,2013-11-06,1047899565,2013-04-14,2013-05-14,57,No,2013-05-04,Paper,20,0,On Time,On Time,2013-04-01,1
770,7228-LEPPM,2012-04-30,1048700348,2013-04-12,2013-05-12,52.67,No,2013-05-19,Electronic,37,7,Late,1–7 Days Late,2013-04-01,2
818,5148-SYKLB,2013-08-28,1054254710,2013-11-21,2013-12-21,75.54,Yes,2013-12-23,Electronic,32,2,Late,1–7 Days Late,2013-11-01,2
406,0783-PEPYR,2013-11-27,1056254354,2013-11-06,2013-12-06,71.78,No,2013-12-06,Paper,30,0,On Time,On Time,2013-11-01,1
897,7372-CESLR,2013-01-11,1057997164,2012-02-17,2012-03-18,20.8,No,2012-03-08,Paper,20,0,On Time,On Time,2012-02-01,1
897,9250-VHLWY,2013-06-03,1061077534,2013-10-03,2013-11-02,53.85,No,2013-10-22,Electronic,19,0,On Time,On Time,2013-10-01,1
391,7841-HROAQ,2013-09-15,1064822506,2013-02-10,2013-03-12,91.89,No,2013-03-07,Paper,25,0,On Time,On Time,2013-02-01,1
770,9149-MATVB,2013-04-30,1066047916,2012-08-15,2012-09-14,48.02,No,2012-09-19,Paper,35,5,Late,1–7 Days Late,2012-08-01,2
770,9323-NDIOV,2012-07-09,1069788528,2012-10-19,2012-11-18,20.23,No,2012-11-18,Electronic,30,0,On Time,On Time,2012-10-01,1
406,3448-OWJOT,2012-09-15,1070459520,2012-03-14,2012-04-13,86.1,Yes,2012-04-28,Paper,45,15,Late,15–30 Days Late,2012-03-01,4
770,7260-ZHAKS,2012-06-17,1072551347,2012-08-30,2012-09-29,60.64,No,2012-09-21,Electronic,22,0,On Time,On Time,2012-08-01,1
897,9883-SDWFS,2013-07-08,1078203507,2013-02-03,2013-03-05,41.96,Yes,2013-03-17,Paper,42,12,Late,8–14 Days Late,2013-02-01,3
391,9212-BTDMX,2012-04-22,1087780845,2013-04-08,2013-05-08,64.81,No,2013-04-25,Electronic,17,0,On Time,On Time,2013-04-01,1
391,6632-CGYHU,2013-01-08,1089324685,2013-03-29,2013-04-28,85.33,No,2013-04-07,Electronic,9,0,On Time,On Time,2013-03-01,1
818,9181-HEKGV,2013-10-16,1099187495,2013-05-20,2013-06-19,75.18,No,2013-06-21,Paper,32,2,Late,1–7 Days Late,2013-05-01,2
406,8976-AMJEO,2012-03-03,1102283094,2012-05-21,2012-06-20,84.81,Yes,2012-06-19,Electronic,29,0,On Time,On Time,2012-05-01,1
406,4640-FGEJI,2013-04-04,1102427426,2012-09-02,2012-10-02,68.57,Yes,2012-10-14,Paper,42,12,Late,8–14 Days Late,2012-09-01,3
897,9883-SDWFS,2013-07-08,1120525583,2013-09-10,2013-10-10,46.73,No,2013-10-10,Electronic,30,0,On Time,On Time,2013-09-01,1
770,7856-ODQFO,2012-08-05,1123460834,2012-11-04,2012-12-04,30.4,No,2012-11-24,Electronic,20,0,On Time,On Time,2012-11-01,1
391,2125-HJDLA,2012-05-22,1124489539,2012-12-07,2013-01-06,42.29,No,2012-12-31,Electronic,24,0,On Time,On Time,2012-12-01,1
818,5613-UHVMG,2012-05-31,1125640611,2013-04-24,2013-05-24,74.11,Yes,2013-06-02,Electronic,39,9,Late,8–14 Days Late,2013-04-01,3
818,3271-HYHDN,2013-04-28,1130346124,2012-05-03,2012-06-02,27.53,No,2012-05-08,Paper,5,0,On Time,On Time,2012-05-01,1
406,4640-FGEJI,2013-04-04,1133671020,2013-06-30,2013-07-30,97.75,No,2013-07-19,Electronic,19,0,On Time,On Time,2013-06-01,1
897,6177-VTITE,2012-10-26,1134404593,2012-06-25,2012-07-25,71.35,No,2012-07-15,Paper,20,0,On Time,On Time,2012-06-01,1
818,5875-VZQCZ,2013-07-15,1138691181,2013-05-27,2013-06-26,55.99,No,2013-06-25,Paper,29,0,On Time,On Time,2013-05-01,1
391,3569-VJWXS,2013-04-09,1148330280,2012-01-27,2012-02-26,58.71,Yes,2012-02-29,Paper,33,3,Late,1–7 Days Late,2012-01-01,2
391,5196-TWQXF,2012-06-20,1157522817,2012-12-04,2013-01-03,61.73,No,2012-12-27,Electronic,23,0,On Time,On Time,2012-12-01,1
897,8690-EEBEO,2012-12-05,1158168123,2012-06-15,2012-07-15,51.35,No,2012-07-27,Paper,42,12,Late,8–14 Days Late,2012-06-01,3
897,9286-VLKMI,2013-02-13,1166745208,2013-11-27,2013-12-27,74.75,Yes,2013-12-07,Electronic,10,0,On Time,On Time,2013-11-01,1
818,3271-HYHDN,2013-04-28,1175501399,2012-05-07,2012-06-06,60.55,No,2012-05-15,Paper,8,0,On Time,On Time,2012-05-01,1
391,6160-HCSFI,2013-01-10,1181151524,2012-08-22,2012-09-21,61.84,No,2012-09-08,Paper,17,0,On Time,On Time,2012-08-01,1
818,5924-UOPGH,2013-06-06,1184394683,2012-09-15,2012-10-15,96.74,Yes,2012-10-29,Paper,44,14,Late,8–14 Days Late,2012-09-01,3
818,5613-UHVMG,2012-05-31,1185375111,2013-09-28,2013-10-28,67.08,Yes,2013-11-08,Electronic,41,11,Late,8–14 Days Late,2013-09-01,3
770,6077-FDQRK,2012-09-11,1187373900,2012-04-06,2012-05-06,82.4,No,2012-04-30,Paper,24,0,On Time,On Time,2012-04-01,1
391,3569-VJWXS,2013-04-09,1190360256,2012-08-07,2012-09-06,92.18,Yes,2012-09-11,Paper,35,5,Late,1–7 Days Late,2012-08-01,2
391,2423-QOKIO,2013-05-11,1199977661,2012-08-06,2012-09-05,47.86,No,2012-09-17,Paper,42,12,Late,8–14 Days Late,2012-08-01,3
818,7946-HJDUR,2012-02-21,1204820381,2012-08-08,2012-09-07,58.32,No,2012-09-12,Electronic,35,5,Late,1–7 Days Late,2012-08-01,2
770,9149-MATVB,2013-04-30,1207140333,2013-01-26,2013-02-25,25.73,No,2013-02-24,Paper,29,0,On Time,On Time,2013-01-01,1
406,7600-OISKG,2013-07-19,1212195050,2012-11-05,2012-12-05,87.51,Yes,2012-11-29,Paper,24,0,On Time,On Time,2012-11-01,1
818,7946-HJDUR,2012-02-21,1221306589,2012-07-03,2012-08-02,79.05,No,2012-07-26,Electronic,23,0,On Time,On Time,2012-07-01,1
770,0465-DTULQ,2013-03-04,1223908099,2012-05-27,2012-06-26,43.09,No,2012-06-20,Paper,24,0,On Time,On Time,2012-05-01,1
770,9323-NDIOV,2012-07-09,1228800351,2012-01-14,2012-02-13,47.48,No,2012-02-29,Paper,46,16,Late,15–30 Days Late,2012-01-01,4
770,0625-TNJFG,2013-08-15,1234438336,2012-03-06,2012-04-05,41.89,No,2012-03-28,Paper,22,0,On Time,On Time,2012-03-01,1
897,1168-BEASA,2013-11-06,1241888754,2013-05-01,2013-05-31,49.96,Yes,2013-06-15,Paper,45,15,Late,15–30 Days Late,2013-05-01,4
406,5573-KSOIA,2013-09-30,1250631704,2013-03-31,2013-04-30,57.12,No,2013-05-02,Paper,32,2,Late,1–7 Days Late,2013-03-01,2
406,6833-ETVHD,2012-04-30,1254790458,2012-11-12,2012-12-12,72.88,No,2012-11-25,Electronic,13,0,On Time,On Time,2012-11-01,1
897,3676-CQAIF,2013-07-29,1256452795,2012-05-17,2012-06-16,41.29,No,2012-06-26,Paper,40,10,Late,8–14 Days Late,2012-05-01,3
406,9322-YCTQO,2012-04-06,1264381785,2013-04-29,2013-05-29,54.5,No,2013-05-24,Electronic,25,0,On Time,On Time,2013-04-01,1
818,2824-HJQPP,2013-09-04,1266309366,2012-10-26,2012-11-25,46.05,No,2012-11-17,Paper,22,0,On Time,On Time,2012-10-01,1
770,9149-MATVB,2013-04-30,1267973660,2012-10-10,2012-11-09,45.31,No,2012-11-09,Paper,30,0,On Time,On Time,2012-10-01,1
391,2423-QOKIO,2013-05-11,1280597932,2012-02-26,2012-03-27,56.42,No,2012-03-18,Paper,21,0,On Time,On Time,2012-02-01,1
818,7946-HJDUR,2012-02-21,1281236095,2013-06-21,2013-07-21,58.4,No,2013-07-21,Electronic,30,0,On Time,On Time,2013-06-01,1
406,9322-YCTQO,2012-04-06,1281718631,2013-07-12,2013-08-11,92.35,No,2013-08-12,Electronic,31,1,Late,1–7 Days Late,2013-07-01,2
391,3569-VJWXS,2013-04-09,1282903123,2012-12-25,2013-01-24,59.32,No,2013-01-16,Paper,22,0,On Time,On Time,2012-12-01,1
406,4632-QZOKX,2013-03-19,1294595544,2012-02-18,2012-03-19,72.18,Yes,2012-04-04,Paper,46,16,Late,15–30 Days Late,2012-02-01,4
406,3448-OWJOT,2012-09-15,1297791719,2012-01-15,2012-02-14,48.64,Yes,2012-02-16,Paper,32,2,Late,1–7 Days Late,2012-01-01,2
897,9460-VAZGD,2013-08-10,1300298448,2012-09-16,2012-10-16,58.21,No,2012-10-05,Paper,19,0,On Time,On Time,2012-09-01,1
818,5875-VZQCZ,2013-07-15,1308410672,2013-09-13,2013-10-13,76.03,No,2013-09-25,Electronic,12,0,On Time,On Time,2013-09-01,1
770,3993-QUNVJ,2012-12-31,1310667812,2012-03-18,2012-04-17,60.93,No,2012-04-02,Paper,15,0,On Time,On Time,2012-03-01,1
818,3271-HYHDN,2013-04-28,1311607288,2012-10-13,2012-11-12,58.41,No,2012-10-18,Paper,5,0,On Time,On Time,2012-10-01,1
818,9181-HEKGV,2013-10-16,1314367195,2012-06-21,2012-07-21,90,No,2012-07-12,Paper,21,0,On Time,On Time,2012-06-01,1
818,7946-HJDUR,2012-02-21,1316332735,2012-10-21,2012-11-20,41.84,No,2012-11-16,Electronic,26,0,On Time,On Time,2012-10-01,1
770,3993-QUNVJ,2012-12-31,1317885189,2013-10-30,2013-11-29,61.54,No,2013-11-10,Electronic,11,0,On Time,On Time,2013-10-01,1
897,0688-XNJRO,2012-06-24,1318038002,2012-09-03,2012-10-03,28.51,No,2012-10-13,Electronic,40,10,Late,8–14 Days Late,2012-09-01,3
897,3676-CQAIF,2013-07-29,1319645642,2013-11-26,2013-12-26,52.38,No,2013-12-31,Electronic,35,5,Late,1–7 Days Late,2013-11-01,2
818,8102-ABPKQ,2013-08-29,1321318878,2013-02-20,2013-03-22,53.11,No,2013-03-27,Paper,35,5,Late,1–7 Days Late,2013-02-01,2
391,6708-DPYTF,2012-08-02,1321403149,2012-02-01,2012-03-02,80.31,No,2012-03-14,Paper,42,12,Late,8–14 Days Late,2012-02-01,3
391,0709-LZRJV,2013-06-20,1323201810,2013-07-27,2013-08-26,58.68,No,2013-08-15,Electronic,19,0,On Time,On Time,2013-07-01,1
406,4651-PMEXQ,2012-07-04,1327547312,2013-02-02,2013-03-04,80.5,No,2013-02-17,Electronic,15,0,On Time,On Time,2013-02-01,1
818,8364-UWVLM,2012-11-10,1336288577,2012-10-19,2012-11-18,75.11,No,2012-11-10,Paper,22,0,On Time,On Time,2012-10-01,1
770,0465-DTULQ,2013-03-04,1342171511,2013-04-23,2013-05-23,27,No,2013-05-19,Electronic,26,0,On Time,On Time,2013-04-01,1
770,7050-KQLDO,2012-09-29,1342472678,2012-09-04,2012-10-04,76.8,No,2012-10-07,Paper,33,3,Late,1–7 Days Late,2012-09-01,2
406,6048-QPZCF,2012-07-13,1349854883,2013-11-06,2013-12-06,78.83,No,2013-11-07,Electronic,1,0,On Time,On Time,2013-11-01,1
391,5529-TBPGK,2013-08-09,1358969544,2012-10-29,2012-11-28,53.13,No,2012-12-02,Paper,34,4,Late,1–7 Days Late,2012-10-01,2
391,3598-DNURW,2012-08-29,1366357246,2012-09-12,2012-10-12,56.44,No,2012-09-28,Electronic,16,0,On Time,On Time,2012-09-01,1
391,0379-NEVHP,2013-04-06,1369975903,2013-01-05,2013-02-04,61.11,No,2013-01-26,Paper,21,0,On Time,On Time,2013-01-01,1
391,2676-DZINU,2012-10-19,1376441638,2012-09-30,2012-10-30,81.25,No,2012-10-22,Paper,22,0,On Time,On Time,2012-09-01,1
406,3448-OWJOT,2012-09-15,1380765648,2012-09-01,2012-10-01,70.1,Yes,2012-10-16,Paper,45,15,Late,15–30 Days Late,2012-09-01,4
391,7209-MDWKR,2013-10-09,1384963125,2013-11-14,2013-12-14,80.14,No,2013-12-07,Electronic,23,0,On Time,On Time,2013-11-01,1
897,9460-VAZGD,2013-08-10,1387296868,2013-06-29,2013-07-29,72.17,No,2013-07-18,Paper,19,0,On Time,On Time,2013-06-01,1
406,5284-DJOZO,2012-09-11,1388703117,2013-10-19,2013-11-18,72.19,No,2013-10-26,Electronic,7,0,On Time,On Time,2013-10-01,1
391,1080-NDGAE,2012-09-28,1388916055,2013-10-22,2013-11-21,94.19,Yes,2013-11-13,Electronic,22,0,On Time,On Time,2013-10-01,1
897,1408-OQZUE,2012-09-14,1390614217,2012-12-25,2013-01-24,28.07,No,2013-01-23,Electronic,29,0,On Time,On Time,2012-12-01,1
391,2820-XGXSB,2012-01-26,1391494244,2013-06-16,2013-07-16,51.52,No,2013-06-25,Electronic,9,0,On Time,On Time,2013-06-01,1
391,7841-HROAQ,2013-09-15,1393928750,2013-11-11,2013-12-11,72.62,No,2013-11-20,Electronic,9,0,On Time,On Time,2013-11-01,1
770,9149-MATVB,2013-04-30,1401167342,2012-10-24,2012-11-23,22.47,No,2012-11-21,Paper,28,0,On Time,On Time,2012-10-01,1
818,7695-NKUXM,2012-11-21,1401765899,2012-03-21,2012-04-20,40.68,Yes,2012-04-11,Paper,21,0,On Time,On Time,2012-03-01,1
818,5924-UOPGH,2013-06-06,1402103956,2012-11-28,2012-12-28,63.76,No,2012-12-24,Paper,26,0,On Time,On Time,2012-11-01,1
770,7228-LEPPM,2012-04-30,1416192974,2012-07-30,2012-08-29,61.86,No,2012-08-28,Electronic,29,0,On Time,On Time,2012-07-01,1
406,5164-VMYWJ,2013-11-27,1419983453,2012-10-18,2012-11-17,70.42,No,2012-11-03,Paper,16,0,On Time,On Time,2012-10-01,1
391,9212-BTDMX,2012-04-22,1422140909,2012-12-08,2013-01-07,53.99,No,2012-12-27,Electronic,19,0,On Time,On Time,2012-12-01,1
391,9212-BTDMX,2012-04-22,1426850927,2013-11-13,2013-12-13,45.2,No,2013-11-30,Electronic,17,0,On Time,On Time,2013-11-01,1
770,0625-TNJFG,2013-08-15,1436243551,2012-06-19,2012-07-19,48.08,No,2012-07-05,Paper,16,0,On Time,On Time,2012-06-01,1
897,0688-XNJRO,2012-06-24,1436424010,2013-11-24,2013-12-24,25.19,No,2014-01-08,Electronic,45,15,Late,15–30 Days Late,2013-11-01,4
391,5920-DPXLN,2012-11-11,1441773397,2012-10-23,2012-11-22,69.11,No,2012-11-09,Paper,17,0,On Time,On Time,2012-10-01,1
770,2687-XWAMA,2013-04-03,1452931813,2013-07-28,2013-08-27,49.13,No,2013-08-02,Electronic,5,0,On Time,On Time,2013-07-01,1
818,8102-ABPKQ,2013-08-29,1454620628,2012-03-15,2012-04-14,66.88,Yes,2012-05-05,Paper,51,21,Late,15–30 Days Late,2012-03-01,4
391,6708-DPYTF,2012-08-02,1459820060,2012-08-04,2012-09-03,46.29,No,2012-09-04,Electronic,31,1,Late,1–7 Days Late,2012-08-01,2
406,9117-LYRCE,2013-07-05,1463367901,2013-04-14,2013-05-14,45.6,Yes,2013-06-08,Paper,55,25,Late,15–30 Days Late,2013-04-01,4
818,3271-HYHDN,2013-04-28,1470244634,2012-09-18,2012-10-18,24.33,No,2012-09-21,Paper,3,0,On Time,On Time,2012-09-01,1
391,6708-DPYTF,2012-08-02,1474447710,2013-11-07,2013-12-07,66.92,No,2013-12-15,Electronic,38,8,Late,8–14 Days Late,2013-11-01,3
391,9014-WENVB,2013-08-03,1482642317,2013-03-14,2013-04-13,78.25,No,2013-04-27,Paper,44,14,Late,8–14 Days Late,2013-03-01,3
897,9883-SDWFS,2013-07-08,1491017498,2012-05-09,2012-06-08,19.23,No,2012-06-02,Paper,24,0,On Time,On Time,2012-05-01,1
406,9117-LYRCE,2013-07-05,1491859500,2013-05-28,2013-06-27,67.72,No,2013-06-24,Paper,27,0,On Time,On Time,2013-05-01,1
818,8364-UWVLM,2012-11-10,1509944878,2013-02-16,2013-03-18,53.51,No,2013-03-07,Electronic,19,0,On Time,On Time,2013-02-01,1
818,5875-VZQCZ,2013-07-15,1519561145,2012-09-26,2012-10-26,56.57,No,2012-10-27,Paper,31,1,Late,1–7 Days Late,2012-09-01,2
391,2820-XGXSB,2012-01-26,1528493654,2012-10-29,2012-11-28,71.85,No,2012-11-02,Electronic,4,0,On Time,On Time,2012-10-01,1
391,7329-TWKLF,2013-11-20,1528599184,2013-06-30,2013-07-30,85.35,No,2013-07-21,Paper,21,0,On Time,On Time,2013-06-01,1
406,3448-OWJOT,2012-09-15,1529029372,2013-03-12,2013-04-11,49.97,Yes,2013-04-14,Electronic,33,3,Late,1–7 Days Late,2013-03-01,2
391,3569-VJWXS,2013-04-09,1536168471,2012-12-19,2013-01-18,63.48,No,2013-01-13,Paper,25,0,On Time,On Time,2012-12-01,1
770,4460-ZXNDN,2013-06-27,1539382510,2012-10-09,2012-11-08,76.79,Yes,2012-12-01,Paper,53,23,Late,15–30 Days Late,2012-10-01,4
897,3271-YDPUJ,2013-04-02,1539465403,2012-02-16,2012-03-17,28.22,No,2012-03-14,Paper,27,0,On Time,On Time,2012-02-01,1
391,6160-HCSFI,2013-01-10,1544728256,2012-12-27,2013-01-26,72.26,No,2013-01-13,Paper,17,0,On Time,On Time,2012-12-01,1
406,4640-FGEJI,2013-04-04,1544966050,2013-04-13,2013-05-13,75.55,No,2013-04-22,Electronic,9,0,On Time,On Time,2013-04-01,1
391,9841-XLGBV,2013-01-03,1553284771,2013-11-04,2013-12-04,65.96,No,2013-11-26,Electronic,22,0,On Time,On Time,2013-11-01,1
391,1080-NDGAE,2012-09-28,1556974311,2013-02-20,2013-03-22,107.94,Yes,2013-03-21,Electronic,29,0,On Time,On Time,2013-02-01,1
818,8102-ABPKQ,2013-08-29,1562504690,2012-03-04,2012-04-03,83.15,Yes,2012-04-20,Paper,47,17,Late,15–30 Days Late,2012-03-01,4
897,6296-UKEUZ,2012-11-26,1564854223,2012-08-13,2012-09-12,31.9,No,2012-08-16,Paper,3,0,On Time,On Time,2012-08-01,1
897,7372-CESLR,2013-01-11,1569984119,2012-12-04,2013-01-03,28.78,No,2012-12-27,Paper,23,0,On Time,On Time,2012-12-01,1
818,3271-HYHDN,2013-04-28,1575926929,2012-11-19,2012-12-19,61.52,No,2012-11-25,Paper,6,0,On Time,On Time,2012-11-01,1
770,5592-UQXSS,2012-12-31,1577746988,2012-07-27,2012-08-26,57.14,Yes,2012-09-07,Paper,42,12,Late,8–14 Days Late,2012-07-01,3
406,4640-FGEJI,2013-04-04,1581104767,2013-01-01,2013-01-31,80.27,No,2013-01-16,Paper,15,0,On Time,On Time,2013-01-01,1
818,5148-SYKLB,2013-08-28,1582683121,2012-04-19,2012-05-19,93.99,Yes,2012-05-18,Paper,29,0,On Time,On Time,2012-04-01,1
897,9286-VLKMI,2013-02-13,1586922908,2013-10-02,2013-11-01,68.48,No,2013-10-03,Electronic,1,0,On Time,On Time,2013-10-01,1
770,3831-FXWYK,2013-03-08,1587873226,2013-07-23,2013-08-22,65.55,No,2013-08-28,Electronic,36,6,Late,1–7 Days Late,2013-07-01,2
770,9149-MATVB,2013-04-30,1591349086,2013-07-13,2013-08-12,51.13,No,2013-08-07,Electronic,25,0,On Time,On Time,2013-07-01,1
391,9174-IYKOC,2012-11-27,1592682714,2013-09-10,2013-10-10,63.58,No,2013-09-29,Electronic,19,0,On Time,On Time,2013-09-01,1
818,5924-UOPGH,2013-06-06,1595456378,2012-07-27,2012-08-26,59.28,No,2012-08-11,Paper,15,0,On Time,On Time,2012-07-01,1
391,0379-NEVHP,2013-04-06,1604888971,2013-05-17,2013-06-16,78.57,Yes,2013-06-12,Electronic,26,0,On Time,On Time,2013-05-01,1
391,5196-TWQXF,2012-06-20,1613828298,2012-08-12,2012-09-11,49.75,No,2012-08-28,Electronic,16,0,On Time,On Time,2012-08-01,1
818,5875-VZQCZ,2013-07-15,1621429066,2012-10-26,2012-11-25,87.55,Yes,2012-11-25,Paper,30,0,On Time,On Time,2012-10-01,1
897,8942-ERSWK,2013-01-11,1621957925,2013-04-15,2013-05-15,22.01,No,2013-04-25,Electronic,10,0,On Time,On Time,2013-04-01,1
406,4651-PMEXQ,2012-07-04,1631213514,2012-10-24,2012-11-23,77.71,No,2012-11-17,Electronic,24,0,On Time,On Time,2012-10-01,1
391,9841-XLGBV,2013-01-03,1633220775,2012-01-09,2012-02-08,41.99,No,2012-02-06,Paper,28,0,On Time,On Time,2012-01-01,1
897,1408-OQZUE,2012-09-14,1652571996,2013-10-14,2013-11-13,54.23,No,2013-11-11,Electronic,28,0,On Time,On Time,2013-10-01,1
406,5573-KSOIA,2013-09-30,1653597509,2012-07-16,2012-08-15,100.63,No,2012-08-19,Paper,34,4,Late,1–7 Days Late,2012-07-01,2
770,5592-UQXSS,2012-12-31,1653708883,2013-11-26,2013-12-26,44.04,No,2013-12-21,Electronic,25,0,On Time,On Time,2013-11-01,1
770,7228-LEPPM,2012-04-30,1657046645,2012-01-29,2012-02-28,27.63,No,2012-03-21,Paper,52,22,Late,15–30 Days Late,2012-01-01,4
897,1408-OQZUE,2012-09-14,1660153943,2012-02-21,2012-03-22,45.08,No,2012-03-28,Paper,36,6,Late,1–7 Days Late,2012-02-01,2
391,6160-HCSFI,2013-01-10,1661281311,2012-03-13,2012-04-12,76.21,No,2012-04-09,Paper,27,0,On Time,On Time,2012-03-01,1
391,7841-HROAQ,2013-09-15,1666441527,2012-12-15,2013-01-14,54.27,Yes,2013-01-28,Paper,44,14,Late,8–14 Days Late,2012-12-01,3
770,7260-ZHAKS,2012-06-17,1669605495,2012-03-20,2012-04-19,82.98,No,2012-04-25,Paper,36,6,Late,1–7 Days Late,2012-03-01,2
406,1447-YZKCL,2012-08-10,1670705301,2013-01-17,2013-02-16,88.36,No,2013-02-22,Electronic,36,6,Late,1–7 Days Late,2013-01-01,2
391,1080-NDGAE,2012-09-28,1671914105,2013-07-10,2013-08-09,83.49,Yes,2013-08-05,Electronic,26,0,On Time,On Time,2013-07-01,1
897,9286-VLKMI,2013-02-13,1671932723,2013-05-20,2013-06-19,66.16,No,2013-05-21,Electronic,1,0,On Time,On Time,2013-05-01,1
897,1408-OQZUE,2012-09-14,1675817832,2012-05-12,2012-06-11,47.42,No,2012-06-20,Paper,39,9,Late,8–14 Days Late,2012-05-01,3
391,5196-TWQXF,2012-06-20,1677488544,2012-07-30,2012-08-29,62.28,No,2012-08-18,Electronic,19,0,On Time,On Time,2012-07-01,1
770,2026-XLBER,2012-11-12,1678077270,2012-04-24,2012-05-24,60.93,No,2012-05-12,Paper,18,0,On Time,On Time,2012-04-01,1
391,7329-TWKLF,2013-11-20,1681500044,2013-06-10,2013-07-10,63.67,No,2013-07-03,Paper,23,0,On Time,On Time,2013-06-01,1
406,6048-QPZCF,2012-07-13,1688223461,2013-05-24,2013-06-23,72.42,No,2013-05-29,Electronic,5,0,On Time,On Time,2013-05-01,1
391,2820-XGXSB,2012-01-26,1691604826,2013-11-20,2013-12-20,82.41,No,2013-11-26,Electronic,6,0,On Time,On Time,2013-11-01,1
897,9460-VAZGD,2013-08-10,1695583002,2013-01-01,2013-01-31,62.32,No,2013-01-28,Paper,27,0,On Time,On Time,2013-01-01,1
391,9174-IYKOC,2012-11-27,1697562316,2013-01-06,2013-02-05,73.09,No,2013-01-19,Electronic,13,0,On Time,On Time,2013-01-01,1
818,8364-UWVLM,2012-11-10,1699566488,2013-02-13,2013-03-15,92.1,No,2013-02-27,Electronic,14,0,On Time,On Time,2013-02-01,1
391,8820-BLYDZ,2013-03-19,1699863695,2012-07-23,2012-08-22,85.33,No,2012-07-30,Paper,7,0,On Time,On Time,2012-07-01,1
406,9725-EZTEJ,2012-03-17,1702975198,2012-11-30,2012-12-30,86.44,Yes,2013-01-02,Electronic,33,3,Late,1–7 Days Late,2012-11-01,2
406,9771-QTLGZ,2012-12-10,1714365400,2013-04-21,2013-05-21,40.38,Yes,2013-05-08,Electronic,17,0,On Time,On Time,2013-04-01,1
391,2423-QOKIO,2013-05-11,1715841585,2012-07-01,2012-07-31,67.38,Yes,2012-07-30,Paper,29,0,On Time,On Time,2012-07-01,1
391,5529-TBPGK,2013-08-09,1717812362,2012-11-28,2012-12-28,48.75,No,2012-12-28,Paper,30,0,On Time,On Time,2012-11-01,1
391,7841-HROAQ,2013-09-15,1720149611,2012-04-24,2012-05-24,71.68,No,2012-05-18,Paper,24,0,On Time,On Time,2012-04-01,1
406,9758-AIEIK,2012-04-23,1720532549,2013-06-20,2013-07-20,49.46,No,2013-07-12,Electronic,22,0,On Time,On Time,2013-06-01,1
897,8690-EEBEO,2012-12-05,1730560128,2013-09-16,2013-10-16,36.97,No,2013-10-08,Electronic,22,0,On Time,On Time,2013-09-01,1
391,0709-LZRJV,2013-06-20,1731769135,2013-06-11,2013-07-11,51.45,Yes,2013-07-22,Paper,41,11,Late,8–14 Days Late,2013-06-01,3
406,8389-TCXFQ,2012-08-24,1732794760,2012-10-22,2012-11-21,61.6,Yes,2012-11-20,Electronic,29,0,On Time,On Time,2012-10-01,1
770,0465-DTULQ,2013-03-04,1745880588,2012-08-01,2012-08-31,61,No,2012-09-05,Paper,35,5,Late,1–7 Days Late,2012-08-01,2
406,9322-YCTQO,2012-04-06,1748015447,2012-12-24,2013-01-23,75.19,No,2013-01-25,Electronic,32,2,Late,1–7 Days Late,2012-12-01,2
897,8690-EEBEO,2012-12-05,1752036971,2012-04-08,2012-05-08,71.72,No,2012-05-15,Paper,37,7,Late,1–7 Days Late,2012-04-01,2
770,7050-KQLDO,2012-09-29,1752423656,2013-09-20,2013-10-20,88.99,Yes,2013-10-24,Electronic,34,4,Late,1–7 Days Late,2013-09-01,2
406,0783-PEPYR,2013-11-27,1754229382,2012-05-15,2012-06-14,81.1,No,2012-06-18,Paper,34,4,Late,1–7 Days Late,2012-05-01,2
391,6708-DPYTF,2012-08-02,1754538629,2013-09-11,2013-10-11,79.52,No,2013-10-10,Electronic,29,0,On Time,On Time,2013-09-01,1
391,0187-ERLSR,2013-07-31,1756742390,2012-09-05,2012-10-05,84.57,No,2012-09-14,Paper,9,0,On Time,On Time,2012-09-01,1
406,4640-FGEJI,2013-04-04,1759240329,2013-09-19,2013-10-19,72.09,No,2013-10-07,Electronic,18,0,On Time,On Time,2013-09-01,1
897,9883-SDWFS,2013-07-08,1761962468,2013-09-18,2013-10-18,75.39,Yes,2013-10-30,Electronic,42,12,Late,8–14 Days Late,2013-09-01,3
770,7758-WKLVM,2012-02-06,1767317198,2012-09-23,2012-10-23,41.7,No,2012-10-30,Electronic,37,7,Late,1–7 Days Late,2012-09-01,2
897,6391-GBFQJ,2013-11-25,1767708917,2013-07-21,2013-08-20,8.36,Yes,2013-08-17,Paper,27,0,On Time,On Time,2013-07-01,1
391,6160-HCSFI,2013-01-10,1774766742,2013-08-22,2013-09-21,76.85,No,2013-09-04,Electronic,13,0,On Time,On Time,2013-08-01,1
818,8887-NCUZC,2013-01-22,1777289135,2013-05-24,2013-06-23,51.66,Yes,2013-06-28,Electronic,35,5,Late,1–7 Days Late,2013-05-01,2
897,1168-BEASA,2013-11-06,1779886998,2012-11-25,2012-12-25,65.5,No,2012-12-18,Paper,23,0,On Time,On Time,2012-11-01,1
406,4640-FGEJI,2013-04-04,1784835874,2012-10-14,2012-11-13,62.43,No,2012-11-12,Paper,29,0,On Time,On Time,2012-10-01,1
897,9883-SDWFS,2013-07-08,1789438475,2012-01-07,2012-02-06,46.33,Yes,2012-02-10,Paper,34,4,Late,1–7 Days Late,2012-01-01,2
391,8156-PCYBM,2012-03-03,1796958572,2012-03-22,2012-04-21,42.61,No,2012-04-16,Electronic,25,0,On Time,On Time,2012-03-01,1
406,4092-ZAVRG,2012-05-19,1801620782,2013-08-14,2013-09-13,78.44,No,2013-08-15,Electronic,1,0,On Time,On Time,2013-08-01,1
897,9286-VLKMI,2013-02-13,1826457023,2013-11-09,2013-12-09,72.93,Yes,2013-11-24,Electronic,15,0,On Time,On Time,2013-11-01,1
770,3993-QUNVJ,2012-12-31,1826544220,2012-07-15,2012-08-14,48.65,No,2012-07-30,Paper,15,0,On Time,On Time,2012-07-01,1
818,3271-HYHDN,2013-04-28,1829655163,2013-11-09,2013-12-09,56.28,No,2013-11-11,Electronic,2,0,On Time,On Time,2013-11-01,1
818,8887-NCUZC,2013-01-22,1838230354,2012-04-10,2012-05-10,59.56,Yes,2012-06-03,Paper,54,24,Late,15–30 Days Late,2012-04-01,4
406,5284-DJOZO,2012-09-11,1839518389,2012-02-24,2012-03-25,44.76,Yes,2012-03-26,Paper,31,1,Late,1–7 Days Late,2012-02-01,2
770,9323-NDIOV,2012-07-09,1839830620,2013-11-13,2013-12-13,44.56,No,2013-12-16,Electronic,33,3,Late,1–7 Days Late,2013-11-01,2
406,9758-AIEIK,2012-04-23,1841814103,2012-05-01,2012-05-31,56.25,Yes,2012-06-08,Electronic,38,8,Late,8–14 Days Late,2012-05-01,3
406,4640-FGEJI,2013-04-04,1841884225,2013-11-08,2013-12-08,86.04,No,2013-11-26,Electronic,18,0,On Time,On Time,2013-11-01,1
406,5284-DJOZO,2012-09-11,1842693179,2012-05-25,2012-06-24,68.35,No,2012-06-10,Paper,16,0,On Time,On Time,2012-05-01,1
897,6391-GBFQJ,2013-11-25,1850105221,2012-06-17,2012-07-17,8.03,No,2012-07-02,Paper,15,0,On Time,On Time,2012-06-01,1
897,3676-CQAIF,2013-07-29,1851875591,2012-06-04,2012-07-04,57.09,No,2012-07-23,Paper,49,19,Late,15–30 Days Late,2012-06-01,4
770,7228-LEPPM,2012-04-30,1853598981,2012-09-12,2012-10-12,61.86,Yes,2012-10-31,Electronic,49,19,Late,15–30 Days Late,2012-09-01,4
391,5920-DPXLN,2012-11-11,1853646712,2013-11-08,2013-12-08,81.47,No,2013-11-20,Electronic,12,0,On Time,On Time,2013-11-01,1
770,3993-QUNVJ,2012-12-31,1854369389,2012-07-17,2012-08-16,56.21,No,2012-08-09,Paper,23,0,On Time,On Time,2012-07-01,1
391,9174-IYKOC,2012-11-27,1854927312,2013-11-16,2013-12-16,57.12,No,2013-12-09,Electronic,23,0,On Time,On Time,2013-11-01,1
391,5196-TWQXF,2012-06-20,1857536288,2012-06-09,2012-07-09,64.99,No,2012-07-01,Paper,22,0,On Time,On Time,2012-06-01,1
897,0688-XNJRO,2012-06-24,1858692476,2013-06-05,2013-07-05,43.07,Yes,2013-08-03,Electronic,59,29,Late,15–30 Days Late,2013-06-01,4
391,9014-WENVB,2013-08-03,1863257564,2012-07-01,2012-07-31,72.69,No,2012-07-29,Paper,28,0,On Time,On Time,2012-07-01,1
770,9149-MATVB,2013-04-30,1867249429,2013-11-15,2013-12-15,46.06,No,2013-12-08,Electronic,23,0,On Time,On Time,2013-11-01,1
406,7938-EVASK,2012-12-15,1879423925,2012-04-29,2012-05-29,65.45,No,2012-06-01,Paper,33,3,Late,1–7 Days Late,2012-04-01,2
391,8156-PCYBM,2012-03-03,1887027624,2012-08-20,2012-09-19,61.58,No,2012-09-05,Electronic,16,0,On Time,On Time,2012-08-01,1
897,8942-ERSWK,2013-01-11,1889308921,2012-12-02,2013-01-01,23.5,No,2012-12-14,Paper,12,0,On Time,On Time,2012-12-01,1
391,7329-TWKLF,2013-11-20,1890815777,2013-08-18,2013-09-17,61.71,No,2013-09-19,Paper,32,2,Late,1–7 Days Late,2013-08-01,2
391,9014-WENVB,2013-08-03,1893700854,2013-06-22,2013-07-22,61.2,No,2013-07-22,Paper,30,0,On Time,On Time,2013-06-01,1
406,0783-PEPYR,2013-11-27,1898422054,2013-05-07,2013-06-06,61.13,No,2013-06-23,Paper,47,17,Late,15–30 Days Late,2013-05-01,4
770,7228-LEPPM,2012-04-30,1899442732,2012-02-11,2012-03-12,45,No,2012-03-21,Paper,39,9,Late,8–14 Days Late,2012-02-01,3
770,7228-LEPPM,2012-04-30,1900323621,2013-04-11,2013-05-11,43.06,No,2013-05-13,Electronic,32,2,Late,1–7 Days Late,2013-04-01,2
897,8942-ERSWK,2013-01-11,1901766579,2012-01-25,2012-02-24,7.55,Yes,2012-02-20,Paper,26,0,On Time,On Time,2012-01-01,1
897,8690-EEBEO,2012-12-05,1903828465,2013-05-31,2013-06-30,62.35,No,2013-07-08,Electronic,38,8,Late,8–14 Days Late,2013-05-01,3
406,5164-VMYWJ,2013-11-27,1905229160,2012-07-26,2012-08-25,78.22,Yes,2012-09-02,Paper,38,8,Late,8–14 Days Late,2012-07-01,3
406,8389-TCXFQ,2012-08-24,1907393570,2013-09-22,2013-10-22,67.76,Yes,2013-10-22,Electronic,30,0,On Time,On Time,2013-09-01,1
818,1604-LIFKX,2013-03-16,1913883700,2013-06-12,2013-07-12,44.91,No,2013-07-26,Electronic,44,14,Late,8–14 Days Late,2013-06-01,3
406,9771-QTLGZ,2012-12-10,1920990033,2012-01-20,2012-02-19,56.51,Yes,2012-02-15,Paper,26,0,On Time,On Time,2012-01-01,1
406,6833-ETVHD,2012-04-30,1927022550,2012-10-14,2012-11-13,68.17,No,2012-10-29,Electronic,15,0,On Time,On Time,2012-10-01,1
818,5875-VZQCZ,2013-07-15,1929017575,2012-01-13,2012-02-12,87.89,No,2012-02-04,Paper,22,0,On Time,On Time,2012-01-01,1
406,7600-OISKG,2013-07-19,1933976534,2013-05-19,2013-06-18,59.99,Yes,2013-06-17,Paper,29,0,On Time,On Time,2013-05-01,1
406,6048-QPZCF,2012-07-13,1950762665,2012-07-28,2012-08-27,75.54,No,2012-08-01,Electronic,4,0,On Time,On Time,2012-07-01,1
897,9460-VAZGD,2013-08-10,1951887650,2013-09-21,2013-10-21,8.63,No,2013-10-10,Electronic,19,0,On Time,On Time,2013-09-01,1
770,7758-WKLVM,2012-02-06,1953579202,2012-08-21,2012-09-20,60.87,No,2012-09-21,Electronic,31,1,Late,1–7 Days Late,2012-08-01,2
897,9250-VHLWY,2013-06-03,1953588118,2012-12-03,2013-01-02,51.05,No,2013-01-01,Paper,29,0,On Time,On Time,2012-12-01,1
406,5573-KSOIA,2013-09-30,1965699392,2013-04-29,2013-05-29,89.46,No,2013-06-03,Paper,35,5,Late,1–7 Days Late,2013-04-01,2
770,4460-ZXNDN,2013-06-27,1976510492,2012-05-08,2012-06-07,61.86,Yes,2012-06-27,Paper,50,20,Late,15–30 Days Late,2012-05-01,4
391,9212-BTDMX,2012-04-22,1976759712,2012-07-26,2012-08-25,51.56,No,2012-08-13,Electronic,18,0,On Time,On Time,2012-07-01,1
897,9883-SDWFS,2013-07-08,1985925745,2012-09-12,2012-10-12,29.51,No,2012-10-19,Paper,37,7,Late,1–7 Days Late,2012-09-01,2
406,6833-ETVHD,2012-04-30,1992091788,2013-01-26,2013-02-25,63.82,No,2013-02-15,Electronic,20,0,On Time,On Time,2013-01-01,1
818,7946-HJDUR,2012-02-21,1995851356,2012-04-13,2012-05-13,45.35,No,2012-05-06,Electronic,23,0,On Time,On Time,2012-04-01,1
770,9149-MATVB,2013-04-30,2008743660,2012-12-13,2013-01-12,67.27,No,2012-12-27,Paper,14,0,On Time,On Time,2012-12-01,1
406,6048-QPZCF,2012-07-13,2014191611,2013-05-17,2013-06-16,76.72,Yes,2013-06-06,Electronic,20,0,On Time,On Time,2013-05-01,1
406,7600-OISKG,2013-07-19,2015068982,2012-08-30,2012-09-29,74.43,Yes,2012-10-06,Paper,37,7,Late,1–7 Days Late,2012-08-01,2
818,3568-JJMFW,2012-01-09,2017481337,2013-09-05,2013-10-05,67.5,Yes,2013-09-26,Electronic,21,0,On Time,On Time,2013-09-01,1
818,8887-NCUZC,2013-01-22,2017486994,2012-07-17,2012-08-16,57.63,Yes,2012-09-07,Paper,52,22,Late,15–30 Days Late,2012-07-01,4
391,3569-VJWXS,2013-04-09,2024965903,2013-10-04,2013-11-03,80.32,Yes,2013-11-09,Electronic,36,6,Late,1–7 Days Late,2013-10-01,2
770,5592-UQXSS,2012-12-31,2025587663,2013-10-17,2013-11-16,22.06,Yes,2013-11-23,Electronic,37,7,Late,1–7 Days Late,2013-10-01,2
818,8887-NCUZC,2013-01-22,2035503608,2012-08-29,2012-09-28,38.37,No,2012-09-30,Paper,32,2,Late,1–7 Days Late,2012-08-01,2
406,4651-PMEXQ,2012-07-04,2050809961,2013-10-25,2013-11-24,78.74,No,2013-11-23,Electronic,29,0,On Time,On Time,2013-10-01,1
897,9250-VHLWY,2013-06-03,2054631411,2012-06-12,2012-07-12,31.96,No,2012-07-13,Paper,31,1,Late,1–7 Days Late,2012-06-01,2
391,8820-BLYDZ,2013-03-19,2073423085,2012-04-02,2012-05-02,69.97,No,2012-04-12,Paper,10,0,On Time,On Time,2012-04-01,1
406,9725-EZTEJ,2012-03-17,2073573910,2012-07-30,2012-08-29,74.95,Yes,2012-09-02,Electronic,34,4,Late,1–7 Days Late,2012-07-01,2
391,8156-PCYBM,2012-03-03,2079450535,2013-01-17,2013-02-16,62.12,No,2013-02-22,Electronic,36,6,Late,1–7 Days Late,2013-01-01,2
391,5920-DPXLN,2012-11-11,2079957616,2012-12-23,2013-01-22,62.58,No,2013-01-13,Electronic,21,0,On Time,On Time,2012-12-01,1
897,9250-VHLWY,2013-06-03,2086131876,2013-03-15,2013-04-14,47.82,No,2013-04-05,Paper,21,0,On Time,On Time,2013-03-01,1
897,9250-VHLWY,2013-06-03,2088115416,2012-05-29,2012-06-28,57.07,No,2012-06-20,Paper,22,0,On Time,On Time,2012-05-01,1
818,6004-KITZM,2013-09-01,2091543308,2013-04-18,2013-05-18,56.17,No,2013-05-02,Paper,14,0,On Time,On Time,2013-04-01,1
818,8364-UWVLM,2012-11-10,2094625650,2013-03-21,2013-04-20,83.02,No,2013-04-13,Electronic,23,0,On Time,On Time,2013-03-01,1
818,1604-LIFKX,2013-03-16,2099442850,2012-11-25,2012-12-25,73.1,No,2013-01-13,Paper,49,19,Late,15–30 Days Late,2012-11-01,4
406,4092-ZAVRG,2012-05-19,2102092958,2012-08-06,2012-09-05,92.36,No,2012-08-10,Electronic,4,0,On Time,On Time,2012-08-01,1
406,9117-LYRCE,2013-07-05,2110258079,2012-01-25,2012-02-24,22.09,No,2012-03-06,Paper,41,11,Late,8–14 Days Late,2012-01-01,3
406,9322-YCTQO,2012-04-06,2118879684,2013-09-06,2013-10-06,114.54,No,2013-10-11,Electronic,35,5,Late,1–7 Days Late,2013-09-01,2
391,1080-NDGAE,2012-09-28,2121660618,2013-01-25,2013-02-24,79.79,Yes,2013-03-02,Electronic,36,6,Late,1–7 Days Late,2013-01-01,2
818,5875-VZQCZ,2013-07-15,2123675598,2013-04-23,2013-05-23,73.71,No,2013-05-16,Paper,23,0,On Time,On Time,2013-04-01,1
406,9117-LYRCE,2013-07-05,2123935700,2012-05-29,2012-06-28,55.55,No,2012-07-04,Paper,36,6,Late,1–7 Days Late,2012-05-01,2
818,7946-HJDUR,2012-02-21,2125307184,2013-08-11,2013-09-10,67.34,No,2013-09-14,Electronic,34,4,Late,1–7 Days Late,2013-08-01,2
406,9771-QTLGZ,2012-12-10,2127219922,2012-05-19,2012-06-18,68.89,Yes,2012-06-16,Paper,28,0,On Time,On Time,2012-05-01,1
391,7841-HROAQ,2013-09-15,2129779702,2013-11-18,2013-12-18,60.46,No,2013-12-06,Electronic,18,0,On Time,On Time,2013-11-01,1
770,9323-NDIOV,2012-07-09,2131645470,2013-08-09,2013-09-08,61.06,No,2013-09-05,Electronic,27,0,On Time,On Time,2013-08-01,1
818,1604-LIFKX,2013-03-16,2135320728,2013-09-25,2013-10-25,66.32,No,2013-11-05,Electronic,41,11,Late,8–14 Days Late,2013-09-01,3
391,3598-DNURW,2012-08-29,2135406196,2013-01-03,2013-02-02,49.51,No,2013-01-15,Electronic,12,0,On Time,On Time,2013-01-01,1
897,3676-CQAIF,2013-07-29,2137157897,2013-07-21,2013-08-20,20.55,No,2013-08-06,Paper,16,0,On Time,On Time,2013-07-01,1
770,9149-MATVB,2013-04-30,2146884004,2013-11-05,2013-12-05,43.26,No,2013-11-19,Electronic,14,0,On Time,On Time,2013-11-01,1
897,3271-YDPUJ,2013-04-02,2148266465,2013-05-07,2013-06-06,24.39,Yes,2013-06-13,Electronic,37,7,Late,1–7 Days Late,2013-05-01,2
391,9212-BTDMX,2012-04-22,2158841878,2013-08-10,2013-09-09,64.35,No,2013-08-20,Electronic,10,0,On Time,On Time,2013-08-01,1
406,5284-DJOZO,2012-09-11,2161519126,2013-08-21,2013-09-20,98.88,No,2013-08-24,Electronic,3,0,On Time,On Time,2013-08-01,1
818,8887-NCUZC,2013-01-22,2161660036,2012-06-17,2012-07-17,40.38,No,2012-07-19,Paper,32,2,Late,1–7 Days Late,2012-06-01,2
406,9771-QTLGZ,2012-12-10,2163218884,2013-09-23,2013-10-23,56.54,Yes,2013-10-11,Electronic,18,0,On Time,On Time,2013-09-01,1
770,0465-DTULQ,2013-03-04,2168210949,2012-09-03,2012-10-03,43.41,Yes,2012-10-23,Paper,50,20,Late,15–30 Days Late,2012-09-01,4
391,6708-DPYTF,2012-08-02,2186599382,2012-03-24,2012-04-23,92.76,No,2012-05-05,Paper,42,12,Late,8–14 Days Late,2012-03-01,3
391,7209-MDWKR,2013-10-09,2189582262,2013-12-02,2014-01-01,67.69,No,2013-12-28,Electronic,26,0,On Time,On Time,2013-12-01,1
818,6627-ELFBK,2012-11-26,2195380883,2012-01-06,2012-02-05,47.07,Yes,2012-02-03,Paper,28,0,On Time,On Time,2012-01-01,1
897,9286-VLKMI,2013-02-13,2197465105,2013-10-29,2013-11-28,76.74,Yes,2013-11-13,Electronic,15,0,On Time,On Time,2013-10-01,1
770,9149-MATVB,2013-04-30,2197485330,2012-10-19,2012-11-18,45.61,No,2012-11-10,Paper,22,0,On Time,On Time,2012-10-01,1
391,8820-BLYDZ,2013-03-19,2205310400,2012-02-06,2012-03-07,71.46,No,2012-02-19,Paper,13,0,On Time,On Time,2012-02-01,1
406,4632-QZOKX,2013-03-19,2207769609,2013-05-07,2013-06-06,50.22,Yes,2013-06-06,Electronic,30,0,On Time,On Time,2013-05-01,1
770,4460-ZXNDN,2013-06-27,2212611817,2013-03-09,2013-04-08,32.97,No,2013-04-16,Paper,38,8,Late,8–14 Days Late,2013-03-01,3
770,7228-LEPPM,2012-04-30,2219394095,2012-07-10,2012-08-09,51.32,No,2012-08-27,Electronic,48,18,Late,15–30 Days Late,2012-07-01,4
897,8690-EEBEO,2012-12-05,2222502782,2013-04-18,2013-05-18,74.89,No,2013-05-18,Electronic,30,0,On Time,On Time,2013-04-01,1
391,5196-TWQXF,2012-06-20,2225581009,2013-01-02,2013-02-01,45.71,No,2013-01-25,Electronic,23,0,On Time,On Time,2013-01-01,1
897,8690-EEBEO,2012-12-05,2238411112,2013-11-30,2013-12-30,56.21,No,2014-01-02,Electronic,33,3,Late,1–7 Days Late,2013-11-01,2
770,0706-NRGUP,2013-04-09,2238525299,2013-10-05,2013-11-04,35.7,No,2013-10-26,Electronic,21,0,On Time,On Time,2013-10-01,1
770,9928-IJYBQ,2012-03-18,2245157627,2013-01-12,2013-02-11,52.07,No,2013-02-12,Electronic,31,1,Late,1–7 Days Late,2013-01-01,2
770,6077-FDQRK,2012-09-11,2246279597,2013-03-30,2013-04-29,21.4,No,2013-04-08,Electronic,9,0,On Time,On Time,2013-03-01,1
406,8389-TCXFQ,2012-08-24,2250514490,2013-01-31,2013-03-02,62.78,Yes,2013-03-12,Electronic,40,10,Late,8–14 Days Late,2013-01-01,3
391,9212-BTDMX,2012-04-22,2253964269,2013-10-09,2013-11-08,47.21,Yes,2013-11-11,Electronic,33,3,Late,1–7 Days Late,2013-10-01,2
770,7260-ZHAKS,2012-06-17,2254159769,2012-03-07,2012-04-06,72.83,No,2012-04-03,Paper,27,0,On Time,On Time,2012-03-01,1
406,9725-EZTEJ,2012-03-17,2254968962,2012-11-10,2012-12-10,87.43,Yes,2012-12-23,Electronic,43,13,Late,8–14 Days Late,2012-11-01,3
770,7228-LEPPM,2012-04-30,2257886659,2013-05-06,2013-06-05,40.9,No,2013-06-13,Electronic,38,8,Late,8–14 Days Late,2013-05-01,3
818,8102-ABPKQ,2013-08-29,2262995436,2013-04-17,2013-05-17,70.59,Yes,2013-06-02,Paper,46,16,Late,15–30 Days Late,2013-04-01,4
406,7600-OISKG,2013-07-19,2265242643,2012-10-31,2012-11-30,70.07,Yes,2012-12-07,Paper,37,7,Late,1–7 Days Late,2012-10-01,2
897,7372-CESLR,2013-01-11,2267584907,2013-12-01,2013-12-31,52.76,No,2013-12-15,Electronic,14,0,On Time,On Time,2013-12-01,1
897,6296-UKEUZ,2012-11-26,2267825101,2013-04-12,2013-05-12,27.29,No,2013-04-14,Electronic,2,0,On Time,On Time,2013-04-01,1
406,3448-OWJOT,2012-09-15,2268924543,2012-05-02,2012-06-01,66.12,Yes,2012-06-13,Paper,42,12,Late,8–14 Days Late,2012-05-01,3
818,2824-HJQPP,2013-09-04,2279639083,2013-01-08,2013-02-07,51.65,No,2013-01-23,Paper,15,0,On Time,On Time,2013-01-01,1
818,7946-HJDUR,2012-02-21,2281124725,2012-09-18,2012-10-18,27.37,No,2012-10-13,Electronic,25,0,On Time,On Time,2012-09-01,1
897,1408-OQZUE,2012-09-14,2290457712,2013-01-02,2013-02-01,51.91,Yes,2013-02-09,Electronic,38,8,Late,8–14 Days Late,2013-01-01,3
770,5592-UQXSS,2012-12-31,2290647128,2013-05-01,2013-05-31,49.24,Yes,2013-06-04,Electronic,34,4,Late,1–7 Days Late,2013-05-01,2
818,3568-JJMFW,2012-01-09,2293228619,2012-05-08,2012-06-07,48.47,Yes,2012-06-11,Electronic,34,4,Late,1–7 Days Late,2012-05-01,2
406,9758-AIEIK,2012-04-23,2294449843,2012-10-28,2012-11-27,67.96,No,2012-11-08,Electronic,11,0,On Time,On Time,2012-10-01,1
818,5924-UOPGH,2013-06-06,2322349886,2012-09-01,2012-10-01,59.86,No,2012-09-25,Paper,24,0,On Time,On Time,2012-09-01,1
406,7600-OISKG,2013-07-19,2328511433,2013-10-20,2013-11-19,77.43,Yes,2013-11-12,Electronic,23,0,On Time,On Time,2013-10-01,1
391,1080-NDGAE,2012-09-28,2329204580,2013-03-02,2013-04-01,54.56,No,2013-03-21,Electronic,19,0,On Time,On Time,2013-03-01,1
818,9181-HEKGV,2013-10-16,2335256143,2012-04-16,2012-05-16,61.2,No,2012-05-16,Paper,30,0,On Time,On Time,2012-04-01,1
406,5284-DJOZO,2012-09-11,2338417971,2013-08-21,2013-09-20,65.57,No,2013-08-26,Electronic,5,0,On Time,On Time,2013-08-01,1
770,6831-FIODB,2013-05-08,2346925494,2013-05-11,2013-06-10,35.87,No,2013-06-11,Electronic,31,1,Late,1–7 Days Late,2013-05-01,2
897,0688-XNJRO,2012-06-24,2349505867,2012-07-16,2012-08-15,9.19,No,2012-09-11,Electronic,57,27,Late,15–30 Days Late,2012-07-01,4
391,2423-QOKIO,2013-05-11,2355391609,2013-06-08,2013-07-08,60.62,No,2013-06-25,Electronic,17,0,On Time,On Time,2013-06-01,1
818,5924-UOPGH,2013-06-06,2361287480,2013-01-06,2013-02-05,69.22,No,2013-01-20,Paper,14,0,On Time,On Time,2013-01-01,1
897,6177-VTITE,2012-10-26,2364345783,2012-07-03,2012-08-02,48.18,No,2012-07-18,Paper,15,0,On Time,On Time,2012-07-01,1
770,9149-MATVB,2013-04-30,2367277437,2012-08-13,2012-09-12,52.46,No,2012-09-13,Paper,31,1,Late,1–7 Days Late,2012-08-01,2
406,9725-EZTEJ,2012-03-17,2368072192,2012-03-29,2012-04-28,92.71,Yes,2012-04-22,Electronic,24,0,On Time,On Time,2012-03-01,1
406,3448-OWJOT,2012-09-15,2369731348,2013-02-26,2013-03-28,80.3,Yes,2013-04-08,Electronic,41,11,Late,8–14 Days Late,2013-02-01,3
818,8887-NCUZC,2013-01-22,2384851679,2012-10-01,2012-10-31,42,No,2012-10-24,Paper,23,0,On Time,On Time,2012-10-01,1
770,6831-FIODB,2013-05-08,2399454051,2012-12-18,2013-01-17,41.56,No,2013-01-25,Paper,38,8,Late,8–14 Days Late,2012-12-01,3
406,9771-QTLGZ,2012-12-10,2404027687,2012-07-19,2012-08-18,67.4,Yes,2012-08-01,Paper,13,0,On Time,On Time,2012-07-01,1
406,5573-KSOIA,2013-09-30,2419712397,2013-02-11,2013-03-13,86.72,No,2013-03-29,Paper,46,16,Late,15–30 Days Late,2013-02-01,4
897,1168-BEASA,2013-11-06,2427601971,2013-01-13,2013-02-12,39.18,No,2013-02-01,Paper,19,0,On Time,On Time,2013-01-01,1
818,2824-HJQPP,2013-09-04,2428102854,2012-04-02,2012-05-02,83.74,Yes,2012-05-02,Paper,30,0,On Time,On Time,2012-04-01,1
818,1604-LIFKX,2013-03-16,2430916585,2013-03-07,2013-04-06,63.45,No,2013-04-22,Paper,46,16,Late,15–30 Days Late,2013-03-01,4
406,7600-OISKG,2013-07-19,2436471559,2013-11-15,2013-12-15,52.7,Yes,2013-12-15,Electronic,30,0,On Time,On Time,2013-11-01,1
770,7856-ODQFO,2012-08-05,2440506703,2013-08-24,2013-09-23,82.42,Yes,2013-09-29,Electronic,36,6,Late,1–7 Days Late,2013-08-01,2
897,7372-CESLR,2013-01-11,2441403899,2013-02-27,2013-03-29,59.17,No,2013-03-22,Electronic,23,0,On Time,On Time,2013-02-01,1
897,7654-DOLHO,2012-04-04,2442634583,2012-12-28,2013-01-27,45.11,No,2013-01-14,Electronic,17,0,On Time,On Time,2012-12-01,1
818,8887-NCUZC,2013-01-22,2442844131,2013-04-15,2013-05-15,64.19,No,2013-05-07,Electronic,22,0,On Time,On Time,2013-04-01,1
406,6048-QPZCF,2012-07-13,2448402169,2013-09-24,2013-10-24,76.33,No,2013-09-29,Electronic,5,0,On Time,On Time,2013-09-01,1
818,8887-NCUZC,2013-01-22,2455126326,2013-12-02,2014-01-01,49.51,No,2014-01-07,Electronic,36,6,Late,1–7 Days Late,2013-12-01,2
391,9014-WENVB,2013-08-03,2458578956,2013-03-30,2013-04-29,64.66,No,2013-04-28,Paper,29,0,On Time,On Time,2013-03-01,1
897,6391-GBFQJ,2013-11-25,2464264785,2013-11-21,2013-12-21,34.22,Yes,2014-01-01,Paper,41,11,Late,8–14 Days Late,2013-11-01,3
406,8389-TCXFQ,2012-08-24,2467417643,2013-05-03,2013-06-02,73.57,No,2013-05-17,Electronic,14,0,On Time,On Time,2013-05-01,1
897,9286-VLKMI,2013-02-13,2468958629,2012-11-04,2012-12-04,25.05,No,2012-11-15,Paper,11,0,On Time,On Time,2012-11-01,1
897,6177-VTITE,2012-10-26,2474022495,2013-03-30,2013-04-29,25.7,No,2013-04-08,Electronic,9,0,On Time,On Time,2013-03-01,1
406,5164-VMYWJ,2013-11-27,2486669145,2013-11-10,2013-12-10,74.62,No,2013-12-03,Paper,23,0,On Time,On Time,2013-11-01,1
770,3831-FXWYK,2013-03-08,2487012635,2013-02-26,2013-03-28,74.09,No,2013-04-03,Paper,36,6,Late,1–7 Days Late,2013-02-01,2
770,6831-FIODB,2013-05-08,2487299552,2013-06-20,2013-07-20,48.7,Yes,2013-07-30,Electronic,40,10,Late,8–14 Days Late,2013-06-01,3
770,4460-ZXNDN,2013-06-27,2487366623,2013-05-14,2013-06-13,80.76,Yes,2013-06-22,Paper,39,9,Late,8–14 Days Late,2013-05-01,3
770,6077-FDQRK,2012-09-11,2498731372,2013-05-04,2013-06-03,42.59,No,2013-05-24,Electronic,20,0,On Time,On Time,2013-05-01,1
818,8364-UWVLM,2012-11-10,2506087360,2012-02-04,2012-03-05,69.78,No,2012-03-01,Paper,26,0,On Time,On Time,2012-02-01,1
770,7050-KQLDO,2012-09-29,2511656905,2013-11-19,2013-12-19,64.12,No,2013-12-03,Electronic,14,0,On Time,On Time,2013-11-01,1
406,8976-AMJEO,2012-03-03,2514985347,2012-09-26,2012-10-26,53.18,No,2012-10-16,Electronic,20,0,On Time,On Time,2012-09-01,1
818,7946-HJDUR,2012-02-21,2515817366,2013-08-14,2013-09-13,59.53,No,2013-09-05,Electronic,22,0,On Time,On Time,2013-08-01,1
770,4460-ZXNDN,2013-06-27,2527171256,2013-04-22,2013-05-22,75.16,Yes,2013-06-25,Paper,64,34,Late,Over 30 Days Late,2013-04-01,5
897,6296-UKEUZ,2012-11-26,2528333146,2012-08-03,2012-09-02,45.31,Yes,2012-08-19,Paper,16,0,On Time,On Time,2012-08-01,1
770,0465-DTULQ,2013-03-04,2528705556,2013-04-02,2013-05-02,63,No,2013-04-28,Electronic,26,0,On Time,On Time,2013-04-01,1
391,6632-CGYHU,2013-01-08,2529299296,2013-10-31,2013-11-30,94.71,No,2013-11-14,Electronic,14,0,On Time,On Time,2013-10-01,1
406,4092-ZAVRG,2012-05-19,2529818478,2013-04-08,2013-05-08,77.41,No,2013-04-14,Electronic,6,0,On Time,On Time,2013-04-01,1
406,6048-QPZCF,2012-07-13,2536946008,2013-04-08,2013-05-08,82.56,No,2013-04-12,Electronic,4,0,On Time,On Time,2013-04-01,1
818,5924-UOPGH,2013-06-06,2538593943,2013-01-19,2013-02-18,72.36,Yes,2013-03-06,Paper,46,16,Late,15–30 Days Late,2013-01-01,4
406,7245-CKNCN,2012-06-04,2548747107,2012-11-07,2012-12-07,73.82,No,2012-11-20,Electronic,13,0,On Time,On Time,2012-11-01,1
897,9460-VAZGD,2013-08-10,2549781436,2013-07-24,2013-08-23,79.06,No,2013-08-13,Paper,20,0,On Time,On Time,2013-07-01,1
897,3271-YDPUJ,2013-04-02,2556169247,2013-02-26,2013-03-28,39.88,No,2013-03-26,Paper,28,0,On Time,On Time,2013-02-01,1
391,5920-DPXLN,2012-11-11,2561298121,2013-01-01,2013-01-31,36.1,No,2013-01-13,Electronic,12,0,On Time,On Time,2013-01-01,1
818,5924-UOPGH,2013-06-06,2567314578,2013-04-14,2013-05-14,81.26,No,2013-05-07,Paper,23,0,On Time,On Time,2013-04-01,1
770,5592-UQXSS,2012-12-31,2570203308,2012-05-28,2012-06-27,44.33,No,2012-06-29,Paper,32,2,Late,1–7 Days Late,2012-05-01,2
406,2621-XCLEH,2012-09-24,2571390571,2013-06-24,2013-07-24,90.62,No,2013-07-29,Electronic,35,5,Late,1–7 Days Late,2013-06-01,2
897,7372-CESLR,2013-01-11,2585470999,2012-03-17,2012-04-16,34.57,No,2012-04-09,Paper,23,0,On Time,On Time,2012-03-01,1
391,1080-NDGAE,2012-09-28,2592238538,2012-05-27,2012-06-26,92.25,Yes,2012-06-29,Paper,33,3,Late,1–7 Days Late,2012-05-01,2
391,8156-PCYBM,2012-03-03,2597867711,2013-01-19,2013-02-18,55.82,No,2013-02-12,Electronic,24,0,On Time,On Time,2013-01-01,1
818,5613-UHVMG,2012-05-31,2601239901,2012-08-29,2012-09-28,55.54,Yes,2012-10-13,Electronic,45,15,Late,15–30 Days Late,2012-08-01,4
391,6160-HCSFI,2013-01-10,2603539730,2012-02-25,2012-03-26,83.21,No,2012-03-19,Paper,23,0,On Time,On Time,2012-02-01,1
770,7856-ODQFO,2012-08-05,2606687623,2012-07-27,2012-08-26,63.17,No,2012-08-22,Paper,26,0,On Time,On Time,2012-07-01,1
406,7938-EVASK,2012-12-15,2613739780,2013-03-17,2013-04-16,78.05,Yes,2013-05-04,Electronic,48,18,Late,15–30 Days Late,2013-03-01,4
391,5529-TBPGK,2013-08-09,2620239474,2012-11-12,2012-12-12,76.12,Yes,2012-12-23,Paper,41,11,Late,8–14 Days Late,2012-11-01,3
391,9841-XLGBV,2013-01-03,2624507671,2013-09-19,2013-10-19,68.58,No,2013-10-09,Electronic,20,0,On Time,On Time,2013-09-01,1
770,3993-QUNVJ,2012-12-31,2631512798,2013-04-16,2013-05-16,77.61,No,2013-04-27,Electronic,11,0,On Time,On Time,2013-04-01,1
897,8690-EEBEO,2012-12-05,2634865247,2013-11-11,2013-12-11,54.43,No,2013-12-18,Electronic,37,7,Late,1–7 Days Late,2013-11-01,2
391,3598-DNURW,2012-08-29,2637006256,2012-10-24,2012-11-23,46.32,No,2012-11-07,Electronic,14,0,On Time,On Time,2012-10-01,1
818,8887-NCUZC,2013-01-22,2640415165,2013-01-12,2013-02-11,36.96,No,2013-02-09,Paper,28,0,On Time,On Time,2013-01-01,1
406,9758-AIEIK,2012-04-23,2649653276,2012-05-14,2012-06-13,52.88,No,2012-06-02,Electronic,19,0,On Time,On Time,2012-05-01,1
770,9928-IJYBQ,2012-03-18,2652788570,2012-11-02,2012-12-02,56.53,No,2012-12-09,Electronic,37,7,Late,1–7 Days Late,2012-11-01,2
818,8102-ABPKQ,2013-08-29,2659238903,2013-03-09,2013-04-08,46.86,No,2013-04-12,Paper,34,4,Late,1–7 Days Late,2013-03-01,2
818,9181-HEKGV,2013-10-16,2666514859,2013-08-27,2013-09-26,99.82,Yes,2013-10-06,Paper,40,10,Late,8–14 Days Late,2013-08-01,3
770,5592-UQXSS,2012-12-31,2669865910,2013-09-07,2013-10-07,14.53,No,2013-10-03,Electronic,26,0,On Time,On Time,2013-09-01,1
391,3569-VJWXS,2013-04-09,2672884008,2013-06-23,2013-07-23,88.56,No,2013-07-03,Electronic,10,0,On Time,On Time,2013-06-01,1
818,8102-ABPKQ,2013-08-29,2675977268,2013-05-29,2013-06-28,67.35,Yes,2013-07-23,Paper,55,25,Late,15–30 Days Late,2013-05-01,4
391,2820-XGXSB,2012-01-26,2677499546,2013-10-13,2013-11-12,54.18,No,2013-10-18,Electronic,5,0,On Time,On Time,2013-10-01,1
770,9928-IJYBQ,2012-03-18,2680537112,2012-12-31,2013-01-30,49.68,No,2013-02-02,Electronic,33,3,Late,1–7 Days Late,2012-12-01,2
406,5164-VMYWJ,2013-11-27,2686795105,2013-01-14,2013-02-13,51.86,No,2013-02-09,Paper,26,0,On Time,On Time,2013-01-01,1
391,3598-DNURW,2012-08-29,2690415975,2012-07-20,2012-08-19,84.54,No,2012-08-13,Paper,24,0,On Time,On Time,2012-07-01,1
406,6833-ETVHD,2012-04-30,2691990675,2012-05-01,2012-05-31,93.7,No,2012-05-21,Electronic,20,0,On Time,On Time,2012-05-01,1
770,7260-ZHAKS,2012-06-17,2693687613,2013-11-06,2013-12-06,56.24,No,2013-11-27,Electronic,21,0,On Time,On Time,2013-11-01,1
897,7372-CESLR,2013-01-11,2694732247,2012-03-18,2012-04-17,30.08,No,2012-04-09,Paper,22,0,On Time,On Time,2012-03-01,1
897,0688-XNJRO,2012-06-24,2698045799,2013-03-26,2013-04-25,55.16,Yes,2013-05-27,Electronic,62,32,Late,Over 30 Days Late,2013-03-01,5
406,7938-EVASK,2012-12-15,2699755955,2013-06-22,2013-07-22,38.81,No,2013-07-27,Electronic,35,5,Late,1–7 Days Late,2013-06-01,2
770,6077-FDQRK,2012-09-11,2702927066,2013-05-14,2013-06-13,43.07,No,2013-05-28,Electronic,14,0,On Time,On Time,2013-05-01,1
391,2423-QOKIO,2013-05-11,2714712437,2012-12-28,2013-01-27,96.31,No,2013-01-22,Paper,25,0,On Time,On Time,2012-12-01,1
818,3568-JJMFW,2012-01-09,2717531125,2012-10-05,2012-11-04,83.13,Yes,2012-10-28,Electronic,23,0,On Time,On Time,2012-10-01,1
818,6627-ELFBK,2012-11-26,2726493725,2013-02-13,2013-03-15,57.35,No,2013-02-25,Electronic,12,0,On Time,On Time,2013-02-01,1
391,2423-QOKIO,2013-05-11,2726898858,2013-06-01,2013-07-01,77.98,No,2013-06-18,Electronic,17,0,On Time,On Time,2013-06-01,1
406,6048-QPZCF,2012-07-13,2732194894,2013-06-09,2013-07-09,77.08,Yes,2013-06-27,Electronic,18,0,On Time,On Time,2013-06-01,1
406,3448-OWJOT,2012-09-15,2739453651,2013-09-14,2013-10-14,60.14,Yes,2013-10-16,Electronic,32,2,Late,1–7 Days Late,2013-09-01,2
406,8389-TCXFQ,2012-08-24,2741619477,2013-06-11,2013-07-11,88.19,No,2013-07-06,Electronic,25,0,On Time,On Time,2013-06-01,1
391,2676-DZINU,2012-10-19,2742482273,2012-11-15,2012-12-15,55.93,Yes,2012-12-06,Electronic,21,0,On Time,On Time,2012-11-01,1
897,9460-VAZGD,2013-08-10,2744921812,2012-08-20,2012-09-19,52.05,No,2012-09-06,Paper,17,0,On Time,On Time,2012-08-01,1
897,0688-XNJRO,2012-06-24,2745672878,2012-11-14,2012-12-14,23.05,No,2012-12-25,Electronic,41,11,Late,8–14 Days Late,2012-11-01,3
818,5875-VZQCZ,2013-07-15,2746735879,2013-03-25,2013-04-24,50.79,Yes,2013-05-06,Paper,42,12,Late,8–14 Days Late,2013-03-01,3
406,4632-QZOKX,2013-03-19,2748256708,2013-03-25,2013-04-24,64.32,Yes,2013-04-25,Electronic,31,1,Late,1–7 Days Late,2013-03-01,2
391,0379-NEVHP,2013-04-06,2748334767,2013-06-24,2013-07-24,61.66,No,2013-07-11,Electronic,17,0,On Time,On Time,2013-06-01,1
391,7209-MDWKR,2013-10-09,2752068327,2013-07-23,2013-08-22,56.03,No,2013-08-18,Paper,26,0,On Time,On Time,2013-07-01,1
770,4460-ZXNDN,2013-06-27,2757630472,2013-04-28,2013-05-28,62.63,No,2013-06-01,Paper,34,4,Late,1–7 Days Late,2013-04-01,2
897,1168-BEASA,2013-11-06,2758133753,2013-06-12,2013-07-12,26.8,No,2013-07-03,Paper,21,0,On Time,On Time,2013-06-01,1
770,2687-XWAMA,2013-04-03,2765073058,2013-04-15,2013-05-15,55.33,No,2013-04-25,Electronic,10,0,On Time,On Time,2013-04-01,1
897,9460-VAZGD,2013-08-10,2771850469,2012-10-28,2012-11-27,45.13,No,2012-11-22,Paper,25,0,On Time,On Time,2012-10-01,1
818,7695-NKUXM,2012-11-21,2783374260,2013-03-20,2013-04-19,49.9,No,2013-03-24,Electronic,4,0,On Time,On Time,2013-03-01,1
406,7938-EVASK,2012-12-15,2794370654,2012-01-16,2012-02-15,87.78,No,2012-02-20,Paper,35,5,Late,1–7 Days Late,2012-01-01,2
391,7841-HROAQ,2013-09-15,2800981232,2012-07-02,2012-08-01,89.14,No,2012-07-28,Paper,26,0,On Time,On Time,2012-07-01,1
406,5164-VMYWJ,2013-11-27,2801147000,2013-03-03,2013-04-02,79.74,No,2013-03-25,Paper,22,0,On Time,On Time,2013-03-01,1
391,0709-LZRJV,2013-06-20,2806337298,2012-02-19,2012-03-20,62.85,No,2012-03-25,Paper,35,5,Late,1–7 Days Late,2012-02-01,2
406,8389-TCXFQ,2012-08-24,2806345363,2013-04-18,2013-05-18,50.37,No,2013-05-08,Electronic,20,0,On Time,On Time,2013-04-01,1
391,5196-TWQXF,2012-06-20,2811916189,2013-10-28,2013-11-27,54.07,No,2013-11-13,Electronic,16,0,On Time,On Time,2013-10-01,1
391,1080-NDGAE,2012-09-28,2818239190,2012-07-15,2012-08-14,61.48,No,2012-08-13,Paper,29,0,On Time,On Time,2012-07-01,1
391,2820-XGXSB,2012-01-26,2819777550,2013-05-24,2013-06-23,61.45,No,2013-05-28,Electronic,4,0,On Time,On Time,2013-05-01,1
391,9212-BTDMX,2012-04-22,2824604487,2012-01-28,2012-02-27,74.25,No,2012-02-13,Paper,16,0,On Time,On Time,2012-01-01,1
770,6077-FDQRK,2012-09-11,2827612677,2012-11-21,2012-12-21,33.36,No,2012-12-07,Electronic,16,0,On Time,On Time,2012-11-01,1
818,8102-ABPKQ,2013-08-29,2836103383,2012-05-10,2012-06-09,68.21,Yes,2012-06-23,Paper,44,14,Late,8–14 Days Late,2012-05-01,3
406,9117-LYRCE,2013-07-05,2840107285,2013-01-02,2013-02-01,49.59,No,2013-02-06,Paper,35,5,Late,1–7 Days Late,2013-01-01,2
770,9928-IJYBQ,2012-03-18,2843203106,2012-06-27,2012-07-27,45.75,No,2012-07-31,Electronic,34,4,Late,1–7 Days Late,2012-06-01,2
406,9322-YCTQO,2012-04-06,2863276075,2012-03-26,2012-04-25,95.94,No,2012-05-06,Paper,41,11,Late,8–14 Days Late,2012-03-01,3
391,3598-DNURW,2012-08-29,2867355070,2013-11-05,2013-12-05,90.41,No,2013-11-22,Electronic,17,0,On Time,On Time,2013-11-01,1
391,6708-DPYTF,2012-08-02,2871447909,2013-05-05,2013-06-04,76.49,No,2013-06-03,Electronic,29,0,On Time,On Time,2013-05-01,1
406,8976-AMJEO,2012-03-03,2872500354,2012-03-25,2012-04-24,67.41,No,2012-04-18,Electronic,24,0,On Time,On Time,2012-03-01,1
391,0709-LZRJV,2013-06-20,2879905746,2013-11-24,2013-12-24,56.29,No,2013-12-24,Electronic,30,0,On Time,On Time,2013-11-01,1
818,5875-VZQCZ,2013-07-15,2882083969,2013-05-22,2013-06-21,66.06,Yes,2013-07-08,Paper,47,17,Late,15–30 Days Late,2013-05-01,4
770,7050-KQLDO,2012-09-29,2884857136,2012-09-19,2012-10-19,52.53,No,2012-10-13,Paper,24,0,On Time,On Time,2012-09-01,1
897,7372-CESLR,2013-01-11,2898287464,2012-10-28,2012-11-27,12.7,No,2012-11-25,Paper,28,0,On Time,On Time,2012-10-01,1
391,7329-TWKLF,2013-11-20,2899243412,2012-06-30,2012-07-30,74.22,No,2012-07-23,Paper,23,0,On Time,On Time,2012-06-01,1
897,7372-CESLR,2013-01-11,2900528557,2012-11-28,2012-12-28,41.76,No,2012-12-31,Paper,33,3,Late,1–7 Days Late,2012-11-01,2
391,7209-MDWKR,2013-10-09,2906379133,2012-12-17,2013-01-16,66.75,No,2013-02-01,Paper,46,16,Late,15–30 Days Late,2012-12-01,4
391,1080-NDGAE,2012-09-28,2912484665,2013-08-05,2013-09-04,92.16,Yes,2013-09-08,Electronic,34,4,Late,1–7 Days Late,2013-08-01,2
406,7245-CKNCN,2012-06-04,2923296215,2012-01-04,2012-02-03,67.71,No,2012-01-28,Paper,24,0,On Time,On Time,2012-01-01,1
818,5148-SYKLB,2013-08-28,2924198306,2013-10-31,2013-11-30,91.26,No,2013-11-22,Electronic,22,0,On Time,On Time,2013-10-01,1
818,6627-ELFBK,2012-11-26,2924562161,2012-12-17,2013-01-16,98.73,No,2013-01-03,Electronic,17,0,On Time,On Time,2012-12-01,1
391,1080-NDGAE,2012-09-28,2925434206,2013-10-11,2013-11-10,76.07,No,2013-10-23,Electronic,12,0,On Time,On Time,2013-10-01,1
897,6177-VTITE,2012-10-26,2926591272,2013-06-22,2013-07-22,36.62,Yes,2013-07-16,Electronic,24,0,On Time,On Time,2013-06-01,1
770,7260-ZHAKS,2012-06-17,2936586813,2013-04-30,2013-05-30,59.78,No,2013-05-30,Electronic,30,0,On Time,On Time,2013-04-01,1
818,7695-NKUXM,2012-11-21,2938081000,2012-03-19,2012-04-18,57.21,Yes,2012-04-06,Paper,18,0,On Time,On Time,2012-03-01,1
406,8389-TCXFQ,2012-08-24,2941967523,2013-01-12,2013-02-11,60.35,Yes,2013-02-17,Electronic,36,6,Late,1–7 Days Late,2013-01-01,2
770,7758-WKLVM,2012-02-06,2947584001,2013-03-19,2013-04-18,72.5,Yes,2013-05-11,Electronic,53,23,Late,15–30 Days Late,2013-03-01,4
897,9460-VAZGD,2013-08-10,2947790220,2012-01-05,2012-02-04,32.28,No,2012-01-19,Paper,14,0,On Time,On Time,2012-01-01,1
818,3271-HYHDN,2013-04-28,2949843698,2012-04-10,2012-05-10,39.35,No,2012-04-15,Paper,5,0,On Time,On Time,2012-04-01,1
391,5920-DPXLN,2012-11-11,2952430924,2013-06-11,2013-07-11,53.09,No,2013-06-21,Electronic,10,0,On Time,On Time,2013-06-01,1
406,5164-VMYWJ,2013-11-27,2953405140,2013-08-21,2013-09-20,61.41,No,2013-09-12,Paper,22,0,On Time,On Time,2013-08-01,1
897,0688-XNJRO,2012-06-24,2960848343,2013-08-22,2013-09-21,36.6,No,2013-09-26,Electronic,35,5,Late,1–7 Days Late,2013-08-01,2
391,6632-CGYHU,2013-01-08,2962262974,2013-09-06,2013-10-06,56.5,No,2013-09-13,Electronic,7,0,On Time,On Time,2013-09-01,1
818,2824-HJQPP,2013-09-04,2964011777,2013-01-06,2013-02-05,70.5,No,2013-01-30,Paper,24,0,On Time,On Time,2013-01-01,1
818,9181-HEKGV,2013-10-16,2966579935,2013-05-18,2013-06-17,99.85,Yes,2013-07-15,Paper,58,28,Late,15–30 Days Late,2013-05-01,4
897,8942-ERSWK,2013-01-11,2969671399,2013-05-26,2013-06-25,7.47,No,2013-05-31,Electronic,5,0,On Time,On Time,2013-05-01,1
897,1168-BEASA,2013-11-06,2969926155,2013-06-11,2013-07-11,82.63,No,2013-07-03,Paper,22,0,On Time,On Time,2013-06-01,1
391,5920-DPXLN,2012-11-11,2969979027,2012-12-30,2013-01-29,50.34,No,2013-01-14,Electronic,15,0,On Time,On Time,2012-12-01,1
770,6831-FIODB,2013-05-08,2970425808,2013-08-13,2013-09-12,35.74,No,2013-09-01,Electronic,19,0,On Time,On Time,2013-08-01,1
897,7372-CESLR,2013-01-11,2977673351,2013-06-03,2013-07-03,34.89,No,2013-06-24,Electronic,21,0,On Time,On Time,2013-06-01,1
406,8976-AMJEO,2012-03-03,2979360755,2012-05-12,2012-06-11,103.67,No,2012-06-02,Electronic,21,0,On Time,On Time,2012-05-01,1
770,7856-ODQFO,2012-08-05,2987359559,2013-03-08,2013-04-07,57.96,Yes,2013-04-24,Electronic,47,17,Late,15–30 Days Late,2013-03-01,4
391,0379-NEVHP,2013-04-06,2998565198,2012-02-12,2012-03-13,28.21,No,2012-02-28,Paper,16,0,On Time,On Time,2012-02-01,1
391,6632-CGYHU,2013-01-08,3007642107,2012-05-20,2012-06-19,56.03,No,2012-06-01,Paper,12,0,On Time,On Time,2012-05-01,1
818,8364-UWVLM,2012-11-10,3014047428,2012-11-12,2012-12-12,92.03,No,2012-12-08,Electronic,26,0,On Time,On Time,2012-11-01,1
391,7209-MDWKR,2013-10-09,3021707927,2012-08-20,2012-09-19,75.55,No,2012-09-17,Paper,28,0,On Time,On Time,2012-08-01,1
406,7600-OISKG,2013-07-19,3023099566,2013-02-18,2013-03-20,45.51,No,2013-03-07,Paper,17,0,On Time,On Time,2013-02-01,1
770,2026-XLBER,2012-11-12,3025631462,2013-04-26,2013-05-26,103.54,Yes,2013-05-25,Electronic,29,0,On Time,On Time,2013-04-01,1
897,9250-VHLWY,2013-06-03,3030097145,2012-02-20,2012-03-21,68.41,No,2012-03-18,Paper,27,0,On Time,On Time,2012-02-01,1
818,5148-SYKLB,2013-08-28,3032739429,2013-05-10,2013-06-09,86.41,Yes,2013-06-11,Paper,32,2,Late,1–7 Days Late,2013-05-01,2
818,1604-LIFKX,2013-03-16,3037486776,2013-01-29,2013-02-28,79.37,No,2013-03-11,Paper,41,11,Late,8–14 Days Late,2013-01-01,3
818,8887-NCUZC,2013-01-22,3047515591,2013-02-03,2013-03-05,37.17,Yes,2013-03-18,Electronic,43,13,Late,8–14 Days Late,2013-02-01,3
391,2676-DZINU,2012-10-19,3053205526,2012-05-28,2012-06-27,56.56,No,2012-06-10,Paper,13,0,On Time,On Time,2012-05-01,1
770,9928-IJYBQ,2012-03-18,3053271258,2013-04-03,2013-05-03,83.95,No,2013-05-09,Electronic,36,6,Late,1–7 Days Late,2013-04-01,2
391,0379-NEVHP,2013-04-06,3056950219,2013-08-11,2013-09-10,47.08,No,2013-08-21,Electronic,10,0,On Time,On Time,2013-08-01,1
406,9758-AIEIK,2012-04-23,3059762404,2012-05-25,2012-06-24,51.34,No,2012-06-11,Electronic,17,0,On Time,On Time,2012-05-01,1
391,6632-CGYHU,2013-01-08,3060840745,2012-10-25,2012-11-24,83.68,No,2012-11-09,Paper,15,0,On Time,On Time,2012-10-01,1
391,9174-IYKOC,2012-11-27,3066073542,2012-03-02,2012-04-01,53.79,No,2012-04-02,Paper,31,1,Late,1–7 Days Late,2012-03-01,2
818,2824-HJQPP,2013-09-04,3077571538,2013-02-27,2013-03-29,64.54,No,2013-03-18,Paper,19,0,On Time,On Time,2013-02-01,1
406,4640-FGEJI,2013-04-04,3078815567,2013-04-02,2013-05-02,94.62,No,2013-04-21,Paper,19,0,On Time,On Time,2013-04-01,1
770,7228-LEPPM,2012-04-30,3085234788,2013-02-09,2013-03-11,34.7,No,2013-03-14,Electronic,33,3,Late,1–7 Days Late,2013-02-01,2
406,8389-TCXFQ,2012-08-24,3086321519,2013-03-01,2013-03-31,53.38,Yes,2013-04-13,Electronic,43,13,Late,8–14 Days Late,2013-03-01,3
770,7758-WKLVM,2012-02-06,3089793704,2012-10-09,2012-11-08,56.82,No,2012-11-10,Electronic,32,2,Late,1–7 Days Late,2012-10-01,2
406,9117-LYRCE,2013-07-05,3090463749,2013-03-01,2013-03-31,58.69,Yes,2013-04-30,Paper,60,30,Late,15–30 Days Late,2013-03-01,4
391,9014-WENVB,2013-08-03,3090692385,2012-11-22,2012-12-22,89.68,No,2012-12-24,Paper,32,2,Late,1–7 Days Late,2012-11-01,2
818,8364-UWVLM,2012-11-10,3091329049,2013-02-06,2013-03-08,91.59,Yes,2013-03-08,Electronic,30,0,On Time,On Time,2013-02-01,1
818,6627-ELFBK,2012-11-26,3094167273,2013-08-01,2013-08-31,86.83,No,2013-08-23,Electronic,22,0,On Time,On Time,2013-08-01,1
818,8102-ABPKQ,2013-08-29,3097229122,2013-04-08,2013-05-08,56.01,Yes,2013-05-08,Paper,30,0,On Time,On Time,2013-04-01,1
391,9014-WENVB,2013-08-03,3102041998,2012-01-17,2012-02-16,69.99,No,2012-02-15,Paper,29,0,On Time,On Time,2012-01-01,1
406,7600-OISKG,2013-07-19,3109120531,2013-08-04,2013-09-03,90.54,Yes,2013-09-02,Electronic,29,0,On Time,On Time,2013-08-01,1
897,8942-ERSWK,2013-01-11,3110080050,2012-09-18,2012-10-18,13.06,No,2012-09-30,Paper,12,0,On Time,On Time,2012-09-01,1
818,3568-JJMFW,2012-01-09,3110539999,2012-03-30,2012-04-29,36.21,Yes,2012-04-29,Electronic,30,0,On Time,On Time,2012-03-01,1
391,7209-MDWKR,2013-10-09,3110878377,2013-06-19,2013-07-19,36.23,No,2013-07-12,Paper,23,0,On Time,On Time,2013-06-01,1
897,8942-ERSWK,2013-01-11,3112379825,2013-05-25,2013-06-24,51.6,No,2013-06-02,Electronic,8,0,On Time,On Time,2013-05-01,1
897,9250-VHLWY,2013-06-03,3113502518,2012-09-15,2012-10-15,46.49,No,2012-10-15,Paper,30,0,On Time,On Time,2012-09-01,1
770,2026-XLBER,2012-11-12,3115534110,2013-05-31,2013-06-30,70.66,Yes,2013-06-26,Electronic,26,0,On Time,On Time,2013-05-01,1
897,9250-VHLWY,2013-06-03,3121730234,2012-10-05,2012-11-04,48.87,No,2012-10-26,Paper,21,0,On Time,On Time,2012-10-01,1
897,8942-ERSWK,2013-01-11,3123420222,2012-07-03,2012-08-02,25.41,No,2012-07-11,Paper,8,0,On Time,On Time,2012-07-01,1
391,2423-QOKIO,2013-05-11,3138040805,2012-10-02,2012-11-01,75.21,No,2012-11-01,Paper,30,0,On Time,On Time,2012-10-01,1
770,9149-MATVB,2013-04-30,3141193941,2013-01-09,2013-02-08,65.81,No,2013-02-03,Paper,25,0,On Time,On Time,2013-01-01,1
818,6627-ELFBK,2012-11-26,3146057306,2012-08-08,2012-09-07,78,No,2012-08-26,Paper,18,0,On Time,On Time,2012-08-01,1
818,7946-HJDUR,2012-02-21,3148320908,2013-10-31,2013-11-30,56.48,No,2013-11-28,Electronic,28,0,On Time,On Time,2013-10-01,1
406,5284-DJOZO,2012-09-11,3148914031,2012-02-28,2012-03-29,78.91,No,2012-03-14,Paper,15,0,On Time,On Time,2012-02-01,1
391,8156-PCYBM,2012-03-03,3148980303,2012-05-17,2012-06-16,82.2,No,2012-06-15,Electronic,29,0,On Time,On Time,2012-05-01,1
897,9250-VHLWY,2013-06-03,3153726272,2013-01-20,2013-02-19,65.43,No,2013-02-10,Paper,21,0,On Time,On Time,2013-01-01,1
406,8389-TCXFQ,2012-08-24,3154502347,2013-03-10,2013-04-09,37.02,Yes,2013-04-05,Electronic,26,0,On Time,On Time,2013-03-01,1
770,2687-XWAMA,2013-04-03,3155625555,2013-05-06,2013-06-05,41.72,No,2013-05-09,Electronic,3,0,On Time,On Time,2013-05-01,1
391,7841-HROAQ,2013-09-15,3155920868,2012-08-08,2012-09-07,53.74,No,2012-09-04,Paper,27,0,On Time,On Time,2012-08-01,1
770,6077-FDQRK,2012-09-11,3158139891,2012-07-29,2012-08-28,32.59,No,2012-08-16,Paper,18,0,On Time,On Time,2012-07-01,1
818,5613-UHVMG,2012-05-31,3160080084,2013-04-16,2013-05-16,71.86,No,2013-05-24,Electronic,38,8,Late,8–14 Days Late,2013-04-01,3
770,3831-FXWYK,2013-03-08,3161602616,2012-03-29,2012-04-28,79.28,No,2012-05-06,Paper,38,8,Late,8–14 Days Late,2012-03-01,3
391,3598-DNURW,2012-08-29,3162263646,2012-09-29,2012-10-29,90.91,No,2012-10-19,Electronic,20,0,On Time,On Time,2012-09-01,1
406,7600-OISKG,2013-07-19,3163580771,2012-08-01,2012-08-31,79.02,Yes,2012-08-30,Paper,29,0,On Time,On Time,2012-08-01,1
406,6048-QPZCF,2012-07-13,3166292468,2013-09-25,2013-10-25,88.58,Yes,2013-10-19,Electronic,24,0,On Time,On Time,2013-09-01,1
818,3568-JJMFW,2012-01-09,3168924777,2013-04-25,2013-05-25,72.88,Yes,2013-05-13,Electronic,18,0,On Time,On Time,2013-04-01,1
770,7050-KQLDO,2012-09-29,3170339882,2012-03-07,2012-04-06,62.24,No,2012-04-05,Paper,29,0,On Time,On Time,2012-03-01,1
391,2125-HJDLA,2012-05-22,3171200707,2012-12-30,2013-01-29,61.93,No,2013-02-16,Electronic,48,18,Late,15–30 Days Late,2012-12-01,4
897,7654-DOLHO,2012-04-04,3177584497,2012-08-11,2012-09-10,23.04,No,2012-09-06,Electronic,26,0,On Time,On Time,2012-08-01,1
818,6004-KITZM,2013-09-01,3180169613,2012-06-16,2012-07-16,65.51,No,2012-07-06,Paper,20,0,On Time,On Time,2012-06-01,1
406,7245-CKNCN,2012-06-04,3191043730,2012-11-02,2012-12-02,61.57,No,2012-11-18,Electronic,16,0,On Time,On Time,2012-11-01,1
818,3568-JJMFW,2012-01-09,3191622040,2013-05-25,2013-06-24,96.64,Yes,2013-06-10,Electronic,16,0,On Time,On Time,2013-05-01,1
897,9883-SDWFS,2013-07-08,3193716421,2012-05-23,2012-06-22,19.01,Yes,2012-07-05,Paper,43,13,Late,8–14 Days Late,2012-05-01,3
818,8102-ABPKQ,2013-08-29,3197860193,2012-09-22,2012-10-22,32.86,No,2012-11-02,Paper,41,11,Late,8–14 Days Late,2012-09-01,3
818,6627-ELFBK,2012-11-26,3205321485,2012-01-20,2012-02-19,60.52,No,2012-02-11,Paper,22,0,On Time,On Time,2012-01-01,1
770,7260-ZHAKS,2012-06-17,3206241963,2013-02-22,2013-03-24,89.44,No,2013-03-16,Electronic,22,0,On Time,On Time,2013-02-01,1
391,8820-BLYDZ,2013-03-19,3208997911,2013-01-12,2013-02-11,46.32,No,2013-01-21,Paper,9,0,On Time,On Time,2013-01-01,1
391,2676-DZINU,2012-10-19,3218896620,2013-08-05,2013-09-04,52.5,No,2013-08-13,Electronic,8,0,On Time,On Time,2013-08-01,1
818,8364-UWVLM,2012-11-10,3219214405,2013-03-16,2013-04-15,62.67,Yes,2013-04-19,Electronic,34,4,Late,1–7 Days Late,2013-03-01,2
818,2824-HJQPP,2013-09-04,3223401501,2012-11-30,2012-12-30,100.08,No,2012-12-30,Paper,30,0,On Time,On Time,2012-11-01,1
770,4460-ZXNDN,2013-06-27,3224727771,2013-02-23,2013-03-25,84.71,Yes,2013-04-01,Paper,37,7,Late,1–7 Days Late,2013-02-01,2
406,9117-LYRCE,2013-07-05,3225557120,2013-02-20,2013-03-22,29.25,No,2013-03-23,Paper,31,1,Late,1–7 Days Late,2013-02-01,2
391,6708-DPYTF,2012-08-02,3228259319,2012-11-11,2012-12-11,94.19,No,2012-12-15,Electronic,34,4,Late,1–7 Days Late,2012-11-01,2
391,7841-HROAQ,2013-09-15,3230944193,2012-07-24,2012-08-23,77.84,No,2012-08-15,Paper,22,0,On Time,On Time,2012-07-01,1
406,4092-ZAVRG,2012-05-19,3240616518,2013-10-18,2013-11-17,63.56,No,2013-10-22,Electronic,4,0,On Time,On Time,2013-10-01,1
391,3569-VJWXS,2013-04-09,3242588970,2013-05-15,2013-06-14,35.23,No,2013-06-07,Electronic,23,0,On Time,On Time,2013-05-01,1
770,4460-ZXNDN,2013-06-27,3242899571,2012-03-25,2012-04-24,45.59,No,2012-04-28,Paper,34,4,Late,1–7 Days Late,2012-03-01,2
770,3993-QUNVJ,2012-12-31,3244991557,2013-04-06,2013-05-06,76.44,No,2013-04-17,Electronic,11,0,On Time,On Time,2013-04-01,1
770,7758-WKLVM,2012-02-06,3248497540,2012-06-09,2012-07-09,68.06,No,2012-07-06,Electronic,27,0,On Time,On Time,2012-06-01,1
770,7758-WKLVM,2012-02-06,3248545962,2012-03-24,2012-04-23,63.08,Yes,2012-05-07,Electronic,44,14,Late,8–14 Days Late,2012-03-01,3
770,9149-MATVB,2013-04-30,3250840107,2013-11-28,2013-12-28,42.57,No,2013-12-23,Electronic,25,0,On Time,On Time,2013-11-01,1
770,7856-ODQFO,2012-08-05,3261039339,2013-03-29,2013-04-28,14.63,No,2013-04-24,Electronic,26,0,On Time,On Time,2013-03-01,1
770,9928-IJYBQ,2012-03-18,3264536681,2012-10-15,2012-11-14,32.77,No,2012-11-16,Electronic,32,2,Late,1–7 Days Late,2012-10-01,2
406,8976-AMJEO,2012-03-03,3267864290,2012-01-15,2012-02-14,57.55,No,2012-02-15,Paper,31,1,Late,1–7 Days Late,2012-01-01,2
897,9883-SDWFS,2013-07-08,3271911081,2013-08-26,2013-09-25,49.68,Yes,2013-10-15,Electronic,50,20,Late,15–30 Days Late,2013-08-01,4
391,2676-DZINU,2012-10-19,3284111300,2012-07-14,2012-08-13,89.31,No,2012-08-02,Paper,19,0,On Time,On Time,2012-07-01,1
406,5573-KSOIA,2013-09-30,3285658330,2013-08-19,2013-09-18,47.54,No,2013-09-26,Paper,38,8,Late,8–14 Days Late,2013-08-01,3
391,1080-NDGAE,2012-09-28,3289097967,2013-08-30,2013-09-29,82.6,Yes,2013-10-03,Electronic,34,4,Late,1–7 Days Late,2013-08-01,2
406,0783-PEPYR,2013-11-27,3289137440,2012-08-02,2012-09-01,84.75,No,2012-09-13,Paper,42,12,Late,8–14 Days Late,2012-08-01,3
897,6391-GBFQJ,2013-11-25,3289419980,2012-03-24,2012-04-23,7.11,No,2012-04-09,Paper,16,0,On Time,On Time,2012-03-01,1
391,9212-BTDMX,2012-04-22,3294653032,2012-12-07,2013-01-06,77.73,No,2012-12-19,Electronic,12,0,On Time,On Time,2012-12-01,1
897,7372-CESLR,2013-01-11,3298709830,2012-04-10,2012-05-10,21.24,No,2012-05-04,Paper,24,0,On Time,On Time,2012-04-01,1
406,9725-EZTEJ,2012-03-17,3312319528,2012-06-07,2012-07-07,72.6,No,2012-06-16,Electronic,9,0,On Time,On Time,2012-06-01,1
770,6077-FDQRK,2012-09-11,3314980148,2012-01-08,2012-02-07,28.84,No,2012-02-01,Paper,24,0,On Time,On Time,2012-01-01,1
770,2026-XLBER,2012-11-12,3315197094,2013-09-13,2013-10-13,61.79,Yes,2013-10-03,Electronic,20,0,On Time,On Time,2013-09-01,1
406,6833-ETVHD,2012-04-30,3319185490,2012-05-10,2012-06-09,77.76,No,2012-05-30,Electronic,20,0,On Time,On Time,2012-05-01,1
391,7329-TWKLF,2013-11-20,3320090298,2013-05-19,2013-06-18,79.65,No,2013-06-05,Paper,17,0,On Time,On Time,2013-05-01,1
391,5529-TBPGK,2013-08-09,3336714183,2012-03-17,2012-04-16,53.36,No,2012-04-15,Paper,29,0,On Time,On Time,2012-03-01,1
770,9323-NDIOV,2012-07-09,3341311423,2013-09-02,2013-10-02,68.97,No,2013-09-28,Electronic,26,0,On Time,On Time,2013-09-01,1
391,0709-LZRJV,2013-06-20,3342383577,2013-06-21,2013-07-21,36.09,No,2013-07-12,Electronic,21,0,On Time,On Time,2013-06-01,1
391,6632-CGYHU,2013-01-08,3345939091,2013-11-21,2013-12-21,102.41,No,2013-11-28,Electronic,7,0,On Time,On Time,2013-11-01,1
818,3568-JJMFW,2012-01-09,3347038968,2012-06-13,2012-07-13,81.7,Yes,2012-07-10,Electronic,27,0,On Time,On Time,2012-06-01,1
406,0783-PEPYR,2013-11-27,3347423476,2013-05-27,2013-06-26,104.52,No,2013-07-07,Paper,41,11,Late,8–14 Days Late,2013-05-01,3
818,8102-ABPKQ,2013-08-29,3353183486,2012-10-29,2012-11-28,49.7,No,2012-11-30,Paper,32,2,Late,1–7 Days Late,2012-10-01,2
391,0709-LZRJV,2013-06-20,3355481569,2013-08-27,2013-09-26,62.73,No,2013-09-19,Electronic,23,0,On Time,On Time,2013-08-01,1
391,6160-HCSFI,2013-01-10,3357258713,2013-03-24,2013-04-23,65.37,No,2013-04-07,Electronic,14,0,On Time,On Time,2013-03-01,1
406,5164-VMYWJ,2013-11-27,3359614666,2012-10-30,2012-11-29,56.93,No,2012-11-17,Paper,18,0,On Time,On Time,2012-10-01,1
406,9322-YCTQO,2012-04-06,3362601597,2013-11-30,2013-12-30,52.54,No,2014-01-05,Electronic,36,6,Late,1–7 Days Late,2013-11-01,2
770,2687-XWAMA,2013-04-03,3363342172,2013-03-09,2013-04-08,44.75,No,2013-03-26,Paper,17,0,On Time,On Time,2013-03-01,1
406,4640-FGEJI,2013-04-04,3369665872,2013-04-20,2013-05-20,63.48,No,2013-05-16,Electronic,26,0,On Time,On Time,2013-04-01,1
818,6627-ELFBK,2012-11-26,3371422208,2013-05-11,2013-06-10,61.03,No,2013-05-25,Electronic,14,0,On Time,On Time,2013-05-01,1
897,8942-ERSWK,2013-01-11,3372046335,2012-03-17,2012-04-16,26.16,Yes,2012-04-12,Paper,26,0,On Time,On Time,2012-03-01,1
818,8102-ABPKQ,2013-08-29,3374535086,2013-08-12,2013-09-11,49.31,Yes,2013-09-30,Paper,49,19,Late,15–30 Days Late,2013-08-01,4
897,8942-ERSWK,2013-01-11,3378881881,2013-03-16,2013-04-15,13.88,No,2013-03-21,Electronic,5,0,On Time,On Time,2013-03-01,1
897,8690-EEBEO,2012-12-05,3388237396,2012-12-04,2013-01-03,57.78,No,2013-01-10,Paper,37,7,Late,1–7 Days Late,2012-12-01,2
818,1604-LIFKX,2013-03-16,3388733623,2012-03-15,2012-04-14,58.17,No,2012-05-04,Paper,50,20,Late,15–30 Days Late,2012-03-01,4
391,1080-NDGAE,2012-09-28,3392014041,2012-03-01,2012-03-31,56.54,No,2012-03-24,Paper,23,0,On Time,On Time,2012-03-01,1
818,5924-UOPGH,2013-06-06,3394333507,2013-08-04,2013-09-03,65.6,No,2013-08-18,Electronic,14,0,On Time,On Time,2013-08-01,1
770,2026-XLBER,2012-11-12,3398429374,2013-09-01,2013-10-01,68.98,No,2013-09-12,Electronic,11,0,On Time,On Time,2013-09-01,1
391,0379-NEVHP,2013-04-06,3399547582,2012-10-24,2012-11-23,50.7,No,2012-11-06,Paper,13,0,On Time,On Time,2012-10-01,1
406,7245-CKNCN,2012-06-04,3404073698,2012-05-22,2012-06-21,87.82,No,2012-06-13,Paper,22,0,On Time,On Time,2012-05-01,1
391,7329-TWKLF,2013-11-20,3414952429,2013-03-10,2013-04-09,62.24,No,2013-04-05,Paper,26,0,On Time,On Time,2013-03-01,1
391,8156-PCYBM,2012-03-03,3416294053,2013-01-04,2013-02-03,58.03,No,2013-02-03,Electronic,30,0,On Time,On Time,2013-01-01,1
406,7245-CKNCN,2012-06-04,3418724483,2013-04-17,2013-05-17,79.26,No,2013-04-24,Electronic,7,0,On Time,On Time,2013-04-01,1
897,7372-CESLR,2013-01-11,3424410029,2013-11-13,2013-12-13,23.63,No,2013-11-19,Electronic,6,0,On Time,On Time,2013-11-01,1
770,4460-ZXNDN,2013-06-27,3428691656,2013-06-13,2013-07-13,50.47,No,2013-07-18,Paper,35,5,Late,1–7 Days Late,2013-06-01,2
391,2820-XGXSB,2012-01-26,3435598635,2012-11-28,2012-12-28,75.82,No,2012-12-02,Electronic,4,0,On Time,On Time,2012-11-01,1
770,6831-FIODB,2013-05-08,3437789966,2012-04-29,2012-05-29,52.26,No,2012-06-06,Paper,38,8,Late,8–14 Days Late,2012-04-01,3
391,3598-DNURW,2012-08-29,3438246206,2013-08-31,2013-09-30,66.01,No,2013-09-12,Electronic,12,0,On Time,On Time,2013-08-01,1
818,3568-JJMFW,2012-01-09,3442695944,2012-05-11,2012-06-10,84.39,Yes,2012-06-07,Electronic,27,0,On Time,On Time,2012-05-01,1
406,4092-ZAVRG,2012-05-19,3453759273,2012-12-09,2013-01-08,81.27,No,2012-12-13,Electronic,4,0,On Time,On Time,2012-12-01,1
391,6160-HCSFI,2013-01-10,3461153482,2012-10-12,2012-11-11,88.47,No,2012-11-07,Paper,26,0,On Time,On Time,2012-10-01,1
818,6004-KITZM,2013-09-01,3470607785,2013-04-13,2013-05-13,38.6,No,2013-05-01,Paper,18,0,On Time,On Time,2013-04-01,1
818,5875-VZQCZ,2013-07-15,3478923173,2012-05-28,2012-06-27,87.48,Yes,2012-07-03,Paper,36,6,Late,1–7 Days Late,2012-05-01,2
406,9725-EZTEJ,2012-03-17,3480348952,2012-04-11,2012-05-11,40.03,Yes,2012-05-08,Electronic,27,0,On Time,On Time,2012-04-01,1
770,9928-IJYBQ,2012-03-18,3480606970,2013-05-09,2013-06-08,58.83,No,2013-06-11,Electronic,33,3,Late,1–7 Days Late,2013-05-01,2
406,8389-TCXFQ,2012-08-24,3486080032,2012-08-23,2012-09-22,63.12,No,2012-09-22,Paper,30,0,On Time,On Time,2012-08-01,1
770,9149-MATVB,2013-04-30,3491048160,2013-08-28,2013-09-27,63.02,No,2013-09-17,Electronic,20,0,On Time,On Time,2013-08-01,1
391,3569-VJWXS,2013-04-09,3503012790,2013-05-14,2013-06-13,43.67,No,2013-05-29,Electronic,15,0,On Time,On Time,2013-05-01,1
391,9174-IYKOC,2012-11-27,3509509542,2013-08-09,2013-09-08,66.82,No,2013-09-02,Electronic,24,0,On Time,On Time,2013-08-01,1
897,9883-SDWFS,2013-07-08,3510258292,2012-06-13,2012-07-13,38.06,No,2012-07-09,Paper,26,0,On Time,On Time,2012-06-01,1
897,7654-DOLHO,2012-04-04,3511077910,2012-10-06,2012-11-05,47.44,No,2012-11-04,Electronic,29,0,On Time,On Time,2012-10-01,1
406,5284-DJOZO,2012-09-11,3515319067,2013-04-16,2013-05-16,88.74,Yes,2013-05-06,Electronic,20,0,On Time,On Time,2013-04-01,1
391,8820-BLYDZ,2013-03-19,3516217989,2012-09-03,2012-10-03,64.95,No,2012-09-16,Paper,13,0,On Time,On Time,2012-09-01,1
818,6627-ELFBK,2012-11-26,3517011034,2013-02-15,2013-03-17,65.28,No,2013-03-01,Electronic,14,0,On Time,On Time,2013-02-01,1
897,6391-GBFQJ,2013-11-25,3520423399,2013-10-04,2013-11-03,24.77,No,2013-10-17,Paper,13,0,On Time,On Time,2013-10-01,1
391,8156-PCYBM,2012-03-03,3520663396,2013-05-28,2013-06-27,74.59,No,2013-06-27,Electronic,30,0,On Time,On Time,2013-05-01,1
406,9322-YCTQO,2012-04-06,3523951475,2013-11-25,2013-12-25,107.04,No,2013-12-27,Electronic,32,2,Late,1–7 Days Late,2013-11-01,2
391,6160-HCSFI,2013-01-10,3524586307,2012-09-24,2012-10-24,55.36,No,2012-10-16,Paper,22,0,On Time,On Time,2012-09-01,1
770,7758-WKLVM,2012-02-06,3524717788,2012-02-15,2012-03-16,56.36,No,2012-03-25,Electronic,39,9,Late,8–14 Days Late,2012-02-01,3
897,7372-CESLR,2013-01-11,3530838063,2012-05-16,2012-06-15,50.58,No,2012-06-01,Paper,16,0,On Time,On Time,2012-05-01,1
770,0706-NRGUP,2013-04-09,3542268547,2013-08-27,2013-09-26,57.2,No,2013-10-01,Electronic,35,5,Late,1–7 Days Late,2013-08-01,2
391,8156-PCYBM,2012-03-03,3548287166,2013-10-07,2013-11-06,63.39,No,2013-11-03,Electronic,27,0,On Time,On Time,2013-10-01,1
391,0709-LZRJV,2013-06-20,3550686615,2012-02-28,2012-03-29,40.49,No,2012-03-19,Paper,20,0,On Time,On Time,2012-02-01,1
770,7260-ZHAKS,2012-06-17,3556035555,2012-05-06,2012-06-05,77.53,No,2012-06-11,Paper,36,6,Late,1–7 Days Late,2012-05-01,2
770,9323-NDIOV,2012-07-09,3556859305,2013-07-13,2013-08-12,44.48,No,2013-08-07,Electronic,25,0,On Time,On Time,2013-07-01,1
391,7209-MDWKR,2013-10-09,3557541459,2013-08-19,2013-09-18,51.86,No,2013-09-19,Paper,31,1,Late,1–7 Days Late,2013-08-01,2
406,3448-OWJOT,2012-09-15,3558050155,2012-07-28,2012-08-27,59.64,Yes,2012-09-07,Paper,41,11,Late,8–14 Days Late,2012-07-01,3
770,0625-TNJFG,2013-08-15,3559978043,2013-08-25,2013-09-24,50.17,No,2013-09-11,Electronic,17,0,On Time,On Time,2013-08-01,1
391,9014-WENVB,2013-08-03,3562071227,2013-03-14,2013-04-13,60.64,No,2013-04-16,Paper,33,3,Late,1–7 Days Late,2013-03-01,2
406,5573-KSOIA,2013-09-30,3563628885,2013-10-28,2013-11-27,67.26,No,2013-11-22,Electronic,25,0,On Time,On Time,2013-10-01,1
391,9014-WENVB,2013-08-03,3564452169,2013-07-20,2013-08-19,48.93,No,2013-08-14,Paper,25,0,On Time,On Time,2013-07-01,1
406,8389-TCXFQ,2012-08-24,3575343812,2013-05-23,2013-06-22,71.65,No,2013-06-15,Electronic,23,0,On Time,On Time,2013-05-01,1
770,9928-IJYBQ,2012-03-18,3581281649,2013-11-29,2013-12-29,54.16,No,2013-12-26,Electronic,27,0,On Time,On Time,2013-11-01,1
770,0625-TNJFG,2013-08-15,3582527568,2012-08-01,2012-08-31,64.44,No,2012-08-31,Paper,30,0,On Time,On Time,2012-08-01,1
897,9250-VHLWY,2013-06-03,3603372611,2013-04-15,2013-05-15,65.19,No,2013-05-07,Paper,22,0,On Time,On Time,2013-04-01,1
391,7209-MDWKR,2013-10-09,3605319346,2012-02-11,2012-03-12,39.67,No,2012-03-18,Paper,36,6,Late,1–7 Days Late,2012-02-01,2
897,6391-GBFQJ,2013-11-25,3619199367,2013-10-30,2013-11-29,30.47,No,2013-11-15,Paper,16,0,On Time,On Time,2013-10-01,1
770,2687-XWAMA,2013-04-03,3621497785,2012-12-19,2013-01-18,29.64,No,2013-01-01,Paper,13,0,On Time,On Time,2012-12-01,1
897,6391-GBFQJ,2013-11-25,3624022887,2012-09-11,2012-10-11,10.23,No,2012-09-27,Paper,16,0,On Time,On Time,2012-09-01,1
391,0709-LZRJV,2013-06-20,3636727153,2012-03-12,2012-04-11,67.83,Yes,2012-04-12,Paper,31,1,Late,1–7 Days Late,2012-03-01,2
406,5573-KSOIA,2013-09-30,3638200662,2012-12-23,2013-01-22,92.94,No,2013-02-07,Paper,46,16,Late,15–30 Days Late,2012-12-01,4
897,8690-EEBEO,2012-12-05,3651082685,2012-03-20,2012-04-19,29.34,No,2012-05-01,Paper,42,12,Late,8–14 Days Late,2012-03-01,3
391,5920-DPXLN,2012-11-11,3652831331,2013-11-22,2013-12-22,44.71,No,2013-12-04,Electronic,12,0,On Time,On Time,2013-11-01,1
406,4651-PMEXQ,2012-07-04,3655387597,2012-09-29,2012-10-29,63.1,No,2012-10-21,Electronic,22,0,On Time,On Time,2012-09-01,1
897,6177-VTITE,2012-10-26,3666273580,2012-05-23,2012-06-22,48.03,No,2012-06-09,Paper,17,0,On Time,On Time,2012-05-01,1
897,0688-XNJRO,2012-06-24,3671610537,2013-09-15,2013-10-15,33.37,No,2013-10-28,Electronic,43,13,Late,8–14 Days Late,2013-09-01,3
406,8389-TCXFQ,2012-08-24,3675527586,2013-08-15,2013-09-14,74.05,No,2013-08-29,Electronic,14,0,On Time,On Time,2013-08-01,1
897,8942-ERSWK,2013-01-11,3679770947,2013-01-12,2013-02-11,14.09,No,2013-01-21,Electronic,9,0,On Time,On Time,2013-01-01,1
818,7695-NKUXM,2012-11-21,3686599515,2013-09-10,2013-10-10,55.6,Yes,2013-10-03,Electronic,23,0,On Time,On Time,2013-09-01,1
770,9149-MATVB,2013-04-30,3693108174,2013-09-13,2013-10-13,37.88,No,2013-09-25,Electronic,12,0,On Time,On Time,2013-09-01,1
818,1604-LIFKX,2013-03-16,3693123052,2013-04-25,2013-05-25,47.82,No,2013-06-03,Electronic,39,9,Late,8–14 Days Late,2013-04-01,3
391,0379-NEVHP,2013-04-06,3699989123,2013-09-07,2013-10-07,62.88,No,2013-09-13,Electronic,6,0,On Time,On Time,2013-09-01,1
406,9771-QTLGZ,2012-12-10,3705856926,2013-04-29,2013-05-29,49.21,No,2013-05-03,Electronic,4,0,On Time,On Time,2013-04-01,1
818,9181-HEKGV,2013-10-16,3706686871,2012-04-16,2012-05-16,88.84,Yes,2012-06-18,Paper,63,33,Late,Over 30 Days Late,2012-04-01,5
391,0709-LZRJV,2013-06-20,3707879583,2012-10-30,2012-11-29,70.82,No,2012-11-29,Paper,30,0,On Time,On Time,2012-10-01,1
406,4640-FGEJI,2013-04-04,3714896459,2012-01-11,2012-02-10,84.42,No,2012-02-08,Paper,28,0,On Time,On Time,2012-01-01,1
897,6391-GBFQJ,2013-11-25,3715216234,2013-07-04,2013-08-03,10.76,No,2013-07-18,Paper,14,0,On Time,On Time,2013-07-01,1
897,7654-DOLHO,2012-04-04,3717676857,2012-09-13,2012-10-13,8.22,No,2012-10-05,Electronic,22,0,On Time,On Time,2012-09-01,1
406,0783-PEPYR,2013-11-27,3720515641,2012-11-02,2012-12-02,62.27,No,2012-12-04,Paper,32,2,Late,1–7 Days Late,2012-11-01,2
391,3569-VJWXS,2013-04-09,3723989407,2012-12-26,2013-01-25,34.86,No,2013-01-21,Paper,26,0,On Time,On Time,2012-12-01,1
406,5164-VMYWJ,2013-11-27,3724015185,2012-08-29,2012-09-28,71.79,No,2012-10-03,Paper,35,5,Late,1–7 Days Late,2012-08-01,2
818,5613-UHVMG,2012-05-31,3724269616,2012-06-22,2012-07-22,49.71,Yes,2012-08-03,Electronic,42,12,Late,8–14 Days Late,2012-06-01,3
391,8820-BLYDZ,2013-03-19,3732687518,2013-08-22,2013-09-21,70.91,No,2013-08-28,Electronic,6,0,On Time,On Time,2013-08-01,1
391,2820-XGXSB,2012-01-26,3737203878,2012-07-08,2012-08-07,81.62,No,2012-07-13,Electronic,5,0,On Time,On Time,2012-07-01,1
391,3598-DNURW,2012-08-29,3746199110,2012-03-30,2012-04-29,58.57,No,2012-04-24,Paper,25,0,On Time,On Time,2012-03-01,1
770,2447-JCFGW,2012-07-31,3752294245,2012-06-19,2012-07-19,55.73,No,2012-07-21,Paper,32,2,Late,1–7 Days Late,2012-06-01,2
406,9771-QTLGZ,2012-12-10,3755391775,2012-05-16,2012-06-15,32.88,Yes,2012-05-31,Paper,15,0,On Time,On Time,2012-05-01,1
770,7050-KQLDO,2012-09-29,3761293373,2012-11-28,2012-12-28,36.55,No,2012-12-18,Electronic,20,0,On Time,On Time,2012-11-01,1
770,9928-IJYBQ,2012-03-18,3761658749,2013-05-31,2013-06-30,66.38,No,2013-07-08,Electronic,38,8,Late,8–14 Days Late,2013-05-01,3
818,8887-NCUZC,2013-01-22,3769234535,2012-06-17,2012-07-17,10.73,No,2012-07-05,Paper,18,0,On Time,On Time,2012-06-01,1
391,6160-HCSFI,2013-01-10,3773503534,2012-12-02,2013-01-01,58.05,No,2012-12-27,Paper,25,0,On Time,On Time,2012-12-01,1
406,1447-YZKCL,2012-08-10,3775864259,2012-08-01,2012-08-31,62.66,No,2012-09-13,Paper,43,13,Late,8–14 Days Late,2012-08-01,3
391,7329-TWKLF,2013-11-20,3776405169,2013-05-05,2013-06-04,66.46,No,2013-05-25,Paper,20,0,On Time,On Time,2013-05-01,1
897,9286-VLKMI,2013-02-13,3787074696,2012-03-28,2012-04-27,29.7,No,2012-04-04,Paper,7,0,On Time,On Time,2012-03-01,1
897,6296-UKEUZ,2012-11-26,3789813449,2012-06-09,2012-07-09,48.25,No,2012-06-11,Paper,2,0,On Time,On Time,2012-06-01,1
770,2026-XLBER,2012-11-12,3795765177,2013-06-21,2013-07-21,37.13,No,2013-07-05,Electronic,14,0,On Time,On Time,2013-06-01,1
897,0688-XNJRO,2012-06-24,3800378393,2013-06-15,2013-07-15,9.52,No,2013-07-23,Electronic,38,8,Late,8–14 Days Late,2013-06-01,3
406,3448-OWJOT,2012-09-15,3806835104,2012-12-11,2013-01-10,59.83,Yes,2013-01-14,Electronic,34,4,Late,1–7 Days Late,2012-12-01,2
770,0465-DTULQ,2013-03-04,3812264523,2012-12-28,2013-01-27,58.71,No,2013-01-25,Paper,28,0,On Time,On Time,2012-12-01,1
406,9771-QTLGZ,2012-12-10,3817082781,2012-07-25,2012-08-24,29.85,Yes,2012-08-15,Paper,21,0,On Time,On Time,2012-07-01,1
391,0379-NEVHP,2013-04-06,3819986935,2012-03-01,2012-03-31,48.65,Yes,2012-04-17,Paper,47,17,Late,15–30 Days Late,2012-03-01,4
770,7228-LEPPM,2012-04-30,3824960117,2012-09-27,2012-10-27,35.48,No,2012-11-09,Electronic,43,13,Late,8–14 Days Late,2012-09-01,3
770,9149-MATVB,2013-04-30,3829618241,2012-12-05,2013-01-04,42.28,No,2013-01-06,Paper,32,2,Late,1–7 Days Late,2012-12-01,2
406,4651-PMEXQ,2012-07-04,3831133517,2012-04-30,2012-05-30,83.7,No,2012-05-22,Paper,22,0,On Time,On Time,2012-04-01,1
406,7938-EVASK,2012-12-15,3836894738,2013-06-13,2013-07-13,58.43,No,2013-07-14,Electronic,31,1,Late,1–7 Days Late,2013-06-01,2
406,6833-ETVHD,2012-04-30,3839625778,2013-10-25,2013-11-24,85.06,No,2013-11-10,Electronic,16,0,On Time,On Time,2013-10-01,1
406,4632-QZOKX,2013-03-19,3840426166,2012-02-27,2012-03-28,70.89,Yes,2012-04-13,Paper,46,16,Late,15–30 Days Late,2012-02-01,4
897,9883-SDWFS,2013-07-08,3845592498,2013-08-17,2013-09-16,45.18,No,2013-09-20,Electronic,34,4,Late,1–7 Days Late,2013-08-01,2
770,5592-UQXSS,2012-12-31,3861006083,2013-11-15,2013-12-15,21.94,Yes,2013-12-31,Electronic,46,16,Late,15–30 Days Late,2013-11-01,4
406,1447-YZKCL,2012-08-10,3861752292,2012-05-05,2012-06-04,55.78,No,2012-06-12,Paper,38,8,Late,8–14 Days Late,2012-05-01,3
391,3598-DNURW,2012-08-29,3863229608,2013-06-20,2013-07-20,69.03,No,2013-07-08,Electronic,18,0,On Time,On Time,2013-06-01,1
406,8976-AMJEO,2012-03-03,3865457806,2013-04-03,2013-05-03,90.34,Yes,2013-05-19,Electronic,46,16,Late,15–30 Days Late,2013-04-01,4
406,2621-XCLEH,2012-09-24,3867210105,2012-02-22,2012-03-23,69.8,No,2012-04-05,Paper,43,13,Late,8–14 Days Late,2012-02-01,3
406,8976-AMJEO,2012-03-03,3867618352,2012-10-25,2012-11-24,51.96,No,2012-11-23,Electronic,29,0,On Time,On Time,2012-10-01,1
391,2676-DZINU,2012-10-19,3869938435,2012-07-26,2012-08-25,84.26,No,2012-08-16,Paper,21,0,On Time,On Time,2012-07-01,1
897,0688-XNJRO,2012-06-24,3876210500,2013-09-08,2013-10-08,22.9,No,2013-10-26,Electronic,48,18,Late,15–30 Days Late,2013-09-01,4
818,5148-SYKLB,2013-08-28,3877994257,2012-06-18,2012-07-18,58.35,Yes,2012-08-02,Paper,45,15,Late,15–30 Days Late,2012-06-01,4
391,2820-XGXSB,2012-01-26,3878072664,2012-05-23,2012-06-22,65.25,No,2012-05-30,Electronic,7,0,On Time,On Time,2012-05-01,1
391,3569-VJWXS,2013-04-09,3889145574,2012-03-15,2012-04-14,39.66,No,2012-04-07,Paper,23,0,On Time,On Time,2012-03-01,1
897,0688-XNJRO,2012-06-24,3894033760,2012-04-15,2012-05-15,35.3,No,2012-06-03,Paper,49,19,Late,15–30 Days Late,2012-04-01,4
897,9250-VHLWY,2013-06-03,3894320237,2012-12-01,2012-12-31,63.43,No,2012-12-24,Paper,23,0,On Time,On Time,2012-12-01,1
770,9928-IJYBQ,2012-03-18,3898799509,2012-07-03,2012-08-02,45.8,No,2012-08-07,Electronic,35,5,Late,1–7 Days Late,2012-07-01,2
406,4651-PMEXQ,2012-07-04,3901727084,2013-04-07,2013-05-07,89.06,No,2013-04-28,Electronic,21,0,On Time,On Time,2013-04-01,1
818,5875-VZQCZ,2013-07-15,3905872436,2012-05-27,2012-06-26,70.07,Yes,2012-07-04,Paper,38,8,Late,8–14 Days Late,2012-05-01,3
770,0706-NRGUP,2013-04-09,3910002517,2013-11-28,2013-12-28,29.37,No,2013-12-26,Electronic,28,0,On Time,On Time,2013-11-01,1
897,0688-XNJRO,2012-06-24,3913519192,2012-09-30,2012-10-30,46.4,No,2012-11-14,Electronic,45,15,Late,15–30 Days Late,2012-09-01,4
406,0783-PEPYR,2013-11-27,3922850581,2013-09-17,2013-10-17,72.87,Yes,2013-11-13,Paper,57,27,Late,15–30 Days Late,2013-09-01,4
406,7938-EVASK,2012-12-15,3924052139,2013-06-05,2013-07-05,103.11,Yes,2013-07-26,Electronic,51,21,Late,15–30 Days Late,2013-06-01,4
406,9758-AIEIK,2012-04-23,3931477108,2013-04-29,2013-05-29,65.71,No,2013-05-15,Electronic,16,0,On Time,On Time,2013-04-01,1
770,5592-UQXSS,2012-12-31,3932416127,2013-08-28,2013-09-27,52.94,Yes,2013-10-12,Electronic,45,15,Late,15–30 Days Late,2013-08-01,4
897,3271-YDPUJ,2013-04-02,3938548126,2013-04-05,2013-05-05,50.86,No,2013-04-26,Electronic,21,0,On Time,On Time,2013-04-01,1
897,7372-CESLR,2013-01-11,3940788745,2012-02-08,2012-03-09,30.74,No,2012-03-03,Paper,24,0,On Time,On Time,2012-02-01,1
391,9841-XLGBV,2013-01-03,3943254945,2013-07-06,2013-08-05,36.33,No,2013-08-01,Electronic,26,0,On Time,On Time,2013-07-01,1
391,5196-TWQXF,2012-06-20,3944350713,2013-10-30,2013-11-29,75.06,No,2013-11-19,Electronic,20,0,On Time,On Time,2013-10-01,1
770,0625-TNJFG,2013-08-15,3945949225,2012-10-31,2012-11-30,37.9,No,2012-11-15,Paper,15,0,On Time,On Time,2012-10-01,1
406,9725-EZTEJ,2012-03-17,3949082624,2012-07-08,2012-08-07,107.04,Yes,2012-08-10,Electronic,33,3,Late,1–7 Days Late,2012-07-01,2
391,1080-NDGAE,2012-09-28,3954057080,2013-05-10,2013-06-09,74.5,Yes,2013-06-15,Electronic,36,6,Late,1–7 Days Late,2013-05-01,2
770,0706-NRGUP,2013-04-09,3958060330,2012-05-22,2012-06-21,35.02,No,2012-06-28,Paper,37,7,Late,1–7 Days Late,2012-05-01,2
406,4640-FGEJI,2013-04-04,3960704578,2013-05-12,2013-06-11,100.16,Yes,2013-06-22,Electronic,41,11,Late,8–14 Days Late,2013-05-01,3
406,9117-LYRCE,2013-07-05,3961518373,2012-03-05,2012-04-04,68.66,Yes,2012-04-22,Paper,48,18,Late,15–30 Days Late,2012-03-01,4
770,6831-FIODB,2013-05-08,3961690887,2012-01-15,2012-02-14,46.28,No,2012-02-13,Paper,29,0,On Time,On Time,2012-01-01,1
406,9758-AIEIK,2012-04-23,3969347325,2012-03-11,2012-04-10,61.19,Yes,2012-04-21,Paper,41,11,Late,8–14 Days Late,2012-03-01,3
818,7946-HJDUR,2012-02-21,3974531546,2013-05-04,2013-06-03,43.28,No,2013-06-04,Electronic,31,1,Late,1–7 Days Late,2013-05-01,2
391,2125-HJDLA,2012-05-22,3975362830,2012-12-25,2013-01-24,27,No,2013-01-26,Electronic,32,2,Late,1–7 Days Late,2012-12-01,2
391,5529-TBPGK,2013-08-09,3978972752,2012-09-28,2012-10-28,86.59,No,2012-10-30,Paper,32,2,Late,1–7 Days Late,2012-09-01,2
391,9212-BTDMX,2012-04-22,3980946112,2012-04-11,2012-05-11,63.26,No,2012-04-26,Paper,15,0,On Time,On Time,2012-04-01,1
391,6160-HCSFI,2013-01-10,3987219947,2013-01-07,2013-02-06,69.85,No,2013-02-08,Paper,32,2,Late,1–7 Days Late,2013-01-01,2
770,2447-JCFGW,2012-07-31,3990073198,2013-03-28,2013-04-27,11.36,No,2013-04-21,Electronic,24,0,On Time,On Time,2013-03-01,1
818,7946-HJDUR,2012-02-21,4003153624,2012-06-09,2012-07-09,58.85,No,2012-07-09,Electronic,30,0,On Time,On Time,2012-06-01,1
770,2447-JCFGW,2012-07-31,4003648294,2013-04-05,2013-05-05,39.24,No,2013-04-28,Electronic,23,0,On Time,On Time,2013-04-01,1
770,9149-MATVB,2013-04-30,4004477846,2012-10-29,2012-11-28,25.83,No,2012-11-27,Paper,29,0,On Time,On Time,2012-10-01,1
406,5284-DJOZO,2012-09-11,4016860144,2012-03-31,2012-04-30,58.56,No,2012-04-12,Paper,12,0,On Time,On Time,2012-03-01,1
391,8156-PCYBM,2012-03-03,4023295233,2012-03-10,2012-04-09,71.8,No,2012-04-04,Electronic,25,0,On Time,On Time,2012-03-01,1
770,9323-NDIOV,2012-07-09,4025313129,2013-11-29,2013-12-29,84.38,No,2014-01-09,Electronic,41,11,Late,8–14 Days Late,2013-11-01,3
391,6160-HCSFI,2013-01-10,4026967253,2013-08-30,2013-09-29,69.48,No,2013-09-17,Electronic,18,0,On Time,On Time,2013-08-01,1
897,9460-VAZGD,2013-08-10,4028893076,2013-06-26,2013-07-26,28.37,No,2013-07-07,Paper,11,0,On Time,On Time,2013-06-01,1
897,8690-EEBEO,2012-12-05,4033537104,2013-10-24,2013-11-23,43.31,No,2013-12-01,Electronic,38,8,Late,8–14 Days Late,2013-10-01,3
391,0187-ERLSR,2013-07-31,4037644863,2012-03-29,2012-04-28,62.68,Yes,2012-04-25,Paper,27,0,On Time,On Time,2012-03-01,1
406,8976-AMJEO,2012-03-03,4039055586,2013-05-21,2013-06-20,97.63,No,2013-06-14,Electronic,24,0,On Time,On Time,2013-05-01,1
897,7654-DOLHO,2012-04-04,4041763430,2012-04-06,2012-05-06,37.93,No,2012-05-09,Electronic,33,3,Late,1–7 Days Late,2012-04-01,2
406,8976-AMJEO,2012-03-03,4041880316,2012-04-14,2012-05-14,77.9,No,2012-05-10,Electronic,26,0,On Time,On Time,2012-04-01,1
818,5875-VZQCZ,2013-07-15,4046691560,2012-12-30,2013-01-29,81.37,Yes,2013-02-11,Paper,43,13,Late,8–14 Days Late,2012-12-01,3
897,9460-VAZGD,2013-08-10,4047974141,2013-09-28,2013-10-28,51,No,2013-10-15,Electronic,17,0,On Time,On Time,2013-09-01,1
406,1447-YZKCL,2012-08-10,4050934350,2012-06-23,2012-07-23,71.41,No,2012-07-23,Paper,30,0,On Time,On Time,2012-06-01,1
770,6831-FIODB,2013-05-08,4056509011,2013-04-11,2013-05-11,74.41,No,2013-05-08,Paper,27,0,On Time,On Time,2013-04-01,1
391,9174-IYKOC,2012-11-27,4060402287,2013-03-02,2013-04-01,60.84,No,2013-03-23,Electronic,21,0,On Time,On Time,2013-03-01,1
406,7600-OISKG,2013-07-19,4062781273,2013-06-06,2013-07-06,63.68,Yes,2013-07-11,Paper,35,5,Late,1–7 Days Late,2013-06-01,2
391,0187-ERLSR,2013-07-31,4063317759,2012-09-22,2012-10-22,65.26,Yes,2012-10-11,Paper,19,0,On Time,On Time,2012-09-01,1
770,2026-XLBER,2012-11-12,4067113449,2013-05-19,2013-06-18,44.88,Yes,2013-06-21,Electronic,33,3,Late,1–7 Days Late,2013-05-01,2
897,7654-DOLHO,2012-04-04,4071851382,2012-11-05,2012-12-05,32.36,No,2012-12-09,Electronic,34,4,Late,1–7 Days Late,2012-11-01,2
391,5196-TWQXF,2012-06-20,4072901129,2013-10-29,2013-11-28,78.49,No,2013-11-13,Electronic,15,0,On Time,On Time,2013-10-01,1
406,9771-QTLGZ,2012-12-10,4073224041,2012-12-14,2013-01-13,46.62,Yes,2012-12-30,Electronic,16,0,On Time,On Time,2012-12-01,1
897,9883-SDWFS,2013-07-08,4077139866,2013-08-08,2013-09-07,62.77,Yes,2013-09-17,Electronic,40,10,Late,8–14 Days Late,2013-08-01,3
818,2824-HJQPP,2013-09-04,4080383560,2013-01-04,2013-02-03,58.79,No,2013-01-25,Paper,21,0,On Time,On Time,2013-01-01,1
770,0625-TNJFG,2013-08-15,4084102990,2013-09-08,2013-10-08,64.29,No,2013-09-22,Electronic,14,0,On Time,On Time,2013-09-01,1
391,5196-TWQXF,2012-06-20,4087966475,2012-03-29,2012-04-28,60.32,No,2012-04-19,Paper,21,0,On Time,On Time,2012-03-01,1
406,5284-DJOZO,2012-09-11,4094908034,2013-08-22,2013-09-21,70.84,No,2013-08-26,Electronic,4,0,On Time,On Time,2013-08-01,1
770,6077-FDQRK,2012-09-11,4109648418,2012-05-05,2012-06-04,36.86,No,2012-06-05,Paper,31,1,Late,1–7 Days Late,2012-05-01,2
406,7600-OISKG,2013-07-19,4112599163,2012-06-01,2012-07-01,66.03,Yes,2012-07-01,Paper,30,0,On Time,On Time,2012-06-01,1
391,9841-XLGBV,2013-01-03,4114424286,2012-03-16,2012-04-15,46.25,No,2012-04-24,Paper,39,9,Late,8–14 Days Late,2012-03-01,3
770,9323-NDIOV,2012-07-09,4119311204,2012-06-30,2012-07-30,60.13,No,2012-08-04,Paper,35,5,Late,1–7 Days Late,2012-06-01,2
406,4640-FGEJI,2013-04-04,4120167451,2012-07-15,2012-08-14,80.69,Yes,2012-08-26,Paper,42,12,Late,8–14 Days Late,2012-07-01,3
391,9174-IYKOC,2012-11-27,4125716174,2013-01-26,2013-02-25,56.27,No,2013-02-18,Electronic,23,0,On Time,On Time,2013-01-01,1
770,4460-ZXNDN,2013-06-27,4125771401,2012-05-06,2012-06-05,64.4,No,2012-06-12,Paper,37,7,Late,1–7 Days Late,2012-05-01,2
897,3271-YDPUJ,2013-04-02,4129245588,2012-08-03,2012-09-02,45.73,No,2012-09-01,Paper,29,0,On Time,On Time,2012-08-01,1
897,9286-VLKMI,2013-02-13,4131224572,2013-07-02,2013-08-01,80.59,No,2013-07-04,Electronic,2,0,On Time,On Time,2013-07-01,1
818,6627-ELFBK,2012-11-26,4138615040,2013-01-11,2013-02-10,66.01,No,2013-02-01,Electronic,21,0,On Time,On Time,2013-01-01,1
818,5148-SYKLB,2013-08-28,4140763678,2013-05-09,2013-06-08,89.43,Yes,2013-06-13,Paper,35,5,Late,1–7 Days Late,2013-05-01,2
897,9250-VHLWY,2013-06-03,4143818565,2013-06-19,2013-07-19,34.69,No,2013-07-14,Electronic,25,0,On Time,On Time,2013-06-01,1
818,8102-ABPKQ,2013-08-29,4145307595,2012-11-18,2012-12-18,74.55,Yes,2013-01-04,Paper,47,17,Late,15–30 Days Late,2012-11-01,4
818,5148-SYKLB,2013-08-28,4145738246,2012-08-30,2012-09-29,67.37,Yes,2012-10-06,Paper,37,7,Late,1–7 Days Late,2012-08-01,2
818,3568-JJMFW,2012-01-09,4146703959,2013-03-29,2013-04-28,81.21,Yes,2013-04-17,Electronic,19,0,On Time,On Time,2013-03-01,1
818,5148-SYKLB,2013-08-28,4148364406,2013-04-19,2013-05-19,74.28,Yes,2013-05-29,Paper,40,10,Late,8–14 Days Late,2013-04-01,3
406,4640-FGEJI,2013-04-04,4151030828,2013-04-24,2013-05-24,49.64,No,2013-05-05,Electronic,11,0,On Time,On Time,2013-04-01,1
770,9928-IJYBQ,2012-03-18,4152504148,2012-03-05,2012-04-04,66.66,No,2012-04-06,Paper,32,2,Late,1–7 Days Late,2012-03-01,2
406,8976-AMJEO,2012-03-03,4153488634,2013-09-14,2013-10-14,69.29,No,2013-10-08,Electronic,24,0,On Time,On Time,2013-09-01,1
391,0187-ERLSR,2013-07-31,4160638076,2013-02-16,2013-03-18,56.5,Yes,2013-03-02,Paper,14,0,On Time,On Time,2013-02-01,1
406,9771-QTLGZ,2012-12-10,4160925882,2013-07-26,2013-08-25,41.19,Yes,2013-08-11,Electronic,16,0,On Time,On Time,2013-07-01,1
391,5920-DPXLN,2012-11-11,4170821223,2012-03-19,2012-04-18,49.14,No,2012-04-14,Paper,26,0,On Time,On Time,2012-03-01,1
406,8389-TCXFQ,2012-08-24,4171825761,2013-02-25,2013-03-27,88.67,Yes,2013-03-26,Electronic,29,0,On Time,On Time,2013-02-01,1
770,7260-ZHAKS,2012-06-17,4176062876,2012-11-26,2012-12-26,61.18,No,2012-12-22,Electronic,26,0,On Time,On Time,2012-11-01,1
391,6632-CGYHU,2013-01-08,4177855353,2012-12-17,2013-01-16,74.41,No,2013-01-01,Paper,15,0,On Time,On Time,2012-12-01,1
406,6833-ETVHD,2012-04-30,4178322106,2013-07-12,2013-08-11,55.83,No,2013-07-24,Electronic,12,0,On Time,On Time,2013-07-01,1
770,0706-NRGUP,2013-04-09,4182069928,2012-06-19,2012-07-19,16.78,No,2012-07-23,Paper,34,4,Late,1–7 Days Late,2012-06-01,2
770,3993-QUNVJ,2012-12-31,4186884688,2013-05-10,2013-06-09,60.1,No,2013-05-25,Electronic,15,0,On Time,On Time,2013-05-01,1
818,3568-JJMFW,2012-01-09,4191207150,2012-05-05,2012-06-04,82.38,Yes,2012-06-08,Electronic,34,4,Late,1–7 Days Late,2012-05-01,2
391,0379-NEVHP,2013-04-06,4192014066,2013-07-12,2013-08-11,30.9,No,2013-07-25,Electronic,13,0,On Time,On Time,2013-07-01,1
897,6177-VTITE,2012-10-26,4193415114,2012-06-18,2012-07-18,49.39,No,2012-07-02,Paper,14,0,On Time,On Time,2012-06-01,1
770,2447-JCFGW,2012-07-31,4194772390,2012-11-12,2012-12-12,64.82,No,2012-12-02,Electronic,20,0,On Time,On Time,2012-11-01,1
897,9883-SDWFS,2013-07-08,4205152845,2012-03-02,2012-04-01,26.37,No,2012-03-30,Paper,28,0,On Time,On Time,2012-03-01,1
818,6004-KITZM,2013-09-01,4218477720,2013-11-28,2013-12-28,30.81,No,2013-12-08,Electronic,10,0,On Time,On Time,2013-11-01,1
818,8364-UWVLM,2012-11-10,4220885855,2013-10-31,2013-11-30,87.67,Yes,2013-12-05,Electronic,35,5,Late,1–7 Days Late,2013-10-01,2
391,8820-BLYDZ,2013-03-19,4222838361,2012-09-11,2012-10-11,74.18,No,2012-09-15,Paper,4,0,On Time,On Time,2012-09-01,1
406,9758-AIEIK,2012-04-23,4232761255,2013-05-07,2013-06-06,59.78,No,2013-05-21,Electronic,14,0,On Time,On Time,2013-05-01,1
406,9117-LYRCE,2013-07-05,4237427511,2013-07-30,2013-08-29,41.64,No,2013-08-27,Electronic,28,0,On Time,On Time,2013-07-01,1
818,6627-ELFBK,2012-11-26,4240460379,2012-05-21,2012-06-20,58.64,No,2012-06-26,Paper,36,6,Late,1–7 Days Late,2012-05-01,2
406,7245-CKNCN,2012-06-04,4240902395,2012-03-02,2012-04-01,69.13,No,2012-03-23,Paper,21,0,On Time,On Time,2012-03-01,1
818,7946-HJDUR,2012-02-21,4242402632,2012-05-28,2012-06-27,35.32,No,2012-06-26,Electronic,29,0,On Time,On Time,2012-05-01,1
770,7758-WKLVM,2012-02-06,4242889718,2013-05-05,2013-06-04,81.23,No,2013-06-20,Electronic,46,16,Late,15–30 Days Late,2013-05-01,4
770,7856-ODQFO,2012-08-05,4249624347,2013-01-20,2013-02-19,56.86,Yes,2013-02-25,Electronic,36,6,Late,1–7 Days Late,2013-01-01,2
897,6391-GBFQJ,2013-11-25,4255145592,2012-03-23,2012-04-22,18.09,No,2012-04-08,Paper,16,0,On Time,On Time,2012-03-01,1
770,0465-DTULQ,2013-03-04,4259682376,2012-12-18,2013-01-17,22.53,Yes,2013-01-27,Paper,40,10,Late,8–14 Days Late,2012-12-01,3
818,6627-ELFBK,2012-11-26,4259739726,2013-03-01,2013-03-31,53.65,No,2013-03-18,Electronic,17,0,On Time,On Time,2013-03-01,1
391,9212-BTDMX,2012-04-22,4271825679,2012-12-30,2013-01-29,48.85,No,2013-01-18,Electronic,19,0,On Time,On Time,2012-12-01,1
406,5284-DJOZO,2012-09-11,4274501664,2012-04-13,2012-05-13,81.47,No,2012-04-21,Paper,8,0,On Time,On Time,2012-04-01,1
897,6296-UKEUZ,2012-11-26,4276703607,2012-09-16,2012-10-16,25.05,No,2012-09-19,Paper,3,0,On Time,On Time,2012-09-01,1
897,6296-UKEUZ,2012-11-26,4293073482,2012-05-20,2012-06-19,37.27,No,2012-05-29,Paper,9,0,On Time,On Time,2012-05-01,1
406,5573-KSOIA,2013-09-30,4294426239,2012-12-07,2013-01-06,61.7,No,2013-01-12,Paper,36,6,Late,1–7 Days Late,2012-12-01,2
391,2125-HJDLA,2012-05-22,4297912131,2012-02-16,2012-03-17,79.21,No,2012-03-25,Paper,38,8,Late,8–14 Days Late,2012-02-01,3
406,8976-AMJEO,2012-03-03,4303435021,2012-12-17,2013-01-16,42.45,No,2012-12-31,Electronic,14,0,On Time,On Time,2012-12-01,1
406,9725-EZTEJ,2012-03-17,4305549852,2012-10-06,2012-11-05,60.57,Yes,2012-10-30,Electronic,24,0,On Time,On Time,2012-10-01,1
391,7329-TWKLF,2013-11-20,4308058609,2013-05-21,2013-06-20,61.42,No,2013-06-11,Paper,21,0,On Time,On Time,2013-05-01,1
406,9771-QTLGZ,2012-12-10,4318317513,2013-08-17,2013-09-16,64.64,Yes,2013-09-04,Electronic,18,0,On Time,On Time,2013-08-01,1
897,8690-EEBEO,2012-12-05,4318635686,2013-03-21,2013-04-20,92.5,No,2013-04-26,Electronic,36,6,Late,1–7 Days Late,2013-03-01,2
406,6833-ETVHD,2012-04-30,4320746005,2012-11-27,2012-12-27,70.61,No,2012-12-18,Electronic,21,0,On Time,On Time,2012-11-01,1
391,5920-DPXLN,2012-11-11,4325243093,2012-07-06,2012-08-05,52.8,No,2012-07-22,Paper,16,0,On Time,On Time,2012-07-01,1
770,3831-FXWYK,2013-03-08,4325495498,2013-01-12,2013-02-11,69.26,No,2013-02-16,Paper,35,5,Late,1–7 Days Late,2013-01-01,2
770,7856-ODQFO,2012-08-05,4326179452,2012-11-19,2012-12-19,27.62,Yes,2012-12-22,Electronic,33,3,Late,1–7 Days Late,2012-11-01,2
406,4651-PMEXQ,2012-07-04,4329916813,2012-11-17,2012-12-17,63.85,No,2012-12-12,Electronic,25,0,On Time,On Time,2012-11-01,1
391,1080-NDGAE,2012-09-28,4336863090,2012-01-11,2012-02-10,73.06,Yes,2012-02-06,Paper,26,0,On Time,On Time,2012-01-01,1
770,7260-ZHAKS,2012-06-17,4346922316,2013-02-16,2013-03-18,78.28,No,2013-03-14,Electronic,26,0,On Time,On Time,2013-02-01,1
406,7600-OISKG,2013-07-19,4355586265,2013-05-01,2013-05-31,55.53,Yes,2013-06-01,Paper,31,1,Late,1–7 Days Late,2013-05-01,2
818,6627-ELFBK,2012-11-26,4360072261,2012-09-25,2012-10-25,36.04,No,2012-10-22,Paper,27,0,On Time,On Time,2012-09-01,1
770,7758-WKLVM,2012-02-06,4364390277,2012-10-04,2012-11-03,94.52,Yes,2012-11-27,Electronic,54,24,Late,15–30 Days Late,2012-10-01,4
391,7209-MDWKR,2013-10-09,4365495636,2013-03-31,2013-04-30,75.44,No,2013-04-28,Paper,28,0,On Time,On Time,2013-03-01,1
897,9286-VLKMI,2013-02-13,4369910958,2013-11-04,2013-12-04,32.62,No,2013-11-05,Electronic,1,0,On Time,On Time,2013-11-01,1
897,7654-DOLHO,2012-04-04,4371325400,2013-02-02,2013-03-04,24.6,No,2013-02-17,Electronic,15,0,On Time,On Time,2013-02-01,1
406,7938-EVASK,2012-12-15,4371434034,2012-02-23,2012-03-24,83.08,No,2012-04-05,Paper,42,12,Late,8–14 Days Late,2012-02-01,3
897,8942-ERSWK,2013-01-11,4373510378,2012-04-15,2012-05-15,38.85,No,2012-04-23,Paper,8,0,On Time,On Time,2012-04-01,1
818,6627-ELFBK,2012-11-26,4380014151,2013-03-26,2013-04-25,92.65,Yes,2013-04-26,Electronic,31,1,Late,1–7 Days Late,2013-03-01,2
770,9323-NDIOV,2012-07-09,4381512590,2013-11-02,2013-12-02,68.28,No,2013-12-06,Electronic,34,4,Late,1–7 Days Late,2013-11-01,2
770,2687-XWAMA,2013-04-03,4384814254,2013-04-30,2013-05-30,27.34,No,2013-05-10,Electronic,10,0,On Time,On Time,2013-04-01,1
897,1408-OQZUE,2012-09-14,4386748004,2013-01-18,2013-02-17,72.29,No,2013-02-19,Electronic,32,2,Late,1–7 Days Late,2013-01-01,2
391,6160-HCSFI,2013-01-10,4392918366,2012-03-10,2012-04-09,81.87,No,2012-04-04,Paper,25,0,On Time,On Time,2012-03-01,1
818,9181-HEKGV,2013-10-16,4395512737,2013-08-05,2013-09-04,72.13,Yes,2013-09-13,Paper,39,9,Late,8–14 Days Late,2013-08-01,3
391,7329-TWKLF,2013-11-20,4396260953,2013-04-02,2013-05-02,56.67,No,2013-04-16,Paper,14,0,On Time,On Time,2013-04-01,1
770,9323-NDIOV,2012-07-09,4398006570,2013-09-30,2013-10-30,44.81,No,2013-10-29,Electronic,29,0,On Time,On Time,2013-09-01,1
406,5573-KSOIA,2013-09-30,4403696251,2013-01-24,2013-02-23,81.37,Yes,2013-03-14,Paper,49,19,Late,15–30 Days Late,2013-01-01,4
897,8942-ERSWK,2013-01-11,4408670788,2013-05-03,2013-06-02,23.32,No,2013-05-10,Electronic,7,0,On Time,On Time,2013-05-01,1
406,7938-EVASK,2012-12-15,4419510167,2013-06-15,2013-07-15,44.14,No,2013-07-19,Electronic,34,4,Late,1–7 Days Late,2013-06-01,2
770,4460-ZXNDN,2013-06-27,4421046102,2012-06-09,2012-07-09,64.44,No,2012-07-12,Paper,33,3,Late,1–7 Days Late,2012-06-01,2
770,4460-ZXNDN,2013-06-27,4426647863,2012-10-25,2012-11-24,75.29,Yes,2012-12-10,Paper,46,16,Late,15–30 Days Late,2012-10-01,4
897,0688-XNJRO,2012-06-24,4433390540,2012-04-21,2012-05-21,49.62,No,2012-06-08,Paper,48,18,Late,15–30 Days Late,2012-04-01,4
391,0709-LZRJV,2013-06-20,4444986261,2013-07-21,2013-08-20,81.77,Yes,2013-08-29,Electronic,39,9,Late,8–14 Days Late,2013-07-01,3
391,8156-PCYBM,2012-03-03,4450632944,2013-05-13,2013-06-12,70.87,No,2013-06-08,Electronic,26,0,On Time,On Time,2013-05-01,1
391,9212-BTDMX,2012-04-22,4454426709,2013-10-12,2013-11-11,66.23,No,2013-10-21,Electronic,9,0,On Time,On Time,2013-10-01,1
406,2621-XCLEH,2012-09-24,4456170015,2012-06-27,2012-07-27,69.42,Yes,2012-08-26,Paper,60,30,Late,15–30 Days Late,2012-06-01,4
770,6831-FIODB,2013-05-08,4458878337,2012-05-22,2012-06-21,42.16,Yes,2012-07-14,Paper,53,23,Late,15–30 Days Late,2012-05-01,4
897,1168-BEASA,2013-11-06,4462653546,2012-08-02,2012-09-01,57.17,No,2012-08-26,Paper,24,0,On Time,On Time,2012-08-01,1
770,7856-ODQFO,2012-08-05,4464051329,2012-09-19,2012-10-19,41.41,Yes,2012-10-17,Electronic,28,0,On Time,On Time,2012-09-01,1
391,5920-DPXLN,2012-11-11,4465814850,2013-04-12,2013-05-12,63.33,No,2013-04-24,Electronic,12,0,On Time,On Time,2013-04-01,1
391,3569-VJWXS,2013-04-09,4469521566,2013-04-26,2013-05-26,43.79,No,2013-05-12,Electronic,16,0,On Time,On Time,2013-04-01,1
818,5924-UOPGH,2013-06-06,4475076763,2012-03-18,2012-04-17,69.93,No,2012-04-06,Paper,19,0,On Time,On Time,2012-03-01,1
406,6833-ETVHD,2012-04-30,4478015837,2013-07-27,2013-08-26,87.68,No,2013-08-13,Electronic,17,0,On Time,On Time,2013-07-01,1
770,0465-DTULQ,2013-03-04,4481983205,2012-08-29,2012-09-28,70.67,No,2012-09-28,Paper,30,0,On Time,On Time,2012-08-01,1
897,6296-UKEUZ,2012-11-26,4483283236,2013-07-21,2013-08-20,15.86,No,2013-07-23,Electronic,2,0,On Time,On Time,2013-07-01,1
897,9286-VLKMI,2013-02-13,4485970270,2012-08-08,2012-09-07,41.52,No,2012-08-15,Paper,7,0,On Time,On Time,2012-08-01,1
391,9174-IYKOC,2012-11-27,4489585769,2013-05-30,2013-06-29,87.31,No,2013-06-15,Electronic,16,0,On Time,On Time,2013-05-01,1
391,5529-TBPGK,2013-08-09,4494083848,2012-12-28,2013-01-27,68.24,No,2013-02-05,Paper,39,9,Late,8–14 Days Late,2012-12-01,3
391,2423-QOKIO,2013-05-11,4507038116,2013-04-01,2013-05-01,91.82,No,2013-05-01,Paper,30,0,On Time,On Time,2013-04-01,1
406,9322-YCTQO,2012-04-06,4509742801,2013-04-10,2013-05-10,84.98,No,2013-05-16,Electronic,36,6,Late,1–7 Days Late,2013-04-01,2
406,6048-QPZCF,2012-07-13,4516618888,2013-07-07,2013-08-06,71.96,Yes,2013-08-02,Electronic,26,0,On Time,On Time,2013-07-01,1
770,7758-WKLVM,2012-02-06,4518177634,2013-10-23,2013-11-22,60.3,No,2013-11-24,Electronic,32,2,Late,1–7 Days Late,2013-10-01,2
406,9771-QTLGZ,2012-12-10,4519358354,2012-10-26,2012-11-25,49.25,Yes,2012-11-14,Paper,19,0,On Time,On Time,2012-10-01,1
770,3993-QUNVJ,2012-12-31,4527375934,2013-03-25,2013-04-24,47.33,No,2013-04-08,Electronic,14,0,On Time,On Time,2013-03-01,1
391,7329-TWKLF,2013-11-20,4534576559,2013-01-03,2013-02-02,91.37,No,2013-01-16,Paper,13,0,On Time,On Time,2013-01-01,1
406,4651-PMEXQ,2012-07-04,4538309227,2012-09-07,2012-10-07,72.07,No,2012-09-30,Electronic,23,0,On Time,On Time,2012-09-01,1
391,2125-HJDLA,2012-05-22,4540004449,2013-07-12,2013-08-11,85.2,No,2013-08-13,Electronic,32,2,Late,1–7 Days Late,2013-07-01,2
897,9250-VHLWY,2013-06-03,4540037935,2012-04-06,2012-05-06,49.41,No,2012-05-05,Paper,29,0,On Time,On Time,2012-04-01,1
406,5164-VMYWJ,2013-11-27,4560936162,2013-03-22,2013-04-21,72,No,2013-04-15,Paper,24,0,On Time,On Time,2013-03-01,1
391,9014-WENVB,2013-08-03,4565113116,2012-09-25,2012-10-25,69.46,No,2012-11-02,Paper,38,8,Late,8–14 Days Late,2012-09-01,3
770,0465-DTULQ,2013-03-04,4566394525,2012-01-04,2012-02-03,55.91,No,2012-02-04,Paper,31,1,Late,1–7 Days Late,2012-01-01,2
406,5573-KSOIA,2013-09-30,4570744904,2013-02-23,2013-03-25,67.52,No,2013-03-26,Paper,31,1,Late,1–7 Days Late,2013-02-01,2
770,7758-WKLVM,2012-02-06,4583643866,2012-04-29,2012-05-29,84.78,No,2012-06-07,Electronic,39,9,Late,8–14 Days Late,2012-04-01,3
406,9725-EZTEJ,2012-03-17,4584232854,2013-10-13,2013-11-12,84.38,Yes,2013-11-02,Electronic,20,0,On Time,On Time,2013-10-01,1
391,5920-DPXLN,2012-11-11,4587287662,2012-02-17,2012-03-18,61.95,No,2012-03-10,Paper,22,0,On Time,On Time,2012-02-01,1
818,8102-ABPKQ,2013-08-29,4588532423,2013-03-12,2013-04-11,58.52,Yes,2013-04-28,Paper,47,17,Late,15–30 Days Late,2013-03-01,4
770,9149-MATVB,2013-04-30,4589265593,2013-02-04,2013-03-06,56.53,No,2013-02-28,Paper,24,0,On Time,On Time,2013-02-01,1
391,1080-NDGAE,2012-09-28,4589989662,2012-09-17,2012-10-17,94.16,Yes,2012-10-18,Paper,31,1,Late,1–7 Days Late,2012-09-01,2
406,4092-ZAVRG,2012-05-19,4591110269,2013-07-23,2013-08-22,72.88,Yes,2013-08-11,Electronic,19,0,On Time,On Time,2013-07-01,1
391,0709-LZRJV,2013-06-20,4595561744,2013-07-01,2013-07-31,50.28,No,2013-07-18,Electronic,17,0,On Time,On Time,2013-07-01,1
770,7050-KQLDO,2012-09-29,4601584321,2013-01-06,2013-02-05,52.6,No,2013-01-19,Electronic,13,0,On Time,On Time,2013-01-01,1
391,8156-PCYBM,2012-03-03,4617374678,2013-02-28,2013-03-30,50.8,No,2013-03-28,Electronic,28,0,On Time,On Time,2013-02-01,1
770,7050-KQLDO,2012-09-29,4633078854,2012-02-14,2012-03-15,78.36,No,2012-03-16,Paper,31,1,Late,1–7 Days Late,2012-02-01,2
818,7946-HJDUR,2012-02-21,4637486931,2013-04-28,2013-05-28,62.86,Yes,2013-06-23,Electronic,56,26,Late,15–30 Days Late,2013-04-01,4
770,6077-FDQRK,2012-09-11,4639183363,2012-11-18,2012-12-18,53.39,No,2012-12-03,Electronic,15,0,On Time,On Time,2012-11-01,1
391,6708-DPYTF,2012-08-02,4644516545,2012-04-15,2012-05-15,58.73,No,2012-05-28,Paper,43,13,Late,8–14 Days Late,2012-04-01,3
770,0706-NRGUP,2013-04-09,4649451107,2013-09-15,2013-10-15,23.81,No,2013-10-06,Electronic,21,0,On Time,On Time,2013-09-01,1
406,5164-VMYWJ,2013-11-27,4657747158,2013-03-24,2013-04-23,82.64,No,2013-04-19,Paper,26,0,On Time,On Time,2013-03-01,1
770,3831-FXWYK,2013-03-08,4667456223,2012-03-24,2012-04-23,89.9,No,2012-05-04,Paper,41,11,Late,8–14 Days Late,2012-03-01,3
818,9181-HEKGV,2013-10-16,4668608174,2013-07-11,2013-08-10,68.42,Yes,2013-08-26,Paper,46,16,Late,15–30 Days Late,2013-07-01,4
391,9841-XLGBV,2013-01-03,4670071329,2013-01-28,2013-02-27,51.83,No,2013-02-18,Electronic,21,0,On Time,On Time,2013-01-01,1
818,5924-UOPGH,2013-06-06,4671698071,2013-11-23,2013-12-23,109.96,Yes,2013-12-22,Electronic,29,0,On Time,On Time,2013-11-01,1
391,7329-TWKLF,2013-11-20,4672194108,2012-10-02,2012-11-01,42.35,No,2012-11-04,Paper,33,3,Late,1–7 Days Late,2012-10-01,2
391,2676-DZINU,2012-10-19,4677673825,2012-10-02,2012-11-01,47.07,No,2012-10-21,Paper,19,0,On Time,On Time,2012-10-01,1
770,0625-TNJFG,2013-08-15,4681944108,2012-08-31,2012-09-30,55.8,No,2012-09-23,Paper,23,0,On Time,On Time,2012-08-01,1
770,7228-LEPPM,2012-04-30,4682447856,2013-03-02,2013-04-01,79.37,Yes,2013-04-12,Electronic,41,11,Late,8–14 Days Late,2013-03-01,3
818,5924-UOPGH,2013-06-06,4682843239,2012-03-11,2012-04-10,56.47,Yes,2012-04-07,Paper,27,0,On Time,On Time,2012-03-01,1
897,7372-CESLR,2013-01-11,4685005154,2012-06-07,2012-07-07,26.14,No,2012-07-07,Paper,30,0,On Time,On Time,2012-06-01,1
406,9725-EZTEJ,2012-03-17,4695028902,2013-10-05,2013-11-04,64.05,Yes,2013-11-02,Electronic,28,0,On Time,On Time,2013-10-01,1
406,9758-AIEIK,2012-04-23,4695983239,2013-11-14,2013-12-14,43.82,No,2013-12-01,Electronic,17,0,On Time,On Time,2013-11-01,1
770,0706-NRGUP,2013-04-09,4696816536,2012-04-18,2012-05-18,39.25,No,2012-05-20,Paper,32,2,Late,1–7 Days Late,2012-04-01,2
391,1080-NDGAE,2012-09-28,4701158835,2013-11-18,2013-12-18,83.59,Yes,2013-12-23,Electronic,35,5,Late,1–7 Days Late,2013-11-01,2
770,2687-XWAMA,2013-04-03,4706783878,2012-10-17,2012-11-16,84.13,No,2012-10-29,Paper,12,0,On Time,On Time,2012-10-01,1
897,1168-BEASA,2013-11-06,4719815783,2013-04-04,2013-05-04,40.48,No,2013-04-27,Paper,23,0,On Time,On Time,2013-04-01,1
391,9841-XLGBV,2013-01-03,4719854881,2012-08-30,2012-09-29,32.24,No,2012-09-23,Paper,24,0,On Time,On Time,2012-08-01,1
391,2125-HJDLA,2012-05-22,4722300351,2012-02-11,2012-03-12,68.08,No,2012-03-28,Paper,46,16,Late,15–30 Days Late,2012-02-01,4
818,5924-UOPGH,2013-06-06,4722543209,2013-11-18,2013-12-18,78.83,No,2013-11-28,Electronic,10,0,On Time,On Time,2013-11-01,1
770,7050-KQLDO,2012-09-29,4728250241,2012-10-17,2012-11-16,72.67,No,2012-10-25,Electronic,8,0,On Time,On Time,2012-10-01,1
391,9212-BTDMX,2012-04-22,4729784336,2012-06-22,2012-07-22,49.08,No,2012-07-11,Electronic,19,0,On Time,On Time,2012-06-01,1
770,2026-XLBER,2012-11-12,4730761138,2012-01-14,2012-02-13,45.41,No,2012-01-30,Paper,16,0,On Time,On Time,2012-01-01,1
391,2676-DZINU,2012-10-19,4732348996,2012-01-20,2012-02-19,78.09,No,2012-02-10,Paper,21,0,On Time,On Time,2012-01-01,1
897,8942-ERSWK,2013-01-11,4735063899,2013-10-29,2013-11-28,12.62,No,2013-11-06,Electronic,8,0,On Time,On Time,2013-10-01,1
897,3271-YDPUJ,2013-04-02,4738467082,2013-03-28,2013-04-27,41.38,No,2013-04-21,Paper,24,0,On Time,On Time,2013-03-01,1
391,8156-PCYBM,2012-03-03,4739557586,2013-08-22,2013-09-21,52.87,No,2013-09-18,Electronic,27,0,On Time,On Time,2013-08-01,1
770,9149-MATVB,2013-04-30,4741356244,2013-01-09,2013-02-08,36.93,No,2013-02-03,Paper,25,0,On Time,On Time,2013-01-01,1
770,7856-ODQFO,2012-08-05,4742980589,2013-06-23,2013-07-23,40.69,No,2013-07-09,Electronic,16,0,On Time,On Time,2013-06-01,1
770,2687-XWAMA,2013-04-03,4747988353,2013-05-05,2013-06-04,73.15,No,2013-05-12,Electronic,7,0,On Time,On Time,2013-05-01,1
897,6177-VTITE,2012-10-26,4751641138,2012-09-29,2012-10-29,34.5,No,2012-10-16,Paper,17,0,On Time,On Time,2012-09-01,1
770,0625-TNJFG,2013-08-15,4755000748,2012-09-30,2012-10-30,74.49,No,2012-10-24,Paper,24,0,On Time,On Time,2012-09-01,1
897,9286-VLKMI,2013-02-13,4756268669,2012-02-09,2012-03-10,53.33,No,2012-02-20,Paper,11,0,On Time,On Time,2012-02-01,1
391,7329-TWKLF,2013-11-20,4767910867,2013-11-14,2013-12-14,89.35,No,2013-11-25,Paper,11,0,On Time,On Time,2013-11-01,1
406,6048-QPZCF,2012-07-13,4771056498,2013-07-12,2013-08-11,71.45,Yes,2013-07-28,Electronic,16,0,On Time,On Time,2013-07-01,1
770,2447-JCFGW,2012-07-31,4773950831,2012-03-22,2012-04-21,25.66,No,2012-04-19,Paper,28,0,On Time,On Time,2012-03-01,1
770,0625-TNJFG,2013-08-15,4778063703,2012-09-10,2012-10-10,70.6,No,2012-10-12,Paper,32,2,Late,1–7 Days Late,2012-09-01,2
818,3271-HYHDN,2013-04-28,4783562096,2013-08-20,2013-09-19,32.87,No,2013-08-22,Electronic,2,0,On Time,On Time,2013-08-01,1
770,0625-TNJFG,2013-08-15,4788766053,2012-09-30,2012-10-30,39.69,No,2012-10-31,Paper,31,1,Late,1–7 Days Late,2012-09-01,2
818,2824-HJQPP,2013-09-04,4789397752,2012-05-29,2012-06-28,77.54,No,2012-06-28,Paper,30,0,On Time,On Time,2012-05-01,1
897,1168-BEASA,2013-11-06,4791525699,2012-12-12,2013-01-11,47.08,No,2012-12-23,Paper,11,0,On Time,On Time,2012-12-01,1
897,6296-UKEUZ,2012-11-26,4795466537,2013-03-22,2013-04-21,22.93,No,2013-03-25,Electronic,3,0,On Time,On Time,2013-03-01,1
770,9928-IJYBQ,2012-03-18,4795998561,2013-01-29,2013-02-28,54.42,No,2013-03-01,Electronic,31,1,Late,1–7 Days Late,2013-01-01,2
818,8887-NCUZC,2013-01-22,4800494014,2012-11-29,2012-12-29,10.94,No,2012-12-21,Paper,22,0,On Time,On Time,2012-11-01,1
391,6708-DPYTF,2012-08-02,4804144659,2013-04-24,2013-05-24,89.07,No,2013-05-28,Electronic,34,4,Late,1–7 Days Late,2013-04-01,2
406,8976-AMJEO,2012-03-03,4806513035,2013-01-18,2013-02-17,84.87,No,2013-02-05,Electronic,18,0,On Time,On Time,2013-01-01,1
406,0783-PEPYR,2013-11-27,4813721122,2012-02-22,2012-03-23,107.11,No,2012-03-31,Paper,38,8,Late,8–14 Days Late,2012-02-01,3
391,0187-ERLSR,2013-07-31,4814212537,2013-03-22,2013-04-21,86.92,No,2013-03-27,Paper,5,0,On Time,On Time,2013-03-01,1
818,3271-HYHDN,2013-04-28,4816230113,2012-05-02,2012-06-01,59.17,No,2012-05-05,Paper,3,0,On Time,On Time,2012-05-01,1
406,8389-TCXFQ,2012-08-24,4821175485,2012-10-21,2012-11-20,42.87,No,2012-11-06,Electronic,16,0,On Time,On Time,2012-10-01,1
406,5164-VMYWJ,2013-11-27,4823736868,2013-02-15,2013-03-17,46.24,No,2013-03-02,Paper,15,0,On Time,On Time,2013-02-01,1
406,8976-AMJEO,2012-03-03,4824809985,2013-06-23,2013-07-23,43.74,No,2013-07-22,Electronic,29,0,On Time,On Time,2013-06-01,1
770,7758-WKLVM,2012-02-06,4824986816,2012-07-07,2012-08-06,51.31,No,2012-08-19,Electronic,43,13,Late,8–14 Days Late,2012-07-01,3
406,6833-ETVHD,2012-04-30,4825120414,2012-08-16,2012-09-15,80.87,No,2012-09-03,Electronic,18,0,On Time,On Time,2012-08-01,1
770,0465-DTULQ,2013-03-04,4838574848,2012-08-30,2012-09-29,28.95,Yes,2012-10-14,Paper,45,15,Late,15–30 Days Late,2012-08-01,4
391,7329-TWKLF,2013-11-20,4847248435,2012-01-24,2012-02-23,80.71,No,2012-02-11,Paper,18,0,On Time,On Time,2012-01-01,1
770,9149-MATVB,2013-04-30,4852824490,2012-09-03,2012-10-03,38.59,No,2012-10-03,Paper,30,0,On Time,On Time,2012-09-01,1
391,3598-DNURW,2012-08-29,4858028884,2013-01-06,2013-02-05,58.49,No,2013-01-16,Electronic,10,0,On Time,On Time,2013-01-01,1
406,5164-VMYWJ,2013-11-27,4859265458,2012-04-08,2012-05-08,76.68,No,2012-04-25,Paper,17,0,On Time,On Time,2012-04-01,1
897,8942-ERSWK,2013-01-11,4861734696,2012-05-31,2012-06-30,24.59,No,2012-06-08,Paper,8,0,On Time,On Time,2012-05-01,1
406,5164-VMYWJ,2013-11-27,4865860838,2013-04-16,2013-05-16,52.57,Yes,2013-05-19,Paper,33,3,Late,1–7 Days Late,2013-04-01,2
770,5592-UQXSS,2012-12-31,4867913310,2013-10-06,2013-11-05,36.26,No,2013-11-04,Electronic,29,0,On Time,On Time,2013-10-01,1
818,7695-NKUXM,2012-11-21,4870747963,2012-02-17,2012-03-18,70.57,Yes,2012-03-07,Paper,19,0,On Time,On Time,2012-02-01,1
818,2824-HJQPP,2013-09-04,4871103320,2013-10-18,2013-11-17,59.07,No,2013-10-27,Electronic,9,0,On Time,On Time,2013-10-01,1
770,3993-QUNVJ,2012-12-31,4872529612,2012-08-17,2012-09-16,37.24,No,2012-09-02,Paper,16,0,On Time,On Time,2012-08-01,1
391,2676-DZINU,2012-10-19,4878686047,2013-07-21,2013-08-20,73.61,No,2013-08-01,Electronic,11,0,On Time,On Time,2013-07-01,1
391,8156-PCYBM,2012-03-03,4881618322,2012-12-26,2013-01-25,104.02,No,2013-01-31,Electronic,36,6,Late,1–7 Days Late,2012-12-01,2
391,9212-BTDMX,2012-04-22,4884610178,2012-05-19,2012-06-18,82.21,No,2012-05-30,Electronic,11,0,On Time,On Time,2012-05-01,1
391,2676-DZINU,2012-10-19,4887614261,2012-06-12,2012-07-12,60.19,No,2012-07-05,Paper,23,0,On Time,On Time,2012-06-01,1
770,7050-KQLDO,2012-09-29,4891142927,2012-08-10,2012-09-09,47.99,No,2012-09-10,Paper,31,1,Late,1–7 Days Late,2012-08-01,2
406,5573-KSOIA,2013-09-30,4900239305,2013-05-17,2013-06-16,98.88,Yes,2013-07-04,Paper,48,18,Late,15–30 Days Late,2013-05-01,4
770,7758-WKLVM,2012-02-06,4902256475,2013-09-04,2013-10-04,72.09,No,2013-10-18,Electronic,44,14,Late,8–14 Days Late,2013-09-01,3
818,8102-ABPKQ,2013-08-29,4902403664,2012-09-27,2012-10-27,58.99,Yes,2012-11-08,Paper,42,12,Late,8–14 Days Late,2012-09-01,3
897,7654-DOLHO,2012-04-04,4902638386,2012-09-15,2012-10-15,46.03,No,2012-10-08,Electronic,23,0,On Time,On Time,2012-09-01,1
391,9212-BTDMX,2012-04-22,4903468657,2012-05-17,2012-06-16,66.55,No,2012-06-09,Electronic,23,0,On Time,On Time,2012-05-01,1
391,3598-DNURW,2012-08-29,4905021101,2013-11-15,2013-12-15,91.34,No,2013-11-23,Electronic,8,0,On Time,On Time,2013-11-01,1
391,9212-BTDMX,2012-04-22,4906343954,2012-03-26,2012-04-25,53.69,No,2012-04-15,Paper,20,0,On Time,On Time,2012-03-01,1
406,5284-DJOZO,2012-09-11,4908628098,2012-03-24,2012-04-23,89.67,Yes,2012-04-19,Paper,26,0,On Time,On Time,2012-03-01,1
391,0187-ERLSR,2013-07-31,4910161169,2012-12-06,2013-01-05,59,No,2012-12-19,Paper,13,0,On Time,On Time,2012-12-01,1
770,9928-IJYBQ,2012-03-18,4915855065,2012-01-07,2012-02-06,78.92,No,2012-02-05,Paper,29,0,On Time,On Time,2012-01-01,1
406,4092-ZAVRG,2012-05-19,4926391244,2012-05-20,2012-06-19,62.96,No,2012-05-22,Electronic,2,0,On Time,On Time,2012-05-01,1
770,2687-XWAMA,2013-04-03,4927657057,2012-12-25,2013-01-24,54.66,No,2013-01-13,Paper,19,0,On Time,On Time,2012-12-01,1
391,9212-BTDMX,2012-04-22,4930326600,2012-02-16,2012-03-17,58.85,No,2012-03-06,Paper,19,0,On Time,On Time,2012-02-01,1
770,3993-QUNVJ,2012-12-31,4934230957,2013-01-04,2013-02-03,88.48,Yes,2013-01-30,Electronic,26,0,On Time,On Time,2013-01-01,1
897,9883-SDWFS,2013-07-08,4935255726,2013-07-15,2013-08-14,47.13,Yes,2013-08-23,Electronic,39,9,Late,8–14 Days Late,2013-07-01,3
818,5613-UHVMG,2012-05-31,4937921214,2013-09-30,2013-10-30,53.8,No,2013-11-05,Electronic,36,6,Late,1–7 Days Late,2013-09-01,2
391,5529-TBPGK,2013-08-09,4941612254,2012-07-08,2012-08-07,65.27,No,2012-08-01,Paper,24,0,On Time,On Time,2012-07-01,1
818,6627-ELFBK,2012-11-26,4943574800,2012-05-20,2012-06-19,54.82,No,2012-06-16,Paper,27,0,On Time,On Time,2012-05-01,1
391,6160-HCSFI,2013-01-10,4949816221,2013-01-06,2013-02-05,85.64,No,2013-02-01,Paper,26,0,On Time,On Time,2013-01-01,1
897,9883-SDWFS,2013-07-08,4958732401,2013-11-13,2013-12-13,32.02,No,2013-12-04,Electronic,21,0,On Time,On Time,2013-11-01,1
897,9460-VAZGD,2013-08-10,4962937321,2012-06-06,2012-07-06,67.82,No,2012-06-26,Paper,20,0,On Time,On Time,2012-06-01,1
406,9771-QTLGZ,2012-12-10,4965519306,2013-05-26,2013-06-25,56.56,Yes,2013-06-06,Electronic,11,0,On Time,On Time,2013-05-01,1
770,9323-NDIOV,2012-07-09,4975085263,2012-06-21,2012-07-21,53.66,No,2012-08-07,Paper,47,17,Late,15–30 Days Late,2012-06-01,4
391,8156-PCYBM,2012-03-03,4977232177,2012-05-12,2012-06-11,93.36,No,2012-06-11,Electronic,30,0,On Time,On Time,2012-05-01,1
897,9250-VHLWY,2013-06-03,4977937495,2012-06-16,2012-07-16,51.81,No,2012-07-15,Paper,29,0,On Time,On Time,2012-06-01,1
818,8887-NCUZC,2013-01-22,4978138927,2012-01-10,2012-02-09,7.45,No,2012-02-19,Paper,40,10,Late,8–14 Days Late,2012-01-01,3
406,6833-ETVHD,2012-04-30,4982115880,2012-10-26,2012-11-25,47.52,No,2012-11-18,Electronic,23,0,On Time,On Time,2012-10-01,1
818,9181-HEKGV,2013-10-16,4983130271,2012-06-17,2012-07-17,66.07,No,2012-07-21,Paper,34,4,Late,1–7 Days Late,2012-06-01,2
818,5613-UHVMG,2012-05-31,4984149604,2012-01-24,2012-02-23,49.62,Yes,2012-03-21,Paper,57,27,Late,15–30 Days Late,2012-01-01,4
406,9117-LYRCE,2013-07-05,4988118072,2013-11-04,2013-12-04,47.33,No,2013-11-27,Electronic,23,0,On Time,On Time,2013-11-01,1
391,6160-HCSFI,2013-01-10,4988241929,2013-10-03,2013-11-02,68.64,No,2013-10-17,Electronic,14,0,On Time,On Time,2013-10-01,1
391,6708-DPYTF,2012-08-02,4989401437,2013-02-17,2013-03-19,56.99,No,2013-03-14,Electronic,25,0,On Time,On Time,2013-02-01,1
770,9928-IJYBQ,2012-03-18,4992290949,2012-07-25,2012-08-24,38.61,No,2012-08-26,Electronic,32,2,Late,1–7 Days Late,2012-07-01,2
897,3676-CQAIF,2013-07-29,4999718461,2013-01-14,2013-02-13,10.64,No,2013-02-03,Paper,20,0,On Time,On Time,2013-01-01,1
818,7946-HJDUR,2012-02-21,5002957961,2012-06-24,2012-07-24,61.9,No,2012-07-20,Electronic,26,0,On Time,On Time,2012-06-01,1
406,9117-LYRCE,2013-07-05,5004037531,2013-05-27,2013-06-26,48.73,No,2013-07-05,Paper,39,9,Late,8–14 Days Late,2013-05-01,3
391,7841-HROAQ,2013-09-15,5007692123,2013-07-03,2013-08-02,63.03,Yes,2013-08-10,Paper,38,8,Late,8–14 Days Late,2013-07-01,3
897,0688-XNJRO,2012-06-24,5010861294,2013-02-19,2013-03-21,25.38,No,2013-03-21,Electronic,30,0,On Time,On Time,2013-02-01,1
818,7695-NKUXM,2012-11-21,5012738148,2013-07-01,2013-07-31,44.25,No,2013-07-06,Electronic,5,0,On Time,On Time,2013-07-01,1
391,7329-TWKLF,2013-11-20,5016123354,2013-01-27,2013-02-26,94.38,No,2013-02-16,Paper,20,0,On Time,On Time,2013-01-01,1
897,9286-VLKMI,2013-02-13,5018112852,2013-01-09,2013-02-08,52.9,No,2013-01-12,Paper,3,0,On Time,On Time,2013-01-01,1
770,7228-LEPPM,2012-04-30,5023901716,2013-01-21,2013-02-20,89.96,Yes,2013-03-13,Electronic,51,21,Late,15–30 Days Late,2013-01-01,4
897,9460-VAZGD,2013-08-10,5025374541,2012-02-22,2012-03-23,57.14,No,2012-03-13,Paper,20,0,On Time,On Time,2012-02-01,1
406,4632-QZOKX,2013-03-19,5025604819,2012-11-03,2012-12-03,64.04,Yes,2012-12-26,Paper,53,23,Late,15–30 Days Late,2012-11-01,4
770,9928-IJYBQ,2012-03-18,5029459580,2012-07-10,2012-08-09,34.63,No,2012-08-03,Electronic,24,0,On Time,On Time,2012-07-01,1
770,9149-MATVB,2013-04-30,5031169107,2013-11-08,2013-12-08,34.65,No,2013-11-25,Electronic,17,0,On Time,On Time,2013-11-01,1
391,9174-IYKOC,2012-11-27,5031980496,2012-09-29,2012-10-29,66.8,No,2012-10-29,Paper,30,0,On Time,On Time,2012-09-01,1
770,2447-JCFGW,2012-07-31,5032711986,2013-10-26,2013-11-25,82.34,No,2013-11-10,Electronic,15,0,On Time,On Time,2013-10-01,1
391,5920-DPXLN,2012-11-11,5040778858,2013-10-02,2013-11-01,53.12,No,2013-10-23,Electronic,21,0,On Time,On Time,2013-10-01,1
406,6048-QPZCF,2012-07-13,5043434563,2013-06-28,2013-07-28,68.2,Yes,2013-07-14,Electronic,16,0,On Time,On Time,2013-06-01,1
818,1604-LIFKX,2013-03-16,5046787811,2013-05-31,2013-06-30,77.66,No,2013-07-05,Electronic,35,5,Late,1–7 Days Late,2013-05-01,2
770,6831-FIODB,2013-05-08,5047086979,2012-06-05,2012-07-05,71.5,Yes,2012-08-04,Paper,60,30,Late,15–30 Days Late,2012-06-01,4
897,6391-GBFQJ,2013-11-25,5048564900,2013-03-04,2013-04-03,46.49,Yes,2013-04-03,Paper,30,0,On Time,On Time,2013-03-01,1
391,0379-NEVHP,2013-04-06,5051186703,2012-07-01,2012-07-31,42.25,No,2012-07-17,Paper,16,0,On Time,On Time,2012-07-01,1
897,1408-OQZUE,2012-09-14,5051542190,2012-07-04,2012-08-03,53.95,Yes,2012-09-01,Paper,59,29,Late,15–30 Days Late,2012-07-01,4
770,9149-MATVB,2013-04-30,5069265898,2013-07-15,2013-08-14,46.53,No,2013-08-05,Electronic,21,0,On Time,On Time,2013-07-01,1
391,5196-TWQXF,2012-06-20,5080141194,2012-12-30,2013-01-29,45.8,No,2013-01-10,Electronic,11,0,On Time,On Time,2012-12-01,1
897,6296-UKEUZ,2012-11-26,5087638061,2013-02-06,2013-03-08,22,No,2013-02-08,Electronic,2,0,On Time,On Time,2013-02-01,1
770,2687-XWAMA,2013-04-03,5104471628,2013-08-08,2013-09-07,62.58,No,2013-08-19,Electronic,11,0,On Time,On Time,2013-08-01,1
897,8690-EEBEO,2012-12-05,5106033344,2013-09-21,2013-10-21,40.94,No,2013-10-18,Electronic,27,0,On Time,On Time,2013-09-01,1
770,2447-JCFGW,2012-07-31,5112375133,2013-08-22,2013-09-21,37.25,No,2013-09-17,Electronic,26,0,On Time,On Time,2013-08-01,1
818,7695-NKUXM,2012-11-21,5115237233,2013-09-22,2013-10-22,57.04,No,2013-09-24,Electronic,2,0,On Time,On Time,2013-09-01,1
391,5196-TWQXF,2012-06-20,5118980474,2013-11-08,2013-12-08,69.22,No,2013-11-21,Electronic,13,0,On Time,On Time,2013-11-01,1
391,2820-XGXSB,2012-01-26,5120935092,2012-02-03,2012-03-04,83.15,No,2012-02-12,Electronic,9,0,On Time,On Time,2012-02-01,1
406,1447-YZKCL,2012-08-10,5126179664,2013-05-17,2013-06-16,58.35,No,2013-06-08,Electronic,22,0,On Time,On Time,2013-05-01,1
818,8887-NCUZC,2013-01-22,5128563640,2013-09-19,2013-10-19,16.58,No,2013-10-12,Electronic,23,0,On Time,On Time,2013-09-01,1
897,1408-OQZUE,2012-09-14,5129304908,2013-09-23,2013-10-23,40.66,No,2013-11-05,Electronic,43,13,Late,8–14 Days Late,2013-09-01,3
391,6708-DPYTF,2012-08-02,5133177585,2012-01-03,2012-02-02,55.37,No,2012-02-16,Paper,44,14,Late,8–14 Days Late,2012-01-01,3
391,6632-CGYHU,2013-01-08,5135727501,2013-09-01,2013-10-01,68.88,No,2013-09-07,Electronic,6,0,On Time,On Time,2013-09-01,1
391,3569-VJWXS,2013-04-09,5137377854,2013-05-07,2013-06-06,50.63,No,2013-05-21,Electronic,14,0,On Time,On Time,2013-05-01,1
818,8887-NCUZC,2013-01-22,5143348258,2013-05-26,2013-06-25,27.84,Yes,2013-07-05,Electronic,40,10,Late,8–14 Days Late,2013-05-01,3
391,1080-NDGAE,2012-09-28,5144461624,2013-11-13,2013-12-13,101.93,Yes,2013-12-16,Electronic,33,3,Late,1–7 Days Late,2013-11-01,2
770,3993-QUNVJ,2012-12-31,5153888748,2013-08-14,2013-09-13,54.2,No,2013-08-26,Electronic,12,0,On Time,On Time,2013-08-01,1
391,1080-NDGAE,2012-09-28,5156029827,2012-10-18,2012-11-17,73.57,Yes,2012-11-17,Electronic,30,0,On Time,On Time,2012-10-01,1
818,3568-JJMFW,2012-01-09,5157346968,2013-09-06,2013-10-06,45.02,No,2013-09-12,Electronic,6,0,On Time,On Time,2013-09-01,1
406,3448-OWJOT,2012-09-15,5160746172,2013-07-17,2013-08-16,76.89,Yes,2013-08-10,Electronic,24,0,On Time,On Time,2013-07-01,1
818,2824-HJQPP,2013-09-04,5181531445,2012-02-29,2012-03-30,60.86,No,2012-03-28,Paper,28,0,On Time,On Time,2012-02-01,1
406,6833-ETVHD,2012-04-30,5190923189,2013-03-28,2013-04-27,60.25,No,2013-04-15,Electronic,18,0,On Time,On Time,2013-03-01,1
897,8942-ERSWK,2013-01-11,5198527757,2012-02-17,2012-03-18,38.97,No,2012-02-29,Paper,12,0,On Time,On Time,2012-02-01,1
770,2687-XWAMA,2013-04-03,5201178540,2012-07-14,2012-08-13,62.66,No,2012-07-25,Paper,11,0,On Time,On Time,2012-07-01,1
818,9181-HEKGV,2013-10-16,5202032585,2012-05-02,2012-06-01,58.19,No,2012-06-06,Paper,35,5,Late,1–7 Days Late,2012-05-01,2
818,2824-HJQPP,2013-09-04,5210865686,2012-11-18,2012-12-18,51.6,No,2012-12-05,Paper,17,0,On Time,On Time,2012-11-01,1
818,2824-HJQPP,2013-09-04,5211032490,2012-02-02,2012-03-03,70.47,No,2012-03-03,Paper,30,0,On Time,On Time,2012-02-01,1
818,3568-JJMFW,2012-01-09,5211667829,2013-08-03,2013-09-02,64.53,Yes,2013-08-24,Electronic,21,0,On Time,On Time,2013-08-01,1
391,2676-DZINU,2012-10-19,5212915028,2012-05-03,2012-06-02,59.78,No,2012-05-23,Paper,20,0,On Time,On Time,2012-05-01,1
391,7841-HROAQ,2013-09-15,5213055907,2012-02-01,2012-03-02,56.2,Yes,2012-03-09,Paper,37,7,Late,1–7 Days Late,2012-02-01,2
897,7372-CESLR,2013-01-11,5215762025,2012-01-10,2012-02-09,47.75,No,2012-02-03,Paper,24,0,On Time,On Time,2012-01-01,1
406,9322-YCTQO,2012-04-06,5216037175,2012-04-13,2012-05-13,83.24,No,2012-05-23,Electronic,40,10,Late,8–14 Days Late,2012-04-01,3
391,0187-ERLSR,2013-07-31,5219455796,2013-10-17,2013-11-16,77.19,No,2013-10-20,Electronic,3,0,On Time,On Time,2013-10-01,1
391,5529-TBPGK,2013-08-09,5221373409,2012-08-16,2012-09-15,59.21,No,2012-09-23,Paper,38,8,Late,8–14 Days Late,2012-08-01,3
897,3271-YDPUJ,2013-04-02,5224697080,2012-07-27,2012-08-26,46.31,Yes,2012-08-24,Paper,28,0,On Time,On Time,2012-07-01,1
897,6296-UKEUZ,2012-11-26,5225282488,2013-09-07,2013-10-07,61.24,No,2013-09-08,Electronic,1,0,On Time,On Time,2013-09-01,1
770,9323-NDIOV,2012-07-09,5230964660,2012-11-19,2012-12-19,60.46,No,2012-12-20,Electronic,31,1,Late,1–7 Days Late,2012-11-01,2
897,9286-VLKMI,2013-02-13,5231639672,2012-01-31,2012-03-01,73.32,No,2012-02-04,Paper,4,0,On Time,On Time,2012-01-01,1
897,7372-CESLR,2013-01-11,5244938150,2012-05-25,2012-06-24,34.58,No,2012-06-13,Paper,19,0,On Time,On Time,2012-05-01,1
406,3448-OWJOT,2012-09-15,5259704172,2013-10-03,2013-11-02,64.74,Yes,2013-11-09,Electronic,37,7,Late,1–7 Days Late,2013-10-01,2
406,3448-OWJOT,2012-09-15,5267406931,2012-01-30,2012-02-29,85.22,Yes,2012-03-11,Paper,41,11,Late,8–14 Days Late,2012-01-01,3
818,7946-HJDUR,2012-02-21,5274457788,2012-09-01,2012-10-01,60.57,No,2012-09-27,Electronic,26,0,On Time,On Time,2012-09-01,1
897,0688-XNJRO,2012-06-24,5277730076,2013-05-02,2013-06-01,41.31,No,2013-06-16,Electronic,45,15,Late,15–30 Days Late,2013-05-01,4
391,8820-BLYDZ,2013-03-19,5280781969,2012-07-19,2012-08-18,70.13,No,2012-07-28,Paper,9,0,On Time,On Time,2012-07-01,1
391,6632-CGYHU,2013-01-08,5284159199,2013-09-16,2013-10-16,68.47,No,2013-09-28,Electronic,12,0,On Time,On Time,2013-09-01,1
818,8102-ABPKQ,2013-08-29,5288556291,2013-07-05,2013-08-04,85.3,Yes,2013-08-29,Paper,55,25,Late,15–30 Days Late,2013-07-01,4
818,8364-UWVLM,2012-11-10,5302225359,2013-06-04,2013-07-04,63.58,No,2013-06-24,Electronic,20,0,On Time,On Time,2013-06-01,1
770,7228-LEPPM,2012-04-30,5307752603,2012-01-23,2012-02-22,87.1,No,2012-03-08,Paper,45,15,Late,15–30 Days Late,2012-01-01,4
391,7329-TWKLF,2013-11-20,5308271793,2012-07-06,2012-08-05,73.84,No,2012-08-01,Paper,26,0,On Time,On Time,2012-07-01,1
391,5920-DPXLN,2012-11-11,5315380309,2013-10-23,2013-11-22,61.19,No,2013-11-05,Electronic,13,0,On Time,On Time,2013-10-01,1
391,8820-BLYDZ,2013-03-19,5318528972,2012-05-28,2012-06-27,95.99,No,2012-06-12,Paper,15,0,On Time,On Time,2012-05-01,1
770,2687-XWAMA,2013-04-03,5320556174,2012-10-15,2012-11-14,57.88,No,2012-10-20,Paper,5,0,On Time,On Time,2012-10-01,1
406,4632-QZOKX,2013-03-19,5338397427,2013-01-12,2013-02-11,65.61,Yes,2013-02-20,Paper,39,9,Late,8–14 Days Late,2013-01-01,3
406,9322-YCTQO,2012-04-06,5345209605,2013-05-22,2013-06-21,98.35,No,2013-06-25,Electronic,34,4,Late,1–7 Days Late,2013-05-01,2
391,1080-NDGAE,2012-09-28,5348963302,2012-04-27,2012-05-27,96.6,No,2012-05-22,Paper,25,0,On Time,On Time,2012-04-01,1
406,7600-OISKG,2013-07-19,5352209758,2013-08-25,2013-09-24,60.57,Yes,2013-09-14,Electronic,20,0,On Time,On Time,2013-08-01,1
818,5148-SYKLB,2013-08-28,5353996897,2013-06-11,2013-07-11,84.15,Yes,2013-07-23,Paper,42,12,Late,8–14 Days Late,2013-06-01,3
391,3569-VJWXS,2013-04-09,5358292729,2012-04-03,2012-05-03,65.75,No,2012-04-30,Paper,27,0,On Time,On Time,2012-04-01,1
406,6048-QPZCF,2012-07-13,5359595729,2012-06-06,2012-07-06,96.48,No,2012-06-12,Paper,6,0,On Time,On Time,2012-06-01,1
818,9181-HEKGV,2013-10-16,5364802553,2012-12-30,2013-01-29,87,Yes,2013-03-04,Paper,64,34,Late,Over 30 Days Late,2012-12-01,5
770,6831-FIODB,2013-05-08,5365850526,2012-02-16,2012-03-17,57.07,No,2012-03-16,Paper,29,0,On Time,On Time,2012-02-01,1
897,3676-CQAIF,2013-07-29,5367243443,2012-06-01,2012-07-01,53.81,Yes,2012-07-20,Paper,49,19,Late,15–30 Days Late,2012-06-01,4
391,2125-HJDLA,2012-05-22,5370094352,2012-02-13,2012-03-14,24.25,No,2012-03-29,Paper,45,15,Late,15–30 Days Late,2012-02-01,4
391,6160-HCSFI,2013-01-10,5375281177,2013-11-26,2013-12-26,80.85,No,2013-12-07,Electronic,11,0,On Time,On Time,2013-11-01,1
391,5196-TWQXF,2012-06-20,5376212799,2013-02-03,2013-03-05,65.47,No,2013-02-25,Electronic,22,0,On Time,On Time,2013-02-01,1
406,0783-PEPYR,2013-11-27,5378812305,2013-09-18,2013-10-18,58.58,No,2013-10-19,Paper,31,1,Late,1–7 Days Late,2013-09-01,2
406,6833-ETVHD,2012-04-30,5390563017,2013-08-12,2013-09-11,62.4,No,2013-09-06,Electronic,25,0,On Time,On Time,2013-08-01,1
818,1604-LIFKX,2013-03-16,5395803659,2013-10-18,2013-11-17,51.64,No,2013-11-27,Electronic,40,10,Late,8–14 Days Late,2013-10-01,3
406,9117-LYRCE,2013-07-05,5400778193,2012-09-25,2012-10-25,37.19,No,2012-11-01,Paper,37,7,Late,1–7 Days Late,2012-09-01,2
406,4092-ZAVRG,2012-05-19,5404048854,2013-08-07,2013-09-06,73.08,No,2013-08-08,Electronic,1,0,On Time,On Time,2013-08-01,1
770,0465-DTULQ,2013-03-04,5406697446,2012-06-16,2012-07-16,39.87,Yes,2012-08-03,Paper,48,18,Late,15–30 Days Late,2012-06-01,4
897,9883-SDWFS,2013-07-08,5408072058,2013-04-27,2013-05-27,42.86,Yes,2013-06-18,Paper,52,22,Late,15–30 Days Late,2013-04-01,4
406,3448-OWJOT,2012-09-15,5411405629,2013-09-30,2013-10-30,73.99,Yes,2013-10-27,Electronic,27,0,On Time,On Time,2013-09-01,1
770,5592-UQXSS,2012-12-31,5417879278,2012-04-07,2012-05-07,37.08,Yes,2012-05-12,Paper,35,5,Late,1–7 Days Late,2012-04-01,2
897,8690-EEBEO,2012-12-05,5419865968,2013-08-11,2013-09-10,62.83,No,2013-09-07,Electronic,27,0,On Time,On Time,2013-08-01,1
770,5592-UQXSS,2012-12-31,5420077969,2013-06-05,2013-07-05,34.36,No,2013-06-21,Electronic,16,0,On Time,On Time,2013-06-01,1
391,6708-DPYTF,2012-08-02,5423618299,2013-03-20,2013-04-19,81.59,No,2013-04-28,Electronic,39,9,Late,8–14 Days Late,2013-03-01,3
391,7329-TWKLF,2013-11-20,5433217651,2013-10-21,2013-11-20,78.59,No,2013-11-13,Paper,23,0,On Time,On Time,2013-10-01,1
770,0625-TNJFG,2013-08-15,5437619752,2013-07-05,2013-08-04,69.85,No,2013-08-06,Paper,32,2,Late,1–7 Days Late,2013-07-01,2
406,9322-YCTQO,2012-04-06,5439908314,2013-05-17,2013-06-16,70.98,No,2013-06-23,Electronic,37,7,Late,1–7 Days Late,2013-05-01,2
406,4640-FGEJI,2013-04-04,5445841992,2013-10-21,2013-11-20,97.42,No,2013-11-14,Electronic,24,0,On Time,On Time,2013-10-01,1
406,0783-PEPYR,2013-11-27,5446180510,2012-04-29,2012-05-29,50.55,Yes,2012-06-11,Paper,43,13,Late,8–14 Days Late,2012-04-01,3
391,8156-PCYBM,2012-03-03,5453381490,2013-06-10,2013-07-10,62.64,No,2013-07-14,Electronic,34,4,Late,1–7 Days Late,2013-06-01,2
770,7260-ZHAKS,2012-06-17,5454474839,2012-08-30,2012-09-29,100.51,No,2012-09-26,Electronic,27,0,On Time,On Time,2012-08-01,1
391,2820-XGXSB,2012-01-26,5458519467,2012-05-02,2012-06-01,73.62,No,2012-05-07,Electronic,5,0,On Time,On Time,2012-05-01,1
391,8820-BLYDZ,2013-03-19,5464873037,2013-08-28,2013-09-27,98.83,No,2013-08-31,Electronic,3,0,On Time,On Time,2013-08-01,1
406,8389-TCXFQ,2012-08-24,5471402464,2013-01-09,2013-02-08,51.2,No,2013-01-24,Electronic,15,0,On Time,On Time,2013-01-01,1
406,4651-PMEXQ,2012-07-04,5473678800,2013-09-05,2013-10-05,70.29,No,2013-09-28,Electronic,23,0,On Time,On Time,2013-09-01,1
406,6833-ETVHD,2012-04-30,5480294344,2012-10-01,2012-10-31,74.56,No,2012-10-20,Electronic,19,0,On Time,On Time,2012-10-01,1
770,3831-FXWYK,2013-03-08,5485299924,2012-11-02,2012-12-02,74.47,No,2012-12-17,Paper,45,15,Late,15–30 Days Late,2012-11-01,4
406,9725-EZTEJ,2012-03-17,5493577724,2013-05-25,2013-06-24,109.81,Yes,2013-06-18,Electronic,24,0,On Time,On Time,2013-05-01,1
406,5573-KSOIA,2013-09-30,5506147573,2013-10-02,2013-11-01,84.31,No,2013-10-26,Electronic,24,0,On Time,On Time,2013-10-01,1
406,9771-QTLGZ,2012-12-10,5508245592,2013-02-28,2013-03-30,48.87,Yes,2013-03-09,Electronic,9,0,On Time,On Time,2013-02-01,1
770,7758-WKLVM,2012-02-06,5510823569,2012-04-11,2012-05-11,30.06,No,2012-05-17,Electronic,36,6,Late,1–7 Days Late,2012-04-01,2
770,7260-ZHAKS,2012-06-17,5516916159,2013-01-23,2013-02-22,83.32,No,2013-02-06,Electronic,14,0,On Time,On Time,2013-01-01,1
770,0465-DTULQ,2013-03-04,5519301828,2012-01-30,2012-02-29,59.34,Yes,2012-03-21,Paper,51,21,Late,15–30 Days Late,2012-01-01,4
406,4640-FGEJI,2013-04-04,5531824498,2012-11-06,2012-12-06,95.58,No,2012-12-06,Paper,30,0,On Time,On Time,2012-11-01,1
391,8156-PCYBM,2012-03-03,5535719066,2012-11-25,2012-12-25,46,No,2012-12-20,Electronic,25,0,On Time,On Time,2012-11-01,1
406,1447-YZKCL,2012-08-10,5536234391,2012-11-01,2012-12-01,61.2,No,2012-12-10,Electronic,39,9,Late,8–14 Days Late,2012-11-01,3
391,1080-NDGAE,2012-09-28,5536610902,2013-06-29,2013-07-29,89.97,Yes,2013-08-01,Electronic,33,3,Late,1–7 Days Late,2013-06-01,2
770,0625-TNJFG,2013-08-15,5539674578,2013-11-05,2013-12-05,44.4,No,2013-12-02,Electronic,27,0,On Time,On Time,2013-11-01,1
818,5924-UOPGH,2013-06-06,5551365805,2012-09-22,2012-10-22,96.58,No,2012-10-07,Paper,15,0,On Time,On Time,2012-09-01,1
406,0783-PEPYR,2013-11-27,5554040283,2013-02-17,2013-03-19,59.36,No,2013-03-30,Paper,41,11,Late,8–14 Days Late,2013-02-01,3
818,6627-ELFBK,2012-11-26,5554804891,2013-08-21,2013-09-20,77.24,No,2013-09-09,Electronic,19,0,On Time,On Time,2013-08-01,1
406,0783-PEPYR,2013-11-27,5564408624,2013-08-22,2013-09-21,50.69,Yes,2013-10-05,Paper,44,14,Late,8–14 Days Late,2013-08-01,3
406,7938-EVASK,2012-12-15,5570997637,2012-01-19,2012-02-18,43.77,No,2012-02-29,Paper,41,11,Late,8–14 Days Late,2012-01-01,3
406,4092-ZAVRG,2012-05-19,5584045928,2012-08-25,2012-09-24,72.2,No,2012-08-28,Electronic,3,0,On Time,On Time,2012-08-01,1
818,3271-HYHDN,2013-04-28,5584805665,2013-07-23,2013-08-22,71.02,No,2013-07-23,Electronic,0,0,On Time,On Time,2013-07-01,1
818,5924-UOPGH,2013-06-06,5589625888,2013-02-10,2013-03-12,61.46,No,2013-03-02,Paper,20,0,On Time,On Time,2013-02-01,1
391,7841-HROAQ,2013-09-15,5591470956,2012-08-25,2012-09-24,72.94,No,2012-09-25,Paper,31,1,Late,1–7 Days Late,2012-08-01,2
406,6833-ETVHD,2012-04-30,5600044644,2013-01-07,2013-02-06,67.51,No,2013-01-22,Electronic,15,0,On Time,On Time,2013-01-01,1
391,2423-QOKIO,2013-05-11,5600941018,2012-01-27,2012-02-26,53.73,No,2012-03-05,Paper,38,8,Late,8–14 Days Late,2012-01-01,3
818,5924-UOPGH,2013-06-06,5601820333,2013-09-25,2013-10-25,76.69,No,2013-10-09,Electronic,14,0,On Time,On Time,2013-09-01,1
818,6004-KITZM,2013-09-01,5606369890,2013-02-23,2013-03-25,70.9,No,2013-03-15,Paper,20,0,On Time,On Time,2013-02-01,1
818,7695-NKUXM,2012-11-21,5609216425,2012-11-16,2012-12-16,69.4,No,2012-11-29,Paper,13,0,On Time,On Time,2012-11-01,1
818,5613-UHVMG,2012-05-31,5612029362,2013-02-07,2013-03-09,72.82,Yes,2013-04-01,Electronic,53,23,Late,15–30 Days Late,2013-02-01,4
406,6833-ETVHD,2012-04-30,5614207522,2013-01-24,2013-02-23,59.25,No,2013-02-11,Electronic,18,0,On Time,On Time,2013-01-01,1
406,6048-QPZCF,2012-07-13,5616666227,2013-05-16,2013-06-15,92.96,No,2013-05-22,Electronic,6,0,On Time,On Time,2013-05-01,1
818,7946-HJDUR,2012-02-21,5619336586,2013-06-03,2013-07-03,75.07,No,2013-06-30,Electronic,27,0,On Time,On Time,2013-06-01,1
770,7758-WKLVM,2012-02-06,5627371581,2012-05-28,2012-06-27,55.22,No,2012-06-25,Electronic,28,0,On Time,On Time,2012-05-01,1
897,0688-XNJRO,2012-06-24,5633925313,2013-04-12,2013-05-12,34.75,No,2013-06-04,Electronic,53,23,Late,15–30 Days Late,2013-04-01,4
391,9174-IYKOC,2012-11-27,5636675950,2012-03-21,2012-04-20,68.81,Yes,2012-05-12,Paper,52,22,Late,15–30 Days Late,2012-03-01,4
770,7050-KQLDO,2012-09-29,5636946317,2013-04-07,2013-05-07,57.24,No,2013-04-30,Electronic,23,0,On Time,On Time,2013-04-01,1
770,9323-NDIOV,2012-07-09,5641290183,2012-12-09,2013-01-08,54.49,No,2013-01-07,Electronic,29,0,On Time,On Time,2012-12-01,1
818,6004-KITZM,2013-09-01,5652779440,2012-11-20,2012-12-20,64.27,No,2012-12-07,Paper,17,0,On Time,On Time,2012-11-01,1
897,6391-GBFQJ,2013-11-25,5663633073,2013-03-28,2013-04-27,7.33,No,2013-04-21,Paper,24,0,On Time,On Time,2013-03-01,1
406,4640-FGEJI,2013-04-04,5666197272,2013-09-01,2013-10-01,42.37,No,2013-09-24,Electronic,23,0,On Time,On Time,2013-09-01,1
391,6160-HCSFI,2013-01-10,5667168406,2013-06-04,2013-07-04,68.97,No,2013-06-20,Electronic,16,0,On Time,On Time,2013-06-01,1
770,9149-MATVB,2013-04-30,5669083173,2013-07-02,2013-08-01,36.26,No,2013-07-25,Electronic,23,0,On Time,On Time,2013-07-01,1
770,4460-ZXNDN,2013-06-27,5670127659,2012-10-01,2012-10-31,59.6,Yes,2012-11-03,Paper,33,3,Late,1–7 Days Late,2012-10-01,2
770,0706-NRGUP,2013-04-09,5671103218,2012-12-05,2013-01-04,25.78,No,2012-12-30,Paper,25,0,On Time,On Time,2012-12-01,1
818,1604-LIFKX,2013-03-16,5672264098,2012-12-22,2013-01-21,52.62,No,2013-02-05,Paper,45,15,Late,15–30 Days Late,2012-12-01,4
897,3271-YDPUJ,2013-04-02,5689526714,2013-01-21,2013-02-20,64.44,Yes,2013-02-22,Paper,32,2,Late,1–7 Days Late,2013-01-01,2
391,6160-HCSFI,2013-01-10,5709007782,2013-02-02,2013-03-04,85.52,No,2013-02-23,Electronic,21,0,On Time,On Time,2013-02-01,1
818,7946-HJDUR,2012-02-21,5713630505,2013-08-19,2013-09-18,51.94,No,2013-09-20,Electronic,32,2,Late,1–7 Days Late,2013-08-01,2
818,1604-LIFKX,2013-03-16,5715617144,2012-06-28,2012-07-28,59.91,No,2012-08-11,Paper,44,14,Late,8–14 Days Late,2012-06-01,3
406,2621-XCLEH,2012-09-24,5722625204,2012-03-23,2012-04-22,89.05,No,2012-05-14,Paper,52,22,Late,15–30 Days Late,2012-03-01,4
406,6833-ETVHD,2012-04-30,5728598959,2013-10-17,2013-11-16,71.7,No,2013-11-06,Electronic,20,0,On Time,On Time,2013-10-01,1
391,6632-CGYHU,2013-01-08,5732190469,2013-08-07,2013-09-06,70.51,No,2013-08-18,Electronic,11,0,On Time,On Time,2013-08-01,1
406,1447-YZKCL,2012-08-10,5732886455,2012-09-13,2012-10-13,55.14,No,2012-10-13,Electronic,30,0,On Time,On Time,2012-09-01,1
770,6077-FDQRK,2012-09-11,5734148846,2013-08-15,2013-09-14,58.36,No,2013-08-27,Electronic,12,0,On Time,On Time,2013-08-01,1
391,7209-MDWKR,2013-10-09,5743371067,2012-10-04,2012-11-03,55.88,No,2012-11-14,Paper,41,11,Late,8–14 Days Late,2012-10-01,3
406,4640-FGEJI,2013-04-04,5747215345,2012-07-05,2012-08-04,66.54,Yes,2012-08-13,Paper,39,9,Late,8–14 Days Late,2012-07-01,3
406,1447-YZKCL,2012-08-10,5750325838,2013-11-16,2013-12-16,77.33,No,2013-12-17,Electronic,31,1,Late,1–7 Days Late,2013-11-01,2
406,4651-PMEXQ,2012-07-04,5753468265,2012-07-01,2012-07-31,94.97,No,2012-08-02,Paper,32,2,Late,1–7 Days Late,2012-07-01,2
391,0187-ERLSR,2013-07-31,5759027335,2013-11-11,2013-12-11,83.18,Yes,2013-11-24,Electronic,13,0,On Time,On Time,2013-11-01,1
406,9725-EZTEJ,2012-03-17,5759152857,2012-04-22,2012-05-22,72.32,Yes,2012-06-05,Electronic,44,14,Late,8–14 Days Late,2012-04-01,3
897,9286-VLKMI,2013-02-13,5759365584,2013-02-13,2013-03-15,51.43,No,2013-02-18,Paper,5,0,On Time,On Time,2013-02-01,1
897,3676-CQAIF,2013-07-29,5769308033,2012-06-10,2012-07-10,35.32,Yes,2012-07-28,Paper,48,18,Late,15–30 Days Late,2012-06-01,4
406,4092-ZAVRG,2012-05-19,5769746861,2012-06-27,2012-07-27,73.09,No,2012-06-30,Electronic,3,0,On Time,On Time,2012-06-01,1
818,3568-JJMFW,2012-01-09,5770867325,2012-04-21,2012-05-21,63.97,No,2012-05-03,Electronic,12,0,On Time,On Time,2012-04-01,1
406,0783-PEPYR,2013-11-27,5777629589,2012-09-02,2012-10-02,57.26,No,2012-10-09,Paper,37,7,Late,1–7 Days Late,2012-09-01,2
770,0625-TNJFG,2013-08-15,5779088948,2012-11-19,2012-12-19,62.84,No,2012-12-13,Paper,24,0,On Time,On Time,2012-11-01,1
391,9212-BTDMX,2012-04-22,5783904084,2012-07-15,2012-08-14,24.91,No,2012-07-28,Electronic,13,0,On Time,On Time,2012-07-01,1
391,0379-NEVHP,2013-04-06,5786890759,2013-01-09,2013-02-08,34.41,No,2013-01-27,Paper,18,0,On Time,On Time,2013-01-01,1
770,2687-XWAMA,2013-04-03,5792413329,2012-06-26,2012-07-26,47.64,No,2012-07-10,Paper,14,0,On Time,On Time,2012-06-01,1
770,2026-XLBER,2012-11-12,5796159925,2013-09-08,2013-10-08,55.16,No,2013-09-17,Electronic,9,0,On Time,On Time,2013-09-01,1
406,5284-DJOZO,2012-09-11,5802848218,2012-12-14,2013-01-13,82.19,No,2012-12-18,Electronic,4,0,On Time,On Time,2012-12-01,1
897,8942-ERSWK,2013-01-11,5804051179,2012-11-17,2012-12-17,29.41,No,2012-12-03,Paper,16,0,On Time,On Time,2012-11-01,1
897,1408-OQZUE,2012-09-14,5822411556,2012-12-12,2013-01-11,64.29,Yes,2013-01-27,Electronic,46,16,Late,15–30 Days Late,2012-12-01,4
391,6708-DPYTF,2012-08-02,5826992356,2013-10-03,2013-11-02,105.25,No,2013-11-03,Electronic,31,1,Late,1–7 Days Late,2013-10-01,2
770,2687-XWAMA,2013-04-03,5831823402,2012-01-21,2012-02-20,32.78,No,2012-02-02,Paper,12,0,On Time,On Time,2012-01-01,1
770,0625-TNJFG,2013-08-15,5833648536,2013-07-13,2013-08-12,81.63,No,2013-08-04,Paper,22,0,On Time,On Time,2013-07-01,1
406,2621-XCLEH,2012-09-24,5834509499,2012-03-02,2012-04-01,67.51,No,2012-04-28,Paper,57,27,Late,15–30 Days Late,2012-03-01,4
770,3831-FXWYK,2013-03-08,5834961407,2012-08-09,2012-09-08,73.9,No,2012-09-10,Paper,32,2,Late,1–7 Days Late,2012-08-01,2
406,6833-ETVHD,2012-04-30,5844695758,2012-01-10,2012-02-09,71.66,No,2012-02-10,Paper,31,1,Late,1–7 Days Late,2012-01-01,2
770,9149-MATVB,2013-04-30,5851010658,2012-04-01,2012-05-01,56.1,No,2012-04-30,Paper,29,0,On Time,On Time,2012-04-01,1
770,0625-TNJFG,2013-08-15,5853943614,2012-02-24,2012-03-25,62.39,No,2012-03-25,Paper,30,0,On Time,On Time,2012-02-01,1
770,3831-FXWYK,2013-03-08,5854224600,2013-09-02,2013-10-02,56.31,No,2013-09-27,Electronic,25,0,On Time,On Time,2013-09-01,1
897,3271-YDPUJ,2013-04-02,5861341441,2013-01-18,2013-02-17,44.79,Yes,2013-02-24,Paper,37,7,Late,1–7 Days Late,2013-01-01,2
897,9250-VHLWY,2013-06-03,5863004374,2013-01-09,2013-02-08,52.53,No,2013-02-11,Paper,33,3,Late,1–7 Days Late,2013-01-01,2
391,5196-TWQXF,2012-06-20,5865149984,2013-05-26,2013-06-25,55.1,No,2013-06-16,Electronic,21,0,On Time,On Time,2013-05-01,1
770,7050-KQLDO,2012-09-29,5865665884,2012-01-28,2012-02-27,64.89,No,2012-02-16,Paper,19,0,On Time,On Time,2012-01-01,1
770,7758-WKLVM,2012-02-06,5865860062,2012-03-19,2012-04-18,48.42,Yes,2012-05-09,Electronic,51,21,Late,15–30 Days Late,2012-03-01,4
770,2687-XWAMA,2013-04-03,5866198434,2012-05-13,2012-06-12,56.25,No,2012-05-23,Paper,10,0,On Time,On Time,2012-05-01,1
391,7209-MDWKR,2013-10-09,5866933192,2013-07-14,2013-08-13,62.32,No,2013-08-19,Paper,36,6,Late,1–7 Days Late,2013-07-01,2
897,0688-XNJRO,2012-06-24,5868117840,2012-07-05,2012-08-04,24.42,No,2012-08-15,Electronic,41,11,Late,8–14 Days Late,2012-07-01,3
897,3271-YDPUJ,2013-04-02,5870483009,2012-08-24,2012-09-23,23.08,No,2012-09-13,Paper,20,0,On Time,On Time,2012-08-01,1
391,6632-CGYHU,2013-01-08,5872970998,2013-05-29,2013-06-28,85.89,No,2013-06-06,Electronic,8,0,On Time,On Time,2013-05-01,1
770,9149-MATVB,2013-04-30,5876175760,2012-06-05,2012-07-05,64.06,No,2012-07-13,Paper,38,8,Late,8–14 Days Late,2012-06-01,3
818,8102-ABPKQ,2013-08-29,5882624218,2013-03-17,2013-04-16,76.85,Yes,2013-05-03,Paper,47,17,Late,15–30 Days Late,2013-03-01,4
406,1447-YZKCL,2012-08-10,5893003141,2012-05-25,2012-06-24,71.36,No,2012-06-26,Paper,32,2,Late,1–7 Days Late,2012-05-01,2
391,9174-IYKOC,2012-11-27,5895996518,2013-07-09,2013-08-08,65.39,No,2013-08-02,Electronic,24,0,On Time,On Time,2013-07-01,1
818,3568-JJMFW,2012-01-09,5896450110,2012-12-30,2013-01-29,56.93,Yes,2013-01-17,Electronic,18,0,On Time,On Time,2012-12-01,1
391,6708-DPYTF,2012-08-02,5897876193,2012-07-04,2012-08-03,76.81,No,2012-08-16,Paper,43,13,Late,8–14 Days Late,2012-07-01,3
406,7938-EVASK,2012-12-15,5900977077,2013-05-04,2013-06-03,65.79,No,2013-05-28,Electronic,24,0,On Time,On Time,2013-05-01,1
406,3448-OWJOT,2012-09-15,5902046936,2012-02-19,2012-03-20,74.94,Yes,2012-03-28,Paper,38,8,Late,8–14 Days Late,2012-02-01,3
391,9174-IYKOC,2012-11-27,5905976017,2013-03-19,2013-04-18,57.46,No,2013-04-06,Electronic,18,0,On Time,On Time,2013-03-01,1
770,3831-FXWYK,2013-03-08,5908935254,2013-03-25,2013-04-24,85.86,No,2013-04-27,Electronic,33,3,Late,1–7 Days Late,2013-03-01,2
897,9250-VHLWY,2013-06-03,5915326736,2012-04-16,2012-05-16,49.7,No,2012-05-08,Paper,22,0,On Time,On Time,2012-04-01,1
391,7209-MDWKR,2013-10-09,5916379112,2012-01-21,2012-02-20,81.9,No,2012-02-16,Paper,26,0,On Time,On Time,2012-01-01,1
406,9322-YCTQO,2012-04-06,5920658489,2013-10-30,2013-11-29,91.32,No,2013-11-25,Electronic,26,0,On Time,On Time,2013-10-01,1
818,1604-LIFKX,2013-03-16,5928070131,2012-01-03,2012-02-02,97.6,No,2012-02-25,Paper,53,23,Late,15–30 Days Late,2012-01-01,4
897,1168-BEASA,2013-11-06,5934744260,2013-08-18,2013-09-17,58.68,No,2013-09-12,Paper,25,0,On Time,On Time,2013-08-01,1
897,6177-VTITE,2012-10-26,5937906260,2013-06-30,2013-07-30,21.89,No,2013-07-14,Electronic,14,0,On Time,On Time,2013-06-01,1
406,9758-AIEIK,2012-04-23,5939094178,2012-02-13,2012-03-14,55.42,No,2012-03-03,Paper,19,0,On Time,On Time,2012-02-01,1
391,2423-QOKIO,2013-05-11,5939164853,2012-07-09,2012-08-08,70.43,No,2012-08-16,Paper,38,8,Late,8–14 Days Late,2012-07-01,3
818,8887-NCUZC,2013-01-22,5945158356,2013-06-11,2013-07-11,53.19,No,2013-07-09,Electronic,28,0,On Time,On Time,2013-06-01,1
770,5592-UQXSS,2012-12-31,5949242829,2013-11-06,2013-12-06,44.87,Yes,2013-12-11,Electronic,35,5,Late,1–7 Days Late,2013-11-01,2
770,3831-FXWYK,2013-03-08,5950285853,2013-01-05,2013-02-04,63.12,Yes,2013-02-18,Paper,44,14,Late,8–14 Days Late,2013-01-01,3
391,5196-TWQXF,2012-06-20,5955530230,2013-05-13,2013-06-12,16.57,No,2013-06-04,Electronic,22,0,On Time,On Time,2013-05-01,1
770,3831-FXWYK,2013-03-08,5959305622,2013-11-18,2013-12-18,78.37,No,2013-12-15,Electronic,27,0,On Time,On Time,2013-11-01,1
897,0688-XNJRO,2012-06-24,5963438295,2013-07-16,2013-08-15,25.79,No,2013-08-23,Electronic,38,8,Late,8–14 Days Late,2013-07-01,3
897,8690-EEBEO,2012-12-05,5972339733,2012-08-19,2012-09-18,59.4,No,2012-09-23,Paper,35,5,Late,1–7 Days Late,2012-08-01,2
406,8976-AMJEO,2012-03-03,5978287436,2013-05-23,2013-06-22,39.6,No,2013-06-18,Electronic,26,0,On Time,On Time,2013-05-01,1
391,2125-HJDLA,2012-05-22,5983180705,2012-03-07,2012-04-06,38.45,No,2012-04-22,Paper,46,16,Late,15–30 Days Late,2012-03-01,4
406,5573-KSOIA,2013-09-30,5984065624,2013-08-29,2013-09-28,87.37,No,2013-09-30,Paper,32,2,Late,1–7 Days Late,2013-08-01,2
406,3448-OWJOT,2012-09-15,5990869923,2012-08-22,2012-09-21,48.72,Yes,2012-10-08,Paper,47,17,Late,15–30 Days Late,2012-08-01,4
897,6177-VTITE,2012-10-26,5991374516,2013-11-02,2013-12-02,55.11,No,2013-11-10,Electronic,8,0,On Time,On Time,2013-11-01,1
818,2824-HJQPP,2013-09-04,5993794287,2013-07-27,2013-08-26,36.02,No,2013-08-18,Paper,22,0,On Time,On Time,2013-07-01,1
391,0187-ERLSR,2013-07-31,5995302563,2013-03-04,2013-04-03,31.72,No,2013-03-11,Paper,7,0,On Time,On Time,2013-03-01,1
391,9174-IYKOC,2012-11-27,5995642092,2012-03-08,2012-04-07,35.46,No,2012-04-12,Paper,35,5,Late,1–7 Days Late,2012-03-01,2
897,7654-DOLHO,2012-04-04,5999019394,2012-12-27,2013-01-26,5.26,No,2013-01-23,Electronic,27,0,On Time,On Time,2012-12-01,1
770,2687-XWAMA,2013-04-03,6008733621,2013-10-14,2013-11-13,48.8,No,2013-10-19,Electronic,5,0,On Time,On Time,2013-10-01,1
818,8887-NCUZC,2013-01-22,6014957446,2013-10-09,2013-11-08,55.55,Yes,2013-11-13,Electronic,35,5,Late,1–7 Days Late,2013-10-01,2
897,3271-YDPUJ,2013-04-02,6017503839,2013-05-27,2013-06-26,30.23,No,2013-06-12,Electronic,16,0,On Time,On Time,2013-05-01,1
391,0187-ERLSR,2013-07-31,6018471272,2013-05-07,2013-06-06,79.87,No,2013-05-15,Paper,8,0,On Time,On Time,2013-05-01,1
391,9174-IYKOC,2012-11-27,6019130159,2012-10-13,2012-11-12,73.75,No,2012-11-06,Paper,24,0,On Time,On Time,2012-10-01,1
770,6077-FDQRK,2012-09-11,6021346193,2012-07-26,2012-08-25,63.03,No,2012-08-17,Paper,22,0,On Time,On Time,2012-07-01,1
770,4460-ZXNDN,2013-06-27,6023663421,2012-04-09,2012-05-09,61.97,Yes,2012-05-25,Paper,46,16,Late,15–30 Days Late,2012-04-01,4
818,8364-UWVLM,2012-11-10,6025796693,2012-02-29,2012-03-30,68.31,No,2012-03-29,Paper,29,0,On Time,On Time,2012-02-01,1
818,5875-VZQCZ,2013-07-15,6032999481,2013-03-18,2013-04-17,81.21,Yes,2013-05-11,Paper,54,24,Late,15–30 Days Late,2013-03-01,4
406,9771-QTLGZ,2012-12-10,6034265548,2012-05-21,2012-06-20,55.54,Yes,2012-06-17,Paper,27,0,On Time,On Time,2012-05-01,1
770,6077-FDQRK,2012-09-11,6035899942,2012-07-10,2012-08-09,53.52,No,2012-08-02,Paper,23,0,On Time,On Time,2012-07-01,1
406,6048-QPZCF,2012-07-13,6040813966,2012-09-25,2012-10-25,84.23,No,2012-09-30,Electronic,5,0,On Time,On Time,2012-09-01,1
818,6004-KITZM,2013-09-01,6045344090,2013-04-16,2013-05-16,72.88,No,2013-05-05,Paper,19,0,On Time,On Time,2013-04-01,1
818,8887-NCUZC,2013-01-22,6050714721,2012-01-03,2012-02-02,15.99,Yes,2012-02-15,Paper,43,13,Late,8–14 Days Late,2012-01-01,3
818,7695-NKUXM,2012-11-21,6051615131,2012-08-25,2012-09-24,27.52,No,2012-08-29,Paper,4,0,On Time,On Time,2012-08-01,1
770,0625-TNJFG,2013-08-15,6052640963,2013-11-11,2013-12-11,83.68,No,2013-12-01,Electronic,20,0,On Time,On Time,2013-11-01,1
406,4092-ZAVRG,2012-05-19,6053161771,2013-02-10,2013-03-12,73.56,No,2013-02-11,Electronic,1,0,On Time,On Time,2013-02-01,1
391,2125-HJDLA,2012-05-22,6059076054,2012-10-05,2012-11-04,32.05,No,2012-10-31,Electronic,26,0,On Time,On Time,2012-10-01,1
391,9841-XLGBV,2013-01-03,6059357698,2013-07-27,2013-08-26,31.12,No,2013-08-24,Electronic,28,0,On Time,On Time,2013-07-01,1
406,7938-EVASK,2012-12-15,6062304635,2012-09-07,2012-10-07,111.21,No,2012-09-29,Paper,22,0,On Time,On Time,2012-09-01,1
818,5148-SYKLB,2013-08-28,6067368978,2012-06-18,2012-07-18,88.48,Yes,2012-07-31,Paper,43,13,Late,8–14 Days Late,2012-06-01,3
770,3993-QUNVJ,2012-12-31,6079394028,2012-07-23,2012-08-22,61.76,No,2012-08-09,Paper,17,0,On Time,On Time,2012-07-01,1
897,6177-VTITE,2012-10-26,6080109452,2013-02-11,2013-03-13,57.05,No,2013-02-27,Electronic,16,0,On Time,On Time,2013-02-01,1
770,7228-LEPPM,2012-04-30,6081045243,2012-06-30,2012-07-30,69.15,No,2012-08-13,Electronic,44,14,Late,8–14 Days Late,2012-06-01,3
391,6708-DPYTF,2012-08-02,6085710390,2013-04-29,2013-05-29,82.04,No,2013-05-23,Electronic,24,0,On Time,On Time,2013-04-01,1
897,0688-XNJRO,2012-06-24,6088063371,2012-02-08,2012-03-09,68.28,No,2012-03-25,Paper,46,16,Late,15–30 Days Late,2012-02-01,4
897,6296-UKEUZ,2012-11-26,6089084877,2012-03-16,2012-04-15,43.39,No,2012-03-18,Paper,2,0,On Time,On Time,2012-03-01,1
897,1168-BEASA,2013-11-06,6095691270,2012-09-06,2012-10-06,43.17,No,2012-09-25,Paper,19,0,On Time,On Time,2012-09-01,1
406,2621-XCLEH,2012-09-24,6107289576,2013-04-27,2013-05-27,65.76,No,2013-06-03,Electronic,37,7,Late,1–7 Days Late,2013-04-01,2
391,6160-HCSFI,2013-01-10,6107650729,2012-07-26,2012-08-25,60.72,No,2012-08-21,Paper,26,0,On Time,On Time,2012-07-01,1
406,6048-QPZCF,2012-07-13,6109735891,2013-09-03,2013-10-03,90.27,Yes,2013-09-21,Electronic,18,0,On Time,On Time,2013-09-01,1
897,9286-VLKMI,2013-02-13,6110785497,2012-06-01,2012-07-01,86.5,No,2012-06-10,Paper,9,0,On Time,On Time,2012-06-01,1
406,6048-QPZCF,2012-07-13,6114978639,2012-02-24,2012-03-25,72.76,Yes,2012-03-19,Paper,24,0,On Time,On Time,2012-02-01,1
770,7856-ODQFO,2012-08-05,6115848018,2012-07-02,2012-08-01,30.12,No,2012-08-01,Paper,30,0,On Time,On Time,2012-07-01,1
770,3831-FXWYK,2013-03-08,6120905901,2012-09-01,2012-10-01,78.39,No,2012-09-27,Paper,26,0,On Time,On Time,2012-09-01,1
770,0465-DTULQ,2013-03-04,6128855877,2013-11-25,2013-12-25,72.36,No,2013-12-23,Electronic,28,0,On Time,On Time,2013-11-01,1
897,1168-BEASA,2013-11-06,6133129097,2013-04-22,2013-05-22,52.07,No,2013-05-15,Paper,23,0,On Time,On Time,2013-04-01,1
391,3569-VJWXS,2013-04-09,6140117683,2013-08-31,2013-09-30,60.26,No,2013-09-17,Electronic,17,0,On Time,On Time,2013-08-01,1
406,8976-AMJEO,2012-03-03,6140327615,2012-07-08,2012-08-07,54.59,No,2012-07-26,Electronic,18,0,On Time,On Time,2012-07-01,1
770,2447-JCFGW,2012-07-31,6149070076,2012-05-29,2012-06-28,50.96,No,2012-06-24,Paper,26,0,On Time,On Time,2012-05-01,1
818,5875-VZQCZ,2013-07-15,6151783720,2013-11-04,2013-12-04,62.17,Yes,2013-12-07,Electronic,33,3,Late,1–7 Days Late,2013-11-01,2
406,9771-QTLGZ,2012-12-10,6163803491,2012-08-28,2012-09-27,61.37,Yes,2012-09-16,Paper,19,0,On Time,On Time,2012-08-01,1
391,0379-NEVHP,2013-04-06,6164052759,2012-09-10,2012-10-10,72.97,No,2012-09-28,Paper,18,0,On Time,On Time,2012-09-01,1
406,4651-PMEXQ,2012-07-04,6166200189,2013-06-13,2013-07-13,78.76,No,2013-06-30,Electronic,17,0,On Time,On Time,2013-06-01,1
897,9286-VLKMI,2013-02-13,6170784196,2012-12-07,2013-01-06,60.39,No,2012-12-16,Paper,9,0,On Time,On Time,2012-12-01,1
391,5196-TWQXF,2012-06-20,6172286856,2012-04-09,2012-05-09,30.11,No,2012-05-14,Paper,35,5,Late,1–7 Days Late,2012-04-01,2
391,2125-HJDLA,2012-05-22,6178537152,2013-11-13,2013-12-13,82.68,Yes,2014-01-03,Electronic,51,21,Late,15–30 Days Late,2013-11-01,4
391,0709-LZRJV,2013-06-20,6179146246,2013-11-28,2013-12-28,32.82,No,2013-12-26,Electronic,28,0,On Time,On Time,2013-11-01,1
770,6831-FIODB,2013-05-08,6180284302,2013-01-30,2013-03-01,30.9,No,2013-03-06,Paper,35,5,Late,1–7 Days Late,2013-01-01,2
406,4651-PMEXQ,2012-07-04,6191014036,2013-09-02,2013-10-02,69.87,No,2013-10-01,Electronic,29,0,On Time,On Time,2013-09-01,1
897,9883-SDWFS,2013-07-08,6195238206,2012-09-28,2012-10-28,14.05,No,2012-11-01,Paper,34,4,Late,1–7 Days Late,2012-09-01,2
897,3676-CQAIF,2013-07-29,6197031775,2012-09-27,2012-10-27,63.21,No,2012-11-10,Paper,44,14,Late,8–14 Days Late,2012-09-01,3
406,6048-QPZCF,2012-07-13,6198121107,2012-03-04,2012-04-03,62.49,Yes,2012-04-04,Paper,31,1,Late,1–7 Days Late,2012-03-01,2
770,3831-FXWYK,2013-03-08,6211621442,2012-03-03,2012-04-02,117.01,No,2012-04-20,Paper,48,18,Late,15–30 Days Late,2012-03-01,4
391,6632-CGYHU,2013-01-08,6215256535,2013-07-04,2013-08-03,114.44,No,2013-07-15,Electronic,11,0,On Time,On Time,2013-07-01,1
391,6160-HCSFI,2013-01-10,6216182013,2012-08-22,2012-09-21,74.86,No,2012-09-08,Paper,17,0,On Time,On Time,2012-08-01,1
818,7695-NKUXM,2012-11-21,6217512898,2012-08-30,2012-09-29,45.52,Yes,2012-09-27,Paper,28,0,On Time,On Time,2012-08-01,1
897,8690-EEBEO,2012-12-05,6219456346,2012-05-16,2012-06-15,71.26,No,2012-07-07,Paper,52,22,Late,15–30 Days Late,2012-05-01,4
818,2824-HJQPP,2013-09-04,6222252019,2012-03-19,2012-04-18,50.79,No,2012-04-06,Paper,18,0,On Time,On Time,2012-03-01,1
818,5924-UOPGH,2013-06-06,6224002160,2012-01-30,2012-02-29,72.1,No,2012-02-23,Paper,24,0,On Time,On Time,2012-01-01,1
391,2676-DZINU,2012-10-19,6225729341,2012-07-20,2012-08-19,53.89,No,2012-08-13,Paper,24,0,On Time,On Time,2012-07-01,1
406,9117-LYRCE,2013-07-05,6235560565,2013-10-04,2013-11-03,59.73,No,2013-10-28,Electronic,24,0,On Time,On Time,2013-10-01,1
818,5613-UHVMG,2012-05-31,6238372501,2012-11-01,2012-12-01,74.03,No,2012-12-09,Electronic,38,8,Late,8–14 Days Late,2012-11-01,3
818,7946-HJDUR,2012-02-21,6242434931,2013-05-29,2013-06-28,40.08,No,2013-06-18,Electronic,20,0,On Time,On Time,2013-05-01,1
770,6831-FIODB,2013-05-08,6247830671,2012-12-22,2013-01-21,63.67,No,2013-01-19,Paper,28,0,On Time,On Time,2012-12-01,1
897,3676-CQAIF,2013-07-29,6248246137,2012-05-03,2012-06-02,56.84,No,2012-06-08,Paper,36,6,Late,1–7 Days Late,2012-05-01,2
391,5529-TBPGK,2013-08-09,6248446618,2012-12-09,2013-01-08,49.83,No,2013-01-12,Paper,34,4,Late,1–7 Days Late,2012-12-01,2
406,7600-OISKG,2013-07-19,6252751133,2013-01-11,2013-02-10,75.47,Yes,2013-02-24,Paper,44,14,Late,8–14 Days Late,2013-01-01,3
897,9250-VHLWY,2013-06-03,6254234391,2012-11-20,2012-12-20,64.16,No,2012-12-08,Paper,18,0,On Time,On Time,2012-11-01,1
897,0688-XNJRO,2012-06-24,6254565489,2013-11-15,2013-12-15,56.04,No,2014-01-05,Electronic,51,21,Late,15–30 Days Late,2013-11-01,4
897,8942-ERSWK,2013-01-11,6256102305,2013-07-22,2013-08-21,14,No,2013-07-27,Electronic,5,0,On Time,On Time,2013-07-01,1
406,9725-EZTEJ,2012-03-17,6265099337,2012-09-28,2012-10-28,55.54,Yes,2012-10-30,Electronic,32,2,Late,1–7 Days Late,2012-09-01,2
406,9771-QTLGZ,2012-12-10,6265467648,2012-08-07,2012-09-06,51.19,Yes,2012-08-31,Paper,24,0,On Time,On Time,2012-08-01,1
406,9758-AIEIK,2012-04-23,6268305498,2013-01-18,2013-02-17,85.3,No,2013-02-07,Electronic,20,0,On Time,On Time,2013-01-01,1
406,6833-ETVHD,2012-04-30,6268716975,2012-08-22,2012-09-21,44.58,No,2012-09-11,Electronic,20,0,On Time,On Time,2012-08-01,1
406,5284-DJOZO,2012-09-11,6272696799,2012-07-31,2012-08-30,50.38,No,2012-08-10,Paper,10,0,On Time,On Time,2012-07-01,1
770,0625-TNJFG,2013-08-15,6273031192,2013-02-22,2013-03-24,57.64,No,2013-03-28,Paper,34,4,Late,1–7 Days Late,2013-02-01,2
391,7329-TWKLF,2013-11-20,6273968942,2012-02-25,2012-03-26,92.11,No,2012-03-22,Paper,26,0,On Time,On Time,2012-02-01,1
391,5196-TWQXF,2012-06-20,6274787669,2012-08-24,2012-09-23,69.54,No,2012-09-23,Electronic,30,0,On Time,On Time,2012-08-01,1
391,0187-ERLSR,2013-07-31,6279951505,2013-11-25,2013-12-25,65.57,Yes,2013-12-12,Electronic,17,0,On Time,On Time,2013-11-01,1
770,7856-ODQFO,2012-08-05,6287088969,2013-03-08,2013-04-07,61.67,No,2013-03-31,Electronic,23,0,On Time,On Time,2013-03-01,1
391,9841-XLGBV,2013-01-03,6288520521,2012-03-31,2012-04-30,44.43,No,2012-04-24,Paper,24,0,On Time,On Time,2012-03-01,1
897,7654-DOLHO,2012-04-04,6288740790,2012-03-11,2012-04-10,23.05,No,2012-04-16,Paper,36,6,Late,1–7 Days Late,2012-03-01,2
770,7856-ODQFO,2012-08-05,6292573032,2013-04-16,2013-05-16,61.14,Yes,2013-05-21,Electronic,35,5,Late,1–7 Days Late,2013-04-01,2
391,2676-DZINU,2012-10-19,6299892020,2013-09-24,2013-10-24,76.66,No,2013-10-11,Electronic,17,0,On Time,On Time,2013-09-01,1
770,0625-TNJFG,2013-08-15,6301784259,2012-08-24,2012-09-23,42.18,No,2012-09-13,Paper,20,0,On Time,On Time,2012-08-01,1
770,2687-XWAMA,2013-04-03,6303890920,2013-11-23,2013-12-23,44.78,Yes,2013-12-15,Electronic,22,0,On Time,On Time,2013-11-01,1
391,2423-QOKIO,2013-05-11,6309336631,2013-09-10,2013-10-10,76.53,No,2013-09-25,Electronic,15,0,On Time,On Time,2013-09-01,1
770,2687-XWAMA,2013-04-03,6310497928,2012-04-30,2012-05-30,59.73,No,2012-05-14,Paper,14,0,On Time,On Time,2012-04-01,1
391,2820-XGXSB,2012-01-26,6312340515,2013-01-05,2013-02-04,68.5,No,2013-01-08,Electronic,3,0,On Time,On Time,2013-01-01,1
406,5284-DJOZO,2012-09-11,6321822878,2012-02-20,2012-03-21,59.19,Yes,2012-03-20,Paper,29,0,On Time,On Time,2012-02-01,1
770,0625-TNJFG,2013-08-15,6326625438,2013-01-24,2013-02-23,65.75,No,2013-02-16,Paper,23,0,On Time,On Time,2013-01-01,1
818,5875-VZQCZ,2013-07-15,6332346154,2012-03-18,2012-04-17,63.81,No,2012-04-07,Paper,20,0,On Time,On Time,2012-03-01,1
770,3993-QUNVJ,2012-12-31,6332637140,2013-09-17,2013-10-17,58.09,No,2013-09-24,Electronic,7,0,On Time,On Time,2013-09-01,1
897,8942-ERSWK,2013-01-11,6342800937,2013-11-29,2013-12-29,22.35,No,2013-12-03,Electronic,4,0,On Time,On Time,2013-11-01,1
391,7841-HROAQ,2013-09-15,6345328269,2013-06-10,2013-07-10,68.95,No,2013-07-08,Paper,28,0,On Time,On Time,2013-06-01,1
406,9117-LYRCE,2013-07-05,6346701213,2012-05-16,2012-06-15,29.99,Yes,2012-07-02,Paper,47,17,Late,15–30 Days Late,2012-05-01,4
391,9212-BTDMX,2012-04-22,6354957025,2012-10-02,2012-11-01,57.33,No,2012-10-19,Electronic,17,0,On Time,On Time,2012-10-01,1
406,4640-FGEJI,2013-04-04,6360019650,2012-12-17,2013-01-16,99.67,Yes,2013-02-06,Paper,51,21,Late,15–30 Days Late,2012-12-01,4
770,3831-FXWYK,2013-03-08,6369718990,2013-03-08,2013-04-07,55.46,No,2013-04-13,Paper,36,6,Late,1–7 Days Late,2013-03-01,2
897,1168-BEASA,2013-11-06,6375941605,2013-08-16,2013-09-15,52.41,No,2013-09-11,Paper,26,0,On Time,On Time,2013-08-01,1
770,9149-MATVB,2013-04-30,6381931555,2013-11-30,2013-12-30,48.59,No,2013-12-20,Electronic,20,0,On Time,On Time,2013-11-01,1
406,7245-CKNCN,2012-06-04,6391230941,2012-02-07,2012-03-08,75.19,No,2012-03-06,Paper,28,0,On Time,On Time,2012-02-01,1
406,5164-VMYWJ,2013-11-27,6393629835,2012-01-03,2012-02-02,71.33,No,2012-01-30,Paper,27,0,On Time,On Time,2012-01-01,1
897,7372-CESLR,2013-01-11,6393700803,2013-11-09,2013-12-09,40.94,No,2013-11-30,Electronic,21,0,On Time,On Time,2013-11-01,1
770,3831-FXWYK,2013-03-08,6394171039,2012-11-29,2012-12-29,50.3,No,2012-12-26,Paper,27,0,On Time,On Time,2012-11-01,1
897,6296-UKEUZ,2012-11-26,6402352996,2012-06-07,2012-07-07,15.4,No,2012-06-13,Paper,6,0,On Time,On Time,2012-06-01,1
391,9174-IYKOC,2012-11-27,6409983012,2012-03-09,2012-04-08,84.25,No,2012-04-09,Paper,31,1,Late,1–7 Days Late,2012-03-01,2
406,6048-QPZCF,2012-07-13,6412855977,2013-11-09,2013-12-09,77.14,Yes,2013-11-28,Electronic,19,0,On Time,On Time,2013-11-01,1
391,5920-DPXLN,2012-11-11,6425569284,2012-05-10,2012-06-09,35.36,No,2012-06-10,Paper,31,1,Late,1–7 Days Late,2012-05-01,2
818,9181-HEKGV,2013-10-16,6428663736,2012-08-29,2012-09-28,74.47,Yes,2012-10-10,Paper,42,12,Late,8–14 Days Late,2012-08-01,3
406,3448-OWJOT,2012-09-15,6438106557,2012-11-12,2012-12-12,84.89,Yes,2012-12-12,Electronic,30,0,On Time,On Time,2012-11-01,1
770,6077-FDQRK,2012-09-11,6440354171,2013-12-01,2013-12-31,44.41,No,2013-12-19,Electronic,18,0,On Time,On Time,2013-12-01,1
818,5924-UOPGH,2013-06-06,6442249090,2013-01-19,2013-02-18,88.72,Yes,2013-02-26,Paper,38,8,Late,8–14 Days Late,2013-01-01,3
770,2447-JCFGW,2012-07-31,6444186130,2012-09-04,2012-10-04,44.71,No,2012-09-30,Electronic,26,0,On Time,On Time,2012-09-01,1
770,4460-ZXNDN,2013-06-27,6452306428,2013-11-06,2013-12-06,56.03,No,2013-12-06,Electronic,30,0,On Time,On Time,2013-11-01,1
897,1168-BEASA,2013-11-06,6453395358,2013-07-06,2013-08-05,49.75,No,2013-07-24,Paper,18,0,On Time,On Time,2013-07-01,1
406,7245-CKNCN,2012-06-04,6456711996,2012-04-26,2012-05-26,84.99,No,2012-05-14,Paper,18,0,On Time,On Time,2012-04-01,1
818,7695-NKUXM,2012-11-21,6463057288,2013-08-31,2013-09-30,70.76,Yes,2013-09-20,Electronic,20,0,On Time,On Time,2013-08-01,1
391,5196-TWQXF,2012-06-20,6470441610,2012-05-11,2012-06-10,56.88,No,2012-06-12,Paper,32,2,Late,1–7 Days Late,2012-05-01,2
406,1447-YZKCL,2012-08-10,6470819411,2012-10-08,2012-11-07,44.77,No,2012-11-12,Electronic,35,5,Late,1–7 Days Late,2012-10-01,2
406,5573-KSOIA,2013-09-30,6471713415,2013-06-02,2013-07-02,91.21,No,2013-07-14,Paper,42,12,Late,8–14 Days Late,2013-06-01,3
391,2125-HJDLA,2012-05-22,6474542050,2013-04-05,2013-05-05,45.06,No,2013-05-05,Electronic,30,0,On Time,On Time,2013-04-01,1
406,9771-QTLGZ,2012-12-10,6475160337,2012-08-31,2012-09-30,52.75,Yes,2012-09-19,Paper,19,0,On Time,On Time,2012-08-01,1
391,0379-NEVHP,2013-04-06,6478764177,2013-10-04,2013-11-03,64.72,No,2013-10-26,Electronic,22,0,On Time,On Time,2013-10-01,1
391,2676-DZINU,2012-10-19,6481259640,2013-10-27,2013-11-26,53.68,No,2013-11-08,Electronic,12,0,On Time,On Time,2013-10-01,1
406,2621-XCLEH,2012-09-24,6482427308,2012-01-13,2012-02-12,80.99,Yes,2012-03-14,Paper,61,31,Late,Over 30 Days Late,2012-01-01,5
391,7841-HROAQ,2013-09-15,6484297273,2012-04-25,2012-05-25,73.9,No,2012-05-16,Paper,21,0,On Time,On Time,2012-04-01,1
818,3568-JJMFW,2012-01-09,6495779635,2012-10-11,2012-11-10,89.28,Yes,2012-11-07,Electronic,27,0,On Time,On Time,2012-10-01,1
818,5613-UHVMG,2012-05-31,6502176136,2012-03-29,2012-04-28,30.03,Yes,2012-05-21,Paper,53,23,Late,15–30 Days Late,2012-03-01,4
897,8690-EEBEO,2012-12-05,6504376538,2012-08-24,2012-09-23,46.39,No,2012-09-28,Paper,35,5,Late,1–7 Days Late,2012-08-01,2
406,9758-AIEIK,2012-04-23,6504473012,2013-02-18,2013-03-20,80.56,No,2013-03-03,Electronic,13,0,On Time,On Time,2013-02-01,1
391,9841-XLGBV,2013-01-03,6505128561,2012-11-07,2012-12-07,17.85,No,2012-12-02,Paper,25,0,On Time,On Time,2012-11-01,1
406,4651-PMEXQ,2012-07-04,6511784638,2013-04-09,2013-05-09,81.53,No,2013-04-25,Electronic,16,0,On Time,On Time,2013-04-01,1
391,8820-BLYDZ,2013-03-19,6520680737,2013-09-21,2013-10-21,89.37,No,2013-09-28,Electronic,7,0,On Time,On Time,2013-09-01,1
391,2423-QOKIO,2013-05-11,6522487147,2012-09-23,2012-10-23,73.15,No,2012-10-18,Paper,25,0,On Time,On Time,2012-09-01,1
391,6160-HCSFI,2013-01-10,6525526692,2012-11-07,2012-12-07,62.31,No,2012-11-28,Paper,21,0,On Time,On Time,2012-11-01,1
391,2820-XGXSB,2012-01-26,6528247418,2013-01-04,2013-02-03,84.86,No,2013-01-08,Electronic,4,0,On Time,On Time,2013-01-01,1
818,6004-KITZM,2013-09-01,6530836489,2012-11-19,2012-12-19,54.95,No,2012-12-05,Paper,16,0,On Time,On Time,2012-11-01,1
391,6632-CGYHU,2013-01-08,6534753348,2013-08-10,2013-09-09,60.61,No,2013-08-22,Electronic,12,0,On Time,On Time,2013-08-01,1
391,7209-MDWKR,2013-10-09,6536896937,2012-04-08,2012-05-08,74.28,No,2012-05-10,Paper,32,2,Late,1–7 Days Late,2012-04-01,2
770,0625-TNJFG,2013-08-15,6541040836,2012-08-24,2012-09-23,46.2,No,2012-09-17,Paper,24,0,On Time,On Time,2012-08-01,1
391,5196-TWQXF,2012-06-20,6545436181,2013-07-24,2013-08-23,48.04,No,2013-08-15,Electronic,22,0,On Time,On Time,2013-07-01,1
406,4640-FGEJI,2013-04-04,6546750144,2012-02-06,2012-03-07,54.6,Yes,2012-03-17,Paper,40,10,Late,8–14 Days Late,2012-02-01,3
406,9725-EZTEJ,2012-03-17,6548329103,2013-06-11,2013-07-11,81.21,Yes,2013-07-13,Electronic,32,2,Late,1–7 Days Late,2013-06-01,2
406,4632-QZOKX,2013-03-19,6551061352,2013-05-06,2013-06-05,49.83,Yes,2013-06-11,Electronic,36,6,Late,1–7 Days Late,2013-05-01,2
897,9883-SDWFS,2013-07-08,6552135455,2013-07-21,2013-08-20,56.88,Yes,2013-08-27,Electronic,37,7,Late,1–7 Days Late,2013-07-01,2
406,3448-OWJOT,2012-09-15,6552783571,2012-06-10,2012-07-10,94.77,Yes,2012-07-16,Paper,36,6,Late,1–7 Days Late,2012-06-01,2
897,8690-EEBEO,2012-12-05,6555357057,2012-09-09,2012-10-09,102.79,No,2012-10-23,Paper,44,14,Late,8–14 Days Late,2012-09-01,3
897,9286-VLKMI,2013-02-13,6556553111,2013-02-28,2013-03-30,36.13,No,2013-03-03,Electronic,3,0,On Time,On Time,2013-02-01,1
897,9460-VAZGD,2013-08-10,6556605926,2012-12-22,2013-01-21,50.82,No,2013-01-09,Paper,18,0,On Time,On Time,2012-12-01,1
406,8976-AMJEO,2012-03-03,6559779926,2013-09-14,2013-10-14,66.75,No,2013-10-05,Electronic,21,0,On Time,On Time,2013-09-01,1
770,7758-WKLVM,2012-02-06,6569769457,2013-07-04,2013-08-03,55.12,No,2013-08-02,Electronic,29,0,On Time,On Time,2013-07-01,1
770,2447-JCFGW,2012-07-31,6571920928,2013-08-23,2013-09-22,47.63,No,2013-09-17,Electronic,25,0,On Time,On Time,2013-08-01,1
818,6004-KITZM,2013-09-01,6578598443,2013-03-21,2013-04-20,54.33,No,2013-04-09,Paper,19,0,On Time,On Time,2013-03-01,1
391,0379-NEVHP,2013-04-06,6579967070,2013-11-06,2013-12-06,59.56,No,2013-11-17,Electronic,11,0,On Time,On Time,2013-11-01,1
406,8389-TCXFQ,2012-08-24,6584242369,2012-09-11,2012-10-11,46.35,Yes,2012-10-09,Electronic,28,0,On Time,On Time,2012-09-01,1
406,5164-VMYWJ,2013-11-27,6590705536,2013-03-23,2013-04-22,59.54,No,2013-04-11,Paper,19,0,On Time,On Time,2013-03-01,1
897,9883-SDWFS,2013-07-08,6595838571,2013-11-04,2013-12-04,40.88,No,2013-11-27,Electronic,23,0,On Time,On Time,2013-11-01,1
391,3569-VJWXS,2013-04-09,6604379824,2013-05-24,2013-06-23,61.84,No,2013-06-06,Electronic,13,0,On Time,On Time,2013-05-01,1
406,3448-OWJOT,2012-09-15,6607624258,2012-04-23,2012-05-23,56.31,Yes,2012-06-21,Paper,59,29,Late,15–30 Days Late,2012-04-01,4
770,3993-QUNVJ,2012-12-31,6609044576,2012-07-08,2012-08-07,47.48,No,2012-08-01,Paper,24,0,On Time,On Time,2012-07-01,1
391,3598-DNURW,2012-08-29,6610467625,2012-02-01,2012-03-02,84.13,No,2012-02-19,Paper,18,0,On Time,On Time,2012-02-01,1
818,8887-NCUZC,2013-01-22,6612036759,2012-06-01,2012-07-01,34.27,No,2012-07-01,Paper,30,0,On Time,On Time,2012-06-01,1
897,8690-EEBEO,2012-12-05,6612984395,2012-03-22,2012-04-21,64.1,No,2012-04-26,Paper,35,5,Late,1–7 Days Late,2012-03-01,2
770,3993-QUNVJ,2012-12-31,6614325540,2013-03-20,2013-04-19,63.32,Yes,2013-04-15,Electronic,26,0,On Time,On Time,2013-03-01,1
818,7695-NKUXM,2012-11-21,6624530768,2012-08-17,2012-09-16,55.22,Yes,2012-09-14,Paper,28,0,On Time,On Time,2012-08-01,1
391,2820-XGXSB,2012-01-26,6626163507,2012-02-11,2012-03-12,64.87,No,2012-02-14,Electronic,3,0,On Time,On Time,2012-02-01,1
897,9286-VLKMI,2013-02-13,6630363984,2012-10-18,2012-11-17,53.68,No,2012-10-28,Paper,10,0,On Time,On Time,2012-10-01,1
391,0187-ERLSR,2013-07-31,6637423646,2013-05-25,2013-06-24,53.59,No,2013-06-02,Paper,8,0,On Time,On Time,2013-05-01,1
391,8820-BLYDZ,2013-03-19,6639236295,2013-02-03,2013-03-05,60.75,No,2013-02-13,Paper,10,0,On Time,On Time,2013-02-01,1
770,7050-KQLDO,2012-09-29,6640953472,2013-09-14,2013-10-14,55.88,No,2013-10-01,Electronic,17,0,On Time,On Time,2013-09-01,1
406,1447-YZKCL,2012-08-10,6655280733,2013-01-16,2013-02-15,70.75,No,2013-02-06,Electronic,21,0,On Time,On Time,2013-01-01,1
770,5592-UQXSS,2012-12-31,6656581289,2012-11-14,2012-12-14,60.03,No,2012-12-12,Paper,28,0,On Time,On Time,2012-11-01,1
818,5613-UHVMG,2012-05-31,6659854030,2012-02-04,2012-03-05,75.04,No,2012-03-07,Paper,32,2,Late,1–7 Days Late,2012-02-01,2
770,9323-NDIOV,2012-07-09,6662053878,2013-09-21,2013-10-21,61.47,No,2013-10-21,Electronic,30,0,On Time,On Time,2013-09-01,1
406,6048-QPZCF,2012-07-13,6672426133,2013-03-04,2013-04-03,98.68,Yes,2013-03-26,Electronic,22,0,On Time,On Time,2013-03-01,1
770,0465-DTULQ,2013-03-04,6674900941,2013-10-20,2013-11-19,46.07,No,2013-11-10,Electronic,21,0,On Time,On Time,2013-10-01,1
818,5613-UHVMG,2012-05-31,6678784921,2012-10-19,2012-11-18,74.37,No,2012-11-15,Electronic,27,0,On Time,On Time,2012-10-01,1
770,3831-FXWYK,2013-03-08,6681774550,2013-04-28,2013-05-28,67.23,No,2013-05-23,Electronic,25,0,On Time,On Time,2013-04-01,1
770,4460-ZXNDN,2013-06-27,6685297571,2013-05-29,2013-06-28,101.06,Yes,2013-07-25,Paper,57,27,Late,15–30 Days Late,2013-05-01,4
818,5924-UOPGH,2013-06-06,6685760751,2013-08-28,2013-09-27,71.19,Yes,2013-09-25,Electronic,28,0,On Time,On Time,2013-08-01,1
770,7758-WKLVM,2012-02-06,6687811896,2013-06-06,2013-07-06,63.74,No,2013-07-25,Electronic,49,19,Late,15–30 Days Late,2013-06-01,4
897,0688-XNJRO,2012-06-24,6689193712,2012-02-11,2012-03-12,27.22,No,2012-03-15,Paper,33,3,Late,1–7 Days Late,2012-02-01,2
770,2447-JCFGW,2012-07-31,6712328426,2012-09-19,2012-10-19,33.62,No,2012-10-10,Electronic,21,0,On Time,On Time,2012-09-01,1
897,7654-DOLHO,2012-04-04,6712873885,2012-03-16,2012-04-15,33.75,No,2012-04-15,Paper,30,0,On Time,On Time,2012-03-01,1
391,8156-PCYBM,2012-03-03,6713223940,2012-07-05,2012-08-04,55.53,No,2012-07-30,Electronic,25,0,On Time,On Time,2012-07-01,1
770,7758-WKLVM,2012-02-06,6714694728,2012-11-05,2012-12-05,41.61,Yes,2012-12-30,Electronic,55,25,Late,15–30 Days Late,2012-11-01,4
770,2447-JCFGW,2012-07-31,6719635094,2013-02-22,2013-03-24,49.56,No,2013-03-22,Electronic,28,0,On Time,On Time,2013-02-01,1
818,2824-HJQPP,2013-09-04,6723004451,2012-05-21,2012-06-20,60.2,No,2012-06-20,Paper,30,0,On Time,On Time,2012-05-01,1
897,7654-DOLHO,2012-04-04,6726677387,2013-09-19,2013-10-19,50.16,No,2013-10-24,Electronic,35,5,Late,1–7 Days Late,2013-09-01,2
391,7841-HROAQ,2013-09-15,6727591183,2012-12-13,2013-01-12,73,No,2013-01-04,Paper,22,0,On Time,On Time,2012-12-01,1
391,2125-HJDLA,2012-05-22,6732317450,2013-10-23,2013-11-22,62.04,No,2013-12-06,Electronic,44,14,Late,8–14 Days Late,2013-10-01,3
406,7600-OISKG,2013-07-19,6733279966,2012-06-20,2012-07-20,45.48,Yes,2012-07-15,Paper,25,0,On Time,On Time,2012-06-01,1
818,8887-NCUZC,2013-01-22,6734044490,2013-07-05,2013-08-04,13.15,No,2013-08-01,Electronic,27,0,On Time,On Time,2013-07-01,1
406,8389-TCXFQ,2012-08-24,6736160445,2012-05-07,2012-06-06,30.53,Yes,2012-06-19,Paper,43,13,Late,8–14 Days Late,2012-05-01,3
406,9771-QTLGZ,2012-12-10,6740833908,2013-11-16,2013-12-16,55.94,Yes,2013-11-29,Electronic,13,0,On Time,On Time,2013-11-01,1
406,9725-EZTEJ,2012-03-17,6741751706,2013-03-17,2013-04-16,96.22,No,2013-03-30,Electronic,13,0,On Time,On Time,2013-03-01,1
770,9323-NDIOV,2012-07-09,6746571543,2013-04-25,2013-05-25,43.62,No,2013-05-19,Electronic,24,0,On Time,On Time,2013-04-01,1
897,1408-OQZUE,2012-09-14,6753688990,2013-01-16,2013-02-15,61.39,No,2013-02-05,Electronic,20,0,On Time,On Time,2013-01-01,1
770,9323-NDIOV,2012-07-09,6759921255,2013-10-08,2013-11-07,69.18,No,2013-11-02,Electronic,25,0,On Time,On Time,2013-10-01,1
406,9322-YCTQO,2012-04-06,6762807531,2012-10-05,2012-11-04,97.91,No,2012-11-08,Electronic,34,4,Late,1–7 Days Late,2012-10-01,2
391,5529-TBPGK,2013-08-09,6780577164,2012-09-09,2012-10-09,75.34,No,2012-10-10,Paper,31,1,Late,1–7 Days Late,2012-09-01,2
391,5920-DPXLN,2012-11-11,6784166467,2012-07-20,2012-08-19,63.57,No,2012-08-17,Paper,28,0,On Time,On Time,2012-07-01,1
897,9286-VLKMI,2013-02-13,6791824606,2013-09-25,2013-10-25,39.45,No,2013-09-30,Electronic,5,0,On Time,On Time,2013-09-01,1
770,5592-UQXSS,2012-12-31,6791929008,2012-02-02,2012-03-03,44.92,No,2012-03-10,Paper,37,7,Late,1–7 Days Late,2012-02-01,2
897,0688-XNJRO,2012-06-24,6793125916,2012-12-14,2013-01-13,40.86,Yes,2013-01-14,Electronic,31,1,Late,1–7 Days Late,2012-12-01,2
406,0783-PEPYR,2013-11-27,6805978922,2012-01-08,2012-02-07,63.92,No,2012-02-20,Paper,43,13,Late,8–14 Days Late,2012-01-01,3
818,5924-UOPGH,2013-06-06,6810105370,2013-01-11,2013-02-10,92.82,No,2013-01-31,Paper,20,0,On Time,On Time,2013-01-01,1
818,8887-NCUZC,2013-01-22,6813183069,2012-06-01,2012-07-01,34.41,No,2012-07-06,Paper,35,5,Late,1–7 Days Late,2012-06-01,2
818,5924-UOPGH,2013-06-06,6814227281,2012-04-21,2012-05-21,96.82,No,2012-05-09,Paper,18,0,On Time,On Time,2012-04-01,1
391,9841-XLGBV,2013-01-03,6816625096,2012-06-10,2012-07-10,47.52,No,2012-07-08,Paper,28,0,On Time,On Time,2012-06-01,1
897,1168-BEASA,2013-11-06,6826164955,2013-04-21,2013-05-21,51.65,No,2013-05-13,Paper,22,0,On Time,On Time,2013-04-01,1
818,8887-NCUZC,2013-01-22,6830035207,2013-09-26,2013-10-26,31.45,Yes,2013-11-04,Electronic,39,9,Late,8–14 Days Late,2013-09-01,3
406,2621-XCLEH,2012-09-24,6837368660,2013-03-01,2013-03-31,58.96,Yes,2013-04-25,Electronic,55,25,Late,15–30 Days Late,2013-03-01,4
897,7372-CESLR,2013-01-11,6843062937,2012-02-16,2012-03-17,47.45,No,2012-03-17,Paper,30,0,On Time,On Time,2012-02-01,1
391,9014-WENVB,2013-08-03,6844525193,2012-10-16,2012-11-15,58.76,No,2012-11-14,Paper,29,0,On Time,On Time,2012-10-01,1
770,7228-LEPPM,2012-04-30,6845689075,2013-07-10,2013-08-09,46.4,No,2013-08-19,Electronic,40,10,Late,8–14 Days Late,2013-07-01,3
406,7938-EVASK,2012-12-15,6846122698,2012-05-30,2012-06-29,68.22,No,2012-07-06,Paper,37,7,Late,1–7 Days Late,2012-05-01,2
770,5592-UQXSS,2012-12-31,6863821110,2012-04-09,2012-05-09,64.41,No,2012-05-07,Paper,28,0,On Time,On Time,2012-04-01,1
406,9725-EZTEJ,2012-03-17,6864971541,2012-02-02,2012-03-03,73.82,Yes,2012-02-28,Paper,26,0,On Time,On Time,2012-02-01,1
391,5920-DPXLN,2012-11-11,6870131864,2013-09-29,2013-10-29,43.81,No,2013-10-12,Electronic,13,0,On Time,On Time,2013-09-01,1
897,1168-BEASA,2013-11-06,6873740038,2012-04-08,2012-05-08,45.14,No,2012-04-25,Paper,17,0,On Time,On Time,2012-04-01,1
897,9286-VLKMI,2013-02-13,6876100884,2012-12-14,2013-01-13,36.71,No,2012-12-25,Paper,11,0,On Time,On Time,2012-12-01,1
391,5196-TWQXF,2012-06-20,6878013470,2012-09-28,2012-10-28,51.1,No,2012-10-17,Electronic,19,0,On Time,On Time,2012-09-01,1
770,4460-ZXNDN,2013-06-27,6878680146,2013-11-07,2013-12-07,52.84,No,2013-11-30,Electronic,23,0,On Time,On Time,2013-11-01,1
391,5920-DPXLN,2012-11-11,6879549553,2013-01-17,2013-02-16,47.55,No,2013-02-02,Electronic,16,0,On Time,On Time,2013-01-01,1
818,5148-SYKLB,2013-08-28,6882106680,2012-02-12,2012-03-13,69.43,No,2012-03-04,Paper,21,0,On Time,On Time,2012-02-01,1
818,6627-ELFBK,2012-11-26,6884520592,2013-11-22,2013-12-22,44.89,No,2013-12-27,Electronic,35,5,Late,1–7 Days Late,2013-11-01,2
897,7654-DOLHO,2012-04-04,6885613614,2012-04-20,2012-05-20,33.01,No,2012-05-12,Electronic,22,0,On Time,On Time,2012-04-01,1
770,3993-QUNVJ,2012-12-31,6892063887,2013-04-18,2013-05-18,58.44,No,2013-04-26,Electronic,8,0,On Time,On Time,2013-04-01,1
406,4640-FGEJI,2013-04-04,6895920102,2012-05-31,2012-06-30,65.13,No,2012-06-27,Paper,27,0,On Time,On Time,2012-05-01,1
391,8820-BLYDZ,2013-03-19,6895927608,2012-01-16,2012-02-15,78.37,No,2012-01-23,Paper,7,0,On Time,On Time,2012-01-01,1
406,3448-OWJOT,2012-09-15,6900171661,2013-06-25,2013-07-25,53.34,Yes,2013-07-30,Electronic,35,5,Late,1–7 Days Late,2013-06-01,2
770,2026-XLBER,2012-11-12,6902670844,2013-06-12,2013-07-12,44.05,No,2013-06-28,Electronic,16,0,On Time,On Time,2013-06-01,1
770,2026-XLBER,2012-11-12,6904628715,2012-11-24,2012-12-24,65.07,No,2012-12-03,Electronic,9,0,On Time,On Time,2012-11-01,1
391,2820-XGXSB,2012-01-26,6906890052,2012-12-26,2013-01-25,72.14,No,2013-01-08,Electronic,13,0,On Time,On Time,2012-12-01,1
770,7050-KQLDO,2012-09-29,6915911592,2013-01-22,2013-02-21,43.12,No,2013-02-03,Electronic,12,0,On Time,On Time,2013-01-01,1
818,8102-ABPKQ,2013-08-29,6922423741,2012-01-25,2012-02-24,66.92,Yes,2012-03-12,Paper,47,17,Late,15–30 Days Late,2012-01-01,4
818,2824-HJQPP,2013-09-04,6926621731,2013-11-03,2013-12-03,64.67,No,2013-11-16,Electronic,13,0,On Time,On Time,2013-11-01,1
770,0625-TNJFG,2013-08-15,6929479378,2012-03-20,2012-04-19,27.08,No,2012-04-11,Paper,22,0,On Time,On Time,2012-03-01,1
391,2676-DZINU,2012-10-19,6932718624,2012-02-16,2012-03-17,72.79,No,2012-03-07,Paper,20,0,On Time,On Time,2012-02-01,1
770,9149-MATVB,2013-04-30,6937126139,2012-07-06,2012-08-05,52.74,No,2012-08-05,Paper,30,0,On Time,On Time,2012-07-01,1
406,8389-TCXFQ,2012-08-24,6941328190,2012-08-01,2012-08-31,71.83,Yes,2012-09-04,Paper,34,4,Late,1–7 Days Late,2012-08-01,2
770,2447-JCFGW,2012-07-31,6946879920,2012-11-04,2012-12-04,37.49,No,2012-11-23,Electronic,19,0,On Time,On Time,2012-11-01,1
897,9286-VLKMI,2013-02-13,6950783855,2012-03-21,2012-04-20,88.13,Yes,2012-04-06,Paper,16,0,On Time,On Time,2012-03-01,1
818,2824-HJQPP,2013-09-04,6959096166,2013-06-27,2013-07-27,55.34,No,2013-07-20,Paper,23,0,On Time,On Time,2013-06-01,1
897,9883-SDWFS,2013-07-08,6959534505,2012-11-15,2012-12-15,10.36,No,2012-12-08,Paper,23,0,On Time,On Time,2012-11-01,1
406,5284-DJOZO,2012-09-11,6960019922,2012-07-21,2012-08-20,79.58,No,2012-07-29,Paper,8,0,On Time,On Time,2012-07-01,1
770,2026-XLBER,2012-11-12,6961910816,2013-08-26,2013-09-25,59.78,Yes,2013-09-21,Electronic,26,0,On Time,On Time,2013-08-01,1
770,2447-JCFGW,2012-07-31,6964839828,2012-06-26,2012-07-26,68.12,No,2012-07-23,Paper,27,0,On Time,On Time,2012-06-01,1
391,5920-DPXLN,2012-11-11,6965323270,2013-02-23,2013-03-25,58.98,No,2013-03-12,Electronic,17,0,On Time,On Time,2013-02-01,1
406,7600-OISKG,2013-07-19,6969986224,2013-04-11,2013-05-11,59.08,Yes,2013-05-19,Paper,38,8,Late,8–14 Days Late,2013-04-01,3
391,7329-TWKLF,2013-11-20,6970184838,2013-08-28,2013-09-27,81.28,No,2013-09-22,Paper,25,0,On Time,On Time,2013-08-01,1
897,9286-VLKMI,2013-02-13,6974701547,2012-09-27,2012-10-27,14.22,No,2012-10-04,Paper,7,0,On Time,On Time,2012-09-01,1
770,4460-ZXNDN,2013-06-27,6984488539,2013-03-21,2013-04-20,84.43,Yes,2013-05-20,Paper,60,30,Late,15–30 Days Late,2013-03-01,4
818,2824-HJQPP,2013-09-04,6985831527,2013-10-22,2013-11-21,66.72,No,2013-11-10,Electronic,19,0,On Time,On Time,2013-10-01,1
406,4092-ZAVRG,2012-05-19,6988048839,2012-06-05,2012-07-05,71.6,No,2012-06-06,Electronic,1,0,On Time,On Time,2012-06-01,1
818,7695-NKUXM,2012-11-21,6998465986,2012-02-14,2012-03-15,30.05,No,2012-02-21,Paper,7,0,On Time,On Time,2012-02-01,1
897,9883-SDWFS,2013-07-08,7005945991,2013-04-23,2013-05-23,32.75,No,2013-05-26,Paper,33,3,Late,1–7 Days Late,2013-04-01,2
818,2824-HJQPP,2013-09-04,7008503597,2013-01-02,2013-02-01,50.66,No,2013-01-24,Paper,22,0,On Time,On Time,2013-01-01,1
770,0706-NRGUP,2013-04-09,7009543833,2012-08-03,2012-09-02,23.38,No,2012-09-03,Paper,31,1,Late,1–7 Days Late,2012-08-01,2
406,9117-LYRCE,2013-07-05,7022172137,2012-05-21,2012-06-20,63.33,Yes,2012-07-11,Paper,51,21,Late,15–30 Days Late,2012-05-01,4
391,5920-DPXLN,2012-11-11,7022807641,2012-03-03,2012-04-02,61.17,No,2012-03-29,Paper,26,0,On Time,On Time,2012-03-01,1
818,5613-UHVMG,2012-05-31,7032806438,2012-02-14,2012-03-15,46.66,No,2012-03-27,Paper,42,12,Late,8–14 Days Late,2012-02-01,3
406,4632-QZOKX,2013-03-19,7043574740,2012-02-14,2012-03-15,83.42,Yes,2012-03-20,Paper,35,5,Late,1–7 Days Late,2012-02-01,2
391,7329-TWKLF,2013-11-20,7043895839,2012-05-02,2012-06-01,120.76,No,2012-05-24,Paper,22,0,On Time,On Time,2012-05-01,1
770,7260-ZHAKS,2012-06-17,7050267416,2013-08-21,2013-09-20,68.16,No,2013-09-11,Electronic,21,0,On Time,On Time,2013-08-01,1
391,9841-XLGBV,2013-01-03,7056189326,2012-05-20,2012-06-19,53.81,No,2012-06-17,Paper,28,0,On Time,On Time,2012-05-01,1
770,0625-TNJFG,2013-08-15,7056862793,2013-07-07,2013-08-06,68.03,No,2013-08-01,Paper,25,0,On Time,On Time,2013-07-01,1
770,7856-ODQFO,2012-08-05,7059816083,2013-09-08,2013-10-08,38,Yes,2013-10-02,Electronic,24,0,On Time,On Time,2013-09-01,1
770,9928-IJYBQ,2012-03-18,7074243715,2013-09-03,2013-10-03,69.29,No,2013-10-04,Electronic,31,1,Late,1–7 Days Late,2013-09-01,2
818,3271-HYHDN,2013-04-28,7074598959,2013-04-06,2013-05-06,42.25,No,2013-04-11,Paper,5,0,On Time,On Time,2013-04-01,1
406,8389-TCXFQ,2012-08-24,7076480298,2013-05-18,2013-06-17,51.53,No,2013-06-03,Electronic,16,0,On Time,On Time,2013-05-01,1
818,5924-UOPGH,2013-06-06,7083555556,2012-05-31,2012-06-30,84.26,No,2012-06-09,Paper,9,0,On Time,On Time,2012-05-01,1
818,9181-HEKGV,2013-10-16,7084470394,2013-06-01,2013-07-01,81.53,Yes,2013-07-13,Paper,42,12,Late,8–14 Days Late,2013-06-01,3
406,7938-EVASK,2012-12-15,7085238926,2013-08-13,2013-09-12,63.32,No,2013-09-11,Electronic,29,0,On Time,On Time,2013-08-01,1
818,8102-ABPKQ,2013-08-29,7091388946,2013-02-12,2013-03-14,60.3,Yes,2013-04-06,Paper,53,23,Late,15–30 Days Late,2013-02-01,4
897,8942-ERSWK,2013-01-11,7091811282,2012-08-18,2012-09-17,15.18,No,2012-08-25,Paper,7,0,On Time,On Time,2012-08-01,1
391,5196-TWQXF,2012-06-20,7092718520,2012-12-02,2013-01-01,50.17,No,2012-12-24,Electronic,22,0,On Time,On Time,2012-12-01,1
897,7654-DOLHO,2012-04-04,7093044151,2013-01-25,2013-02-24,7.08,No,2013-02-19,Electronic,25,0,On Time,On Time,2013-01-01,1
818,2824-HJQPP,2013-09-04,7096221227,2013-09-02,2013-10-02,66.59,No,2013-10-03,Paper,31,1,Late,1–7 Days Late,2013-09-01,2
391,7329-TWKLF,2013-11-20,7097948653,2012-01-09,2012-02-08,56.86,No,2012-01-27,Paper,18,0,On Time,On Time,2012-01-01,1
391,0709-LZRJV,2013-06-20,7100218787,2013-07-23,2013-08-22,61.89,No,2013-08-10,Electronic,18,0,On Time,On Time,2013-07-01,1
406,9758-AIEIK,2012-04-23,7101585538,2012-12-19,2013-01-18,65.49,Yes,2013-01-23,Electronic,35,5,Late,1–7 Days Late,2012-12-01,2
897,7654-DOLHO,2012-04-04,7108337906,2013-07-03,2013-08-02,17.12,No,2013-08-01,Electronic,29,0,On Time,On Time,2013-07-01,1
770,6831-FIODB,2013-05-08,7115348997,2013-11-23,2013-12-23,47.47,No,2013-12-12,Electronic,19,0,On Time,On Time,2013-11-01,1
391,3569-VJWXS,2013-04-09,7117238418,2012-03-03,2012-04-02,36.26,No,2012-03-28,Paper,25,0,On Time,On Time,2012-03-01,1
406,7938-EVASK,2012-12-15,7117316793,2012-11-17,2012-12-17,62.17,No,2013-01-04,Paper,48,18,Late,15–30 Days Late,2012-11-01,4
897,1408-OQZUE,2012-09-14,7127477711,2013-11-25,2013-12-25,41.08,No,2014-01-02,Electronic,38,8,Late,8–14 Days Late,2013-11-01,3
391,2676-DZINU,2012-10-19,7133128659,2013-09-09,2013-10-09,48.52,No,2013-09-19,Electronic,10,0,On Time,On Time,2013-09-01,1
406,4651-PMEXQ,2012-07-04,7138243506,2012-04-26,2012-05-26,96.76,No,2012-05-24,Paper,28,0,On Time,On Time,2012-04-01,1
770,6077-FDQRK,2012-09-11,7142055006,2013-03-07,2013-04-06,56.6,Yes,2013-04-01,Electronic,25,0,On Time,On Time,2013-03-01,1
770,7856-ODQFO,2012-08-05,7152404667,2013-01-13,2013-02-12,56.6,Yes,2013-02-09,Electronic,27,0,On Time,On Time,2013-01-01,1
897,0688-XNJRO,2012-06-24,7152757733,2012-11-16,2012-12-16,39.39,Yes,2013-01-03,Electronic,48,18,Late,15–30 Days Late,2012-11-01,4
770,9149-MATVB,2013-04-30,7152768721,2013-08-21,2013-09-20,81.85,No,2013-09-08,Electronic,18,0,On Time,On Time,2013-08-01,1
770,6077-FDQRK,2012-09-11,7166848125,2013-09-25,2013-10-25,52.45,No,2013-10-12,Electronic,17,0,On Time,On Time,2013-09-01,1
406,1447-YZKCL,2012-08-10,7167433652,2012-02-08,2012-03-09,48.47,No,2012-03-18,Paper,39,9,Late,8–14 Days Late,2012-02-01,3
897,6391-GBFQJ,2013-11-25,7170674351,2013-09-09,2013-10-09,7.96,No,2013-09-22,Paper,13,0,On Time,On Time,2013-09-01,1
391,8156-PCYBM,2012-03-03,7171739266,2012-02-14,2012-03-15,76.47,No,2012-03-28,Paper,43,13,Late,8–14 Days Late,2012-02-01,3
391,8820-BLYDZ,2013-03-19,7175346419,2012-04-01,2012-05-01,100.7,No,2012-04-16,Paper,15,0,On Time,On Time,2012-04-01,1
818,6004-KITZM,2013-09-01,7176685266,2012-03-10,2012-04-09,75.99,No,2012-04-01,Paper,22,0,On Time,On Time,2012-03-01,1
897,9460-VAZGD,2013-08-10,7186710473,2013-03-28,2013-04-27,55.57,No,2013-04-19,Paper,22,0,On Time,On Time,2013-03-01,1
406,8976-AMJEO,2012-03-03,7190128567,2012-12-29,2013-01-28,83.93,No,2013-01-18,Electronic,20,0,On Time,On Time,2012-12-01,1
391,5920-DPXLN,2012-11-11,7197069769,2012-02-27,2012-03-28,48.75,No,2012-03-19,Paper,21,0,On Time,On Time,2012-02-01,1
770,5592-UQXSS,2012-12-31,7197991217,2013-03-26,2013-04-25,48.98,No,2013-04-21,Electronic,26,0,On Time,On Time,2013-03-01,1
818,7946-HJDUR,2012-02-21,7200684326,2013-10-21,2013-11-20,55.21,No,2013-11-06,Electronic,16,0,On Time,On Time,2013-10-01,1
770,0625-TNJFG,2013-08-15,7203564937,2013-11-21,2013-12-21,92.48,No,2013-12-12,Electronic,21,0,On Time,On Time,2013-11-01,1
391,3569-VJWXS,2013-04-09,7210230347,2012-06-10,2012-07-10,43.89,Yes,2012-07-12,Paper,32,2,Late,1–7 Days Late,2012-06-01,2
818,3568-JJMFW,2012-01-09,7211101726,2012-08-28,2012-09-27,79.43,Yes,2012-09-12,Electronic,15,0,On Time,On Time,2012-08-01,1
391,0187-ERLSR,2013-07-31,7214076449,2012-06-16,2012-07-16,64.47,Yes,2012-07-04,Paper,18,0,On Time,On Time,2012-06-01,1
818,9181-HEKGV,2013-10-16,7214943606,2012-04-21,2012-05-21,88.36,Yes,2012-06-12,Paper,52,22,Late,15–30 Days Late,2012-04-01,4
897,9883-SDWFS,2013-07-08,7217104959,2012-04-10,2012-05-10,20.99,Yes,2012-05-20,Paper,40,10,Late,8–14 Days Late,2012-04-01,3
391,2820-XGXSB,2012-01-26,7218524698,2012-03-17,2012-04-16,80.15,No,2012-03-23,Electronic,6,0,On Time,On Time,2012-03-01,1
770,5592-UQXSS,2012-12-31,7218542419,2012-10-15,2012-11-14,46.64,No,2012-11-08,Paper,24,0,On Time,On Time,2012-10-01,1
406,1447-YZKCL,2012-08-10,7218760518,2013-08-18,2013-09-17,62.93,Yes,2013-09-21,Electronic,34,4,Late,1–7 Days Late,2013-08-01,2
391,9014-WENVB,2013-08-03,7237340902,2012-02-03,2012-03-04,68.48,No,2012-03-05,Paper,31,1,Late,1–7 Days Late,2012-02-01,2
391,2676-DZINU,2012-10-19,7244293293,2012-10-16,2012-11-15,69.58,No,2012-10-30,Paper,14,0,On Time,On Time,2012-10-01,1
406,7938-EVASK,2012-12-15,7249316066,2013-07-21,2013-08-20,78.68,Yes,2013-09-02,Electronic,43,13,Late,8–14 Days Late,2013-07-01,3
897,8942-ERSWK,2013-01-11,7254664069,2012-07-26,2012-08-25,13.36,No,2012-08-06,Paper,11,0,On Time,On Time,2012-07-01,1
770,7260-ZHAKS,2012-06-17,7259837539,2012-04-13,2012-05-13,67.29,No,2012-05-12,Paper,29,0,On Time,On Time,2012-04-01,1
770,2447-JCFGW,2012-07-31,7270249713,2012-08-04,2012-09-03,86.83,No,2012-09-06,Electronic,33,3,Late,1–7 Days Late,2012-08-01,2
406,8389-TCXFQ,2012-08-24,7277413369,2013-02-09,2013-03-11,62.41,Yes,2013-03-28,Electronic,47,17,Late,15–30 Days Late,2013-02-01,4
391,7209-MDWKR,2013-10-09,7282316945,2013-05-05,2013-06-04,74.7,No,2013-06-10,Paper,36,6,Late,1–7 Days Late,2013-05-01,2
391,0379-NEVHP,2013-04-06,7285560671,2013-08-16,2013-09-15,70.9,No,2013-08-31,Electronic,15,0,On Time,On Time,2013-08-01,1
770,3831-FXWYK,2013-03-08,7295000938,2013-09-18,2013-10-18,58.65,No,2013-10-29,Electronic,41,11,Late,8–14 Days Late,2013-09-01,3
897,8942-ERSWK,2013-01-11,7296232451,2013-02-09,2013-03-11,40.52,No,2013-02-17,Electronic,8,0,On Time,On Time,2013-02-01,1
770,2687-XWAMA,2013-04-03,7298116315,2012-01-28,2012-02-27,60.17,No,2012-02-08,Paper,11,0,On Time,On Time,2012-01-01,1
391,9014-WENVB,2013-08-03,7303916505,2012-01-31,2012-03-01,69.55,No,2012-02-28,Paper,28,0,On Time,On Time,2012-01-01,1
818,8887-NCUZC,2013-01-22,7310206701,2013-07-17,2013-08-16,36.21,Yes,2013-08-28,Electronic,42,12,Late,8–14 Days Late,2013-07-01,3
391,8820-BLYDZ,2013-03-19,7314902402,2013-07-12,2013-08-11,71.96,No,2013-07-14,Electronic,2,0,On Time,On Time,2013-07-01,1
770,0465-DTULQ,2013-03-04,7314906808,2012-04-10,2012-05-10,60.35,No,2012-05-03,Paper,23,0,On Time,On Time,2012-04-01,1
770,2026-XLBER,2012-11-12,7329436593,2013-09-24,2013-10-24,43.71,No,2013-10-06,Electronic,12,0,On Time,On Time,2013-09-01,1
391,9841-XLGBV,2013-01-03,7332034292,2013-06-12,2013-07-12,53.53,No,2013-06-30,Electronic,18,0,On Time,On Time,2013-06-01,1
406,8976-AMJEO,2012-03-03,7336219886,2013-06-22,2013-07-22,62.94,No,2013-07-22,Electronic,30,0,On Time,On Time,2013-06-01,1
770,7856-ODQFO,2012-08-05,7344346525,2012-04-05,2012-05-05,23.53,No,2012-04-23,Paper,18,0,On Time,On Time,2012-04-01,1
770,7228-LEPPM,2012-04-30,7356874575,2013-07-17,2013-08-16,56.73,No,2013-08-30,Electronic,44,14,Late,8–14 Days Late,2013-07-01,3
770,7228-LEPPM,2012-04-30,7358381863,2012-06-19,2012-07-19,60.46,No,2012-07-29,Electronic,40,10,Late,8–14 Days Late,2012-06-01,3
897,8942-ERSWK,2013-01-11,7361584692,2012-11-27,2012-12-27,35.49,No,2012-12-11,Paper,14,0,On Time,On Time,2012-11-01,1
770,4460-ZXNDN,2013-06-27,7364920654,2012-10-01,2012-10-31,58.19,Yes,2012-11-21,Paper,51,21,Late,15–30 Days Late,2012-10-01,4
897,9286-VLKMI,2013-02-13,7365861488,2013-10-05,2013-11-04,91.42,No,2013-10-08,Electronic,3,0,On Time,On Time,2013-10-01,1
406,4640-FGEJI,2013-04-04,7369923093,2013-03-24,2013-04-23,97.33,Yes,2013-05-10,Paper,47,17,Late,15–30 Days Late,2013-03-01,4
818,3568-JJMFW,2012-01-09,7372190093,2012-06-14,2012-07-14,50.63,Yes,2012-07-02,Electronic,18,0,On Time,On Time,2012-06-01,1
770,4460-ZXNDN,2013-06-27,7372412216,2012-09-28,2012-10-28,90.57,No,2012-11-02,Paper,35,5,Late,1–7 Days Late,2012-09-01,2
391,8156-PCYBM,2012-03-03,7373872006,2012-10-21,2012-11-20,70.12,No,2012-11-22,Electronic,32,2,Late,1–7 Days Late,2012-10-01,2
406,8389-TCXFQ,2012-08-24,7379159223,2013-02-01,2013-03-03,55,No,2013-02-22,Electronic,21,0,On Time,On Time,2013-02-01,1
406,8389-TCXFQ,2012-08-24,7394801898,2013-05-27,2013-06-26,50.89,No,2013-06-10,Electronic,14,0,On Time,On Time,2013-05-01,1
897,8942-ERSWK,2013-01-11,7400497460,2012-07-14,2012-08-13,16.31,No,2012-07-26,Paper,12,0,On Time,On Time,2012-07-01,1
897,0688-XNJRO,2012-06-24,7403439811,2013-06-02,2013-07-02,41.56,No,2013-07-09,Electronic,37,7,Late,1–7 Days Late,2013-06-01,2
818,5613-UHVMG,2012-05-31,7406229116,2013-01-24,2013-02-23,61.02,Yes,2013-03-16,Electronic,51,21,Late,15–30 Days Late,2013-01-01,4
391,8156-PCYBM,2012-03-03,7410471356,2012-09-07,2012-10-07,50.88,No,2012-10-08,Electronic,31,1,Late,1–7 Days Late,2012-09-01,2
818,3271-HYHDN,2013-04-28,7419219204,2012-02-07,2012-03-08,72.49,No,2012-02-10,Paper,3,0,On Time,On Time,2012-02-01,1
897,8690-EEBEO,2012-12-05,7421024088,2013-03-26,2013-04-25,57.97,Yes,2013-05-22,Electronic,57,27,Late,15–30 Days Late,2013-03-01,4
770,9928-IJYBQ,2012-03-18,7423547921,2012-12-15,2013-01-14,60.47,No,2013-01-19,Electronic,35,5,Late,1–7 Days Late,2012-12-01,2
770,3831-FXWYK,2013-03-08,7424213127,2013-07-13,2013-08-12,46.56,No,2013-08-12,Electronic,30,0,On Time,On Time,2013-07-01,1
818,8887-NCUZC,2013-01-22,7427150614,2012-07-05,2012-08-04,7.74,No,2012-08-06,Paper,32,2,Late,1–7 Days Late,2012-07-01,2
818,2824-HJQPP,2013-09-04,7450963607,2013-02-12,2013-03-14,65.7,No,2013-03-12,Paper,28,0,On Time,On Time,2013-02-01,1
391,8156-PCYBM,2012-03-03,7459726574,2013-03-27,2013-04-26,74.57,No,2013-04-28,Electronic,32,2,Late,1–7 Days Late,2013-03-01,2
818,6004-KITZM,2013-09-01,7461173643,2012-11-25,2012-12-25,79.42,No,2012-12-10,Paper,15,0,On Time,On Time,2012-11-01,1
897,1168-BEASA,2013-11-06,7463017763,2012-11-29,2012-12-29,63.76,No,2012-12-27,Paper,28,0,On Time,On Time,2012-11-01,1
391,6160-HCSFI,2013-01-10,7469612917,2013-05-16,2013-06-15,85.72,No,2013-05-30,Electronic,14,0,On Time,On Time,2013-05-01,1
818,2824-HJQPP,2013-09-04,7472160858,2012-03-10,2012-04-09,66.88,Yes,2012-04-17,Paper,38,8,Late,8–14 Days Late,2012-03-01,3
770,9323-NDIOV,2012-07-09,7479585452,2012-07-29,2012-08-28,68.14,No,2012-08-27,Electronic,29,0,On Time,On Time,2012-07-01,1
391,2676-DZINU,2012-10-19,7481115235,2012-10-21,2012-11-20,76.7,No,2012-11-06,Electronic,16,0,On Time,On Time,2012-10-01,1
897,1408-OQZUE,2012-09-14,7483503715,2012-04-11,2012-05-11,54.75,No,2012-05-07,Paper,26,0,On Time,On Time,2012-04-01,1
897,1168-BEASA,2013-11-06,7483571988,2013-11-09,2013-12-09,85.32,No,2013-11-23,Electronic,14,0,On Time,On Time,2013-11-01,1
818,8364-UWVLM,2012-11-10,7485620358,2012-11-27,2012-12-27,50.7,No,2012-12-21,Electronic,24,0,On Time,On Time,2012-11-01,1
770,3993-QUNVJ,2012-12-31,7490803947,2013-01-31,2013-03-02,68.79,No,2013-02-08,Electronic,8,0,On Time,On Time,2013-01-01,1
818,5875-VZQCZ,2013-07-15,7495748603,2012-09-20,2012-10-20,63.66,No,2012-10-17,Paper,27,0,On Time,On Time,2012-09-01,1
406,6048-QPZCF,2012-07-13,7496830993,2012-03-10,2012-04-09,75.33,Yes,2012-04-08,Paper,29,0,On Time,On Time,2012-03-01,1
897,0688-XNJRO,2012-06-24,7497563219,2013-09-01,2013-10-01,33.99,Yes,2013-10-21,Electronic,50,20,Late,15–30 Days Late,2013-09-01,4
406,7938-EVASK,2012-12-15,7498359819,2012-09-21,2012-10-21,72.75,No,2012-10-25,Paper,34,4,Late,1–7 Days Late,2012-09-01,2
406,9322-YCTQO,2012-04-06,7504945766,2013-05-09,2013-06-08,86.91,No,2013-06-14,Electronic,36,6,Late,1–7 Days Late,2013-05-01,2
406,5573-KSOIA,2013-09-30,7510320434,2013-07-22,2013-08-21,70.77,No,2013-08-28,Paper,37,7,Late,1–7 Days Late,2013-07-01,2
770,5592-UQXSS,2012-12-31,7514433905,2012-04-22,2012-05-22,42.08,No,2012-05-26,Paper,34,4,Late,1–7 Days Late,2012-04-01,2
770,6077-FDQRK,2012-09-11,7516274125,2013-05-23,2013-06-22,34.5,No,2013-06-03,Electronic,11,0,On Time,On Time,2013-05-01,1
770,6077-FDQRK,2012-09-11,7517563980,2012-12-25,2013-01-24,55.87,No,2013-01-13,Electronic,19,0,On Time,On Time,2012-12-01,1
391,5529-TBPGK,2013-08-09,7524155753,2013-09-20,2013-10-20,91.03,No,2013-10-24,Electronic,34,4,Late,1–7 Days Late,2013-09-01,2
391,9014-WENVB,2013-08-03,7534126416,2012-09-12,2012-10-12,53.64,No,2012-10-08,Paper,26,0,On Time,On Time,2012-09-01,1
406,5164-VMYWJ,2013-11-27,7541035636,2013-07-23,2013-08-22,81.15,No,2013-08-13,Paper,21,0,On Time,On Time,2013-07-01,1
818,5875-VZQCZ,2013-07-15,7541301534,2013-05-30,2013-06-29,73.96,No,2013-06-19,Paper,20,0,On Time,On Time,2013-05-01,1
406,5164-VMYWJ,2013-11-27,7545656006,2013-03-28,2013-04-27,83.73,Yes,2013-05-06,Paper,39,9,Late,8–14 Days Late,2013-03-01,3
818,1604-LIFKX,2013-03-16,7550415361,2013-10-24,2013-11-23,83.65,No,2013-12-06,Electronic,43,13,Late,8–14 Days Late,2013-10-01,3
818,8887-NCUZC,2013-01-22,7555055375,2013-03-22,2013-04-21,24.19,Yes,2013-04-25,Electronic,34,4,Late,1–7 Days Late,2013-03-01,2
406,0783-PEPYR,2013-11-27,7555537204,2012-12-31,2013-01-30,66.56,No,2013-02-03,Paper,34,4,Late,1–7 Days Late,2012-12-01,2
897,9883-SDWFS,2013-07-08,7563163902,2013-04-25,2013-05-25,21.58,Yes,2013-06-10,Paper,46,16,Late,15–30 Days Late,2013-04-01,4
770,6077-FDQRK,2012-09-11,7567097895,2012-03-30,2012-04-29,26.9,No,2012-04-16,Paper,17,0,On Time,On Time,2012-03-01,1
391,2676-DZINU,2012-10-19,7574832061,2012-06-10,2012-07-10,63.73,No,2012-07-01,Paper,21,0,On Time,On Time,2012-06-01,1
406,3448-OWJOT,2012-09-15,7576910302,2012-06-23,2012-07-23,82.8,No,2012-07-18,Paper,25,0,On Time,On Time,2012-06-01,1
770,0706-NRGUP,2013-04-09,7577985769,2012-09-28,2012-10-28,21,No,2012-10-24,Paper,26,0,On Time,On Time,2012-09-01,1
770,6831-FIODB,2013-05-08,7578902156,2012-09-21,2012-10-21,33.25,Yes,2012-11-03,Paper,43,13,Late,8–14 Days Late,2012-09-01,3
770,3993-QUNVJ,2012-12-31,7579897588,2012-05-02,2012-06-01,63.42,No,2012-05-23,Paper,21,0,On Time,On Time,2012-05-01,1
391,2676-DZINU,2012-10-19,7581184012,2013-02-05,2013-03-07,41.3,No,2013-02-23,Electronic,18,0,On Time,On Time,2013-02-01,1
818,1604-LIFKX,2013-03-16,7584011927,2012-11-05,2012-12-05,68.61,No,2012-12-15,Paper,40,10,Late,8–14 Days Late,2012-11-01,3
406,5573-KSOIA,2013-09-30,7588924933,2012-04-17,2012-05-17,69.54,No,2012-05-20,Paper,33,3,Late,1–7 Days Late,2012-04-01,2
406,4632-QZOKX,2013-03-19,7603025462,2012-08-02,2012-09-01,58.06,Yes,2012-09-14,Paper,43,13,Late,8–14 Days Late,2012-08-01,3
818,8364-UWVLM,2012-11-10,7604918128,2012-12-05,2013-01-04,101.44,Yes,2012-12-25,Electronic,20,0,On Time,On Time,2012-12-01,1
770,7856-ODQFO,2012-08-05,7605231033,2012-09-12,2012-10-12,43.79,No,2012-09-30,Electronic,18,0,On Time,On Time,2012-09-01,1
770,0625-TNJFG,2013-08-15,7615315828,2013-05-10,2013-06-09,36.86,No,2013-06-08,Paper,29,0,On Time,On Time,2013-05-01,1
391,9174-IYKOC,2012-11-27,7615433776,2012-09-29,2012-10-29,80.71,No,2012-10-27,Paper,28,0,On Time,On Time,2012-09-01,1
406,5573-KSOIA,2013-09-30,7619071494,2013-06-17,2013-07-17,72.22,No,2013-07-24,Paper,37,7,Late,1–7 Days Late,2013-06-01,2
406,2621-XCLEH,2012-09-24,7619716138,2012-11-18,2012-12-18,86.39,Yes,2013-02-01,Electronic,75,45,Late,Over 30 Days Late,2012-11-01,5
406,6833-ETVHD,2012-04-30,7630260848,2013-06-02,2013-07-02,86.87,No,2013-06-29,Electronic,27,0,On Time,On Time,2013-06-01,1
406,0783-PEPYR,2013-11-27,7640437486,2012-03-10,2012-04-09,75.62,No,2012-04-12,Paper,33,3,Late,1–7 Days Late,2012-03-01,2
770,9928-IJYBQ,2012-03-18,7642713224,2013-08-24,2013-09-23,53.29,No,2013-09-18,Electronic,25,0,On Time,On Time,2013-08-01,1
391,3569-VJWXS,2013-04-09,7651606558,2012-04-17,2012-05-17,59.92,Yes,2012-05-29,Paper,42,12,Late,8–14 Days Late,2012-04-01,3
770,0465-DTULQ,2013-03-04,7655234333,2012-10-03,2012-11-02,49.85,No,2012-11-07,Paper,35,5,Late,1–7 Days Late,2012-10-01,2
897,9460-VAZGD,2013-08-10,7662622783,2012-12-27,2013-01-26,15,No,2013-01-07,Paper,11,0,On Time,On Time,2012-12-01,1
391,6708-DPYTF,2012-08-02,7662777416,2013-09-08,2013-10-08,64.19,No,2013-10-10,Electronic,32,2,Late,1–7 Days Late,2013-09-01,2
406,1447-YZKCL,2012-08-10,7665948122,2013-02-13,2013-03-15,67.87,No,2013-03-13,Electronic,28,0,On Time,On Time,2013-02-01,1
897,6391-GBFQJ,2013-11-25,7668955519,2013-10-01,2013-10-31,25.72,Yes,2013-11-02,Paper,32,2,Late,1–7 Days Late,2013-10-01,2
770,2447-JCFGW,2012-07-31,7672209595,2012-04-21,2012-05-21,60.41,No,2012-05-16,Paper,25,0,On Time,On Time,2012-04-01,1
391,8820-BLYDZ,2013-03-19,7675257333,2013-02-02,2013-03-04,77.35,No,2013-02-11,Paper,9,0,On Time,On Time,2013-02-01,1
897,9286-VLKMI,2013-02-13,7679449609,2013-03-06,2013-04-05,47.39,No,2013-03-06,Electronic,0,0,On Time,On Time,2013-03-01,1
406,4651-PMEXQ,2012-07-04,7680218680,2013-01-28,2013-02-27,65.56,No,2013-02-22,Electronic,25,0,On Time,On Time,2013-01-01,1
391,5196-TWQXF,2012-06-20,7683330179,2012-05-23,2012-06-22,50.44,No,2012-06-28,Paper,36,6,Late,1–7 Days Late,2012-05-01,2
770,2026-XLBER,2012-11-12,7685298565,2012-10-19,2012-11-18,62.31,No,2012-11-05,Paper,17,0,On Time,On Time,2012-10-01,1
770,6831-FIODB,2013-05-08,7690941431,2013-02-18,2013-03-20,41.11,No,2013-03-19,Paper,29,0,On Time,On Time,2013-02-01,1
897,7372-CESLR,2013-01-11,7692447978,2013-01-01,2013-01-31,37.25,Yes,2013-01-31,Paper,30,0,On Time,On Time,2013-01-01,1
770,2447-JCFGW,2012-07-31,7697000588,2013-11-18,2013-12-18,54.3,No,2013-12-04,Electronic,16,0,On Time,On Time,2013-11-01,1
406,8976-AMJEO,2012-03-03,7698255051,2013-08-18,2013-09-17,78.79,No,2013-09-09,Electronic,22,0,On Time,On Time,2013-08-01,1
770,7260-ZHAKS,2012-06-17,7704631121,2013-07-24,2013-08-23,65.2,No,2013-08-14,Electronic,21,0,On Time,On Time,2013-07-01,1
391,0709-LZRJV,2013-06-20,7706707710,2013-03-14,2013-04-13,68.16,No,2013-04-08,Paper,25,0,On Time,On Time,2013-03-01,1
391,9174-IYKOC,2012-11-27,7714500054,2013-11-14,2013-12-14,57.61,No,2013-12-06,Electronic,22,0,On Time,On Time,2013-11-01,1
770,9323-NDIOV,2012-07-09,7716386851,2012-09-10,2012-10-10,40.83,No,2012-09-27,Electronic,17,0,On Time,On Time,2012-09-01,1
406,5164-VMYWJ,2013-11-27,7717855496,2012-07-11,2012-08-10,72.52,No,2012-08-10,Paper,30,0,On Time,On Time,2012-07-01,1
897,7654-DOLHO,2012-04-04,7719614573,2012-10-05,2012-11-04,43.97,No,2012-11-02,Electronic,28,0,On Time,On Time,2012-10-01,1
391,9014-WENVB,2013-08-03,7720415253,2012-12-19,2013-01-18,66.08,No,2013-01-06,Paper,18,0,On Time,On Time,2012-12-01,1
897,9286-VLKMI,2013-02-13,7722226334,2013-06-10,2013-07-10,51.55,No,2013-06-10,Electronic,0,0,On Time,On Time,2013-06-01,1
770,7856-ODQFO,2012-08-05,7736319597,2012-12-22,2013-01-21,52.92,Yes,2013-01-16,Electronic,25,0,On Time,On Time,2012-12-01,1
770,2447-JCFGW,2012-07-31,7740692207,2012-03-21,2012-04-20,69.51,No,2012-04-20,Paper,30,0,On Time,On Time,2012-03-01,1
391,2423-QOKIO,2013-05-11,7751899037,2013-04-06,2013-05-06,47.77,No,2013-05-08,Paper,32,2,Late,1–7 Days Late,2013-04-01,2
391,6160-HCSFI,2013-01-10,7753761369,2013-02-12,2013-03-14,75.78,No,2013-02-26,Electronic,14,0,On Time,On Time,2013-02-01,1
897,9250-VHLWY,2013-06-03,7757363585,2013-05-23,2013-06-22,44.12,No,2013-06-22,Paper,30,0,On Time,On Time,2013-05-01,1
770,9323-NDIOV,2012-07-09,7762178946,2013-04-16,2013-05-16,59.66,No,2013-05-12,Electronic,26,0,On Time,On Time,2013-04-01,1
897,7372-CESLR,2013-01-11,7769806886,2013-06-28,2013-07-28,38.13,No,2013-07-17,Electronic,19,0,On Time,On Time,2013-06-01,1
406,8976-AMJEO,2012-03-03,7786851730,2012-04-15,2012-05-15,59.74,No,2012-05-08,Electronic,23,0,On Time,On Time,2012-04-01,1
406,0783-PEPYR,2013-11-27,7787761526,2012-03-17,2012-04-16,64.33,No,2012-04-20,Paper,34,4,Late,1–7 Days Late,2012-03-01,2
391,8156-PCYBM,2012-03-03,7788984844,2012-11-23,2012-12-23,68,No,2012-12-16,Electronic,23,0,On Time,On Time,2012-11-01,1
391,6708-DPYTF,2012-08-02,7790893341,2012-05-23,2012-06-22,79.59,No,2012-07-05,Paper,43,13,Late,8–14 Days Late,2012-05-01,3
406,3448-OWJOT,2012-09-15,7792341685,2013-01-01,2013-01-31,71.35,Yes,2013-02-04,Electronic,34,4,Late,1–7 Days Late,2013-01-01,2
897,9883-SDWFS,2013-07-08,7793237120,2012-11-08,2012-12-08,11.44,Yes,2013-01-01,Paper,54,24,Late,15–30 Days Late,2012-11-01,4
897,3271-YDPUJ,2013-04-02,7795526633,2013-04-06,2013-05-06,27.95,No,2013-04-28,Electronic,22,0,On Time,On Time,2013-04-01,1
406,5284-DJOZO,2012-09-11,7802365347,2012-04-09,2012-05-09,69.8,No,2012-04-23,Paper,14,0,On Time,On Time,2012-04-01,1
391,3569-VJWXS,2013-04-09,7807904455,2013-08-01,2013-08-31,64.19,Yes,2013-08-26,Electronic,25,0,On Time,On Time,2013-08-01,1
770,3831-FXWYK,2013-03-08,7809215596,2012-12-27,2013-01-26,71.85,No,2013-02-01,Paper,36,6,Late,1–7 Days Late,2012-12-01,2
391,2820-XGXSB,2012-01-26,7821939794,2012-02-13,2012-03-14,70.45,No,2012-02-17,Electronic,4,0,On Time,On Time,2012-02-01,1
897,1168-BEASA,2013-11-06,7829407127,2012-09-05,2012-10-05,61.46,No,2012-10-03,Paper,28,0,On Time,On Time,2012-09-01,1
770,9149-MATVB,2013-04-30,7830094350,2013-09-21,2013-10-21,42.17,No,2013-10-14,Electronic,23,0,On Time,On Time,2013-09-01,1
818,9181-HEKGV,2013-10-16,7832843148,2012-06-14,2012-07-14,78.67,Yes,2012-08-07,Paper,54,24,Late,15–30 Days Late,2012-06-01,4
770,3831-FXWYK,2013-03-08,7832966824,2012-02-10,2012-03-11,64.54,No,2012-03-22,Paper,41,11,Late,8–14 Days Late,2012-02-01,3
818,5148-SYKLB,2013-08-28,7837870930,2012-09-21,2012-10-21,73.69,Yes,2012-11-07,Paper,47,17,Late,15–30 Days Late,2012-09-01,4
897,8690-EEBEO,2012-12-05,7838596678,2013-08-19,2013-09-18,36.26,No,2013-09-25,Electronic,37,7,Late,1–7 Days Late,2013-08-01,2
770,0465-DTULQ,2013-03-04,7839294116,2012-01-09,2012-02-08,40.22,No,2012-02-13,Paper,35,5,Late,1–7 Days Late,2012-01-01,2
391,2125-HJDLA,2012-05-22,7845388340,2013-04-24,2013-05-24,39.25,No,2013-05-28,Electronic,34,4,Late,1–7 Days Late,2013-04-01,2
391,0709-LZRJV,2013-06-20,7851279717,2013-10-15,2013-11-14,61.29,No,2013-11-06,Electronic,22,0,On Time,On Time,2013-10-01,1
897,8690-EEBEO,2012-12-05,7854660723,2013-04-09,2013-05-09,84.6,No,2013-05-16,Electronic,37,7,Late,1–7 Days Late,2013-04-01,2
406,1447-YZKCL,2012-08-10,7859471043,2012-07-24,2012-08-23,79.39,No,2012-09-01,Paper,39,9,Late,8–14 Days Late,2012-07-01,3
391,7209-MDWKR,2013-10-09,7861925284,2013-05-22,2013-06-21,49.37,No,2013-07-02,Paper,41,11,Late,8–14 Days Late,2013-05-01,3
391,5920-DPXLN,2012-11-11,7862469216,2012-11-18,2012-12-18,56.02,No,2012-12-10,Electronic,22,0,On Time,On Time,2012-11-01,1
406,5284-DJOZO,2012-09-11,7864694123,2012-07-30,2012-08-29,67.8,No,2012-08-15,Paper,16,0,On Time,On Time,2012-07-01,1
391,3569-VJWXS,2013-04-09,7866551143,2012-02-17,2012-03-18,51.07,No,2012-03-11,Paper,23,0,On Time,On Time,2012-02-01,1
406,6048-QPZCF,2012-07-13,7867299622,2012-01-21,2012-02-20,72.06,No,2012-01-31,Paper,10,0,On Time,On Time,2012-01-01,1
818,5148-SYKLB,2013-08-28,7867318195,2012-01-16,2012-02-15,74.01,No,2012-02-01,Paper,16,0,On Time,On Time,2012-01-01,1
406,4651-PMEXQ,2012-07-04,7871204146,2012-02-14,2012-03-15,83.09,No,2012-03-13,Paper,28,0,On Time,On Time,2012-02-01,1
818,8887-NCUZC,2013-01-22,7873704598,2012-03-29,2012-04-28,10.47,No,2012-04-27,Paper,29,0,On Time,On Time,2012-03-01,1
406,8389-TCXFQ,2012-08-24,7876340954,2012-06-05,2012-07-05,38.73,Yes,2012-07-12,Paper,37,7,Late,1–7 Days Late,2012-06-01,2
406,9771-QTLGZ,2012-12-10,7880714904,2013-02-09,2013-03-11,61.07,Yes,2013-02-25,Electronic,16,0,On Time,On Time,2013-02-01,1
770,7228-LEPPM,2012-04-30,7881731765,2012-03-13,2012-04-12,46.22,No,2012-04-21,Paper,39,9,Late,8–14 Days Late,2012-03-01,3
897,3676-CQAIF,2013-07-29,7884124958,2012-06-19,2012-07-19,39.74,No,2012-07-21,Paper,32,2,Late,1–7 Days Late,2012-06-01,2
406,9322-YCTQO,2012-04-06,7885181731,2012-02-01,2012-03-02,87.13,No,2012-03-15,Paper,43,13,Late,8–14 Days Late,2012-02-01,3
406,4092-ZAVRG,2012-05-19,7890869729,2012-11-25,2012-12-25,87.71,No,2012-11-30,Electronic,5,0,On Time,On Time,2012-11-01,1
770,2687-XWAMA,2013-04-03,7893242563,2013-03-17,2013-04-16,37.66,No,2013-03-29,Paper,12,0,On Time,On Time,2013-03-01,1
391,0709-LZRJV,2013-06-20,7896000091,2012-12-01,2012-12-31,38.41,Yes,2013-01-16,Paper,46,16,Late,15–30 Days Late,2012-12-01,4
897,9286-VLKMI,2013-02-13,7903274357,2012-08-31,2012-09-30,57.8,No,2012-09-11,Paper,11,0,On Time,On Time,2012-08-01,1
818,8102-ABPKQ,2013-08-29,7913946826,2013-06-27,2013-07-27,48.45,Yes,2013-08-22,Paper,56,26,Late,15–30 Days Late,2013-06-01,4
818,5613-UHVMG,2012-05-31,7914349615,2013-07-10,2013-08-09,65.6,No,2013-08-08,Electronic,29,0,On Time,On Time,2013-07-01,1
818,7946-HJDUR,2012-02-21,7932116400,2013-02-07,2013-03-09,38.86,No,2013-03-14,Electronic,35,5,Late,1–7 Days Late,2013-02-01,2
897,3271-YDPUJ,2013-04-02,7934803012,2012-10-17,2012-11-16,63.96,Yes,2012-11-28,Paper,42,12,Late,8–14 Days Late,2012-10-01,3
770,7260-ZHAKS,2012-06-17,7935547980,2012-12-08,2013-01-07,66.27,No,2012-12-30,Electronic,22,0,On Time,On Time,2012-12-01,1
770,9928-IJYBQ,2012-03-18,7939830476,2012-07-18,2012-08-17,67.79,Yes,2012-09-09,Electronic,53,23,Late,15–30 Days Late,2012-07-01,4
406,4640-FGEJI,2013-04-04,7942175485,2012-12-04,2013-01-03,78.12,Yes,2013-01-12,Paper,39,9,Late,8–14 Days Late,2012-12-01,3
818,9181-HEKGV,2013-10-16,7948353278,2012-01-29,2012-02-28,59.08,Yes,2012-03-19,Paper,50,20,Late,15–30 Days Late,2012-01-01,4
406,9725-EZTEJ,2012-03-17,7949028171,2012-05-15,2012-06-14,76.27,Yes,2012-06-17,Electronic,33,3,Late,1–7 Days Late,2012-05-01,2
770,7856-ODQFO,2012-08-05,7949269803,2012-10-07,2012-11-06,44.83,No,2012-10-23,Electronic,16,0,On Time,On Time,2012-10-01,1
391,9212-BTDMX,2012-04-22,7952881452,2013-07-04,2013-08-03,38.96,No,2013-07-17,Electronic,13,0,On Time,On Time,2013-07-01,1
770,7228-LEPPM,2012-04-30,7957459350,2013-08-01,2013-08-31,55.8,No,2013-09-16,Electronic,46,16,Late,15–30 Days Late,2013-08-01,4
818,3568-JJMFW,2012-01-09,7957903409,2013-11-15,2013-12-15,82.29,No,2013-11-20,Electronic,5,0,On Time,On Time,2013-11-01,1
770,7758-WKLVM,2012-02-06,7958057215,2013-07-30,2013-08-29,65.59,Yes,2013-09-24,Electronic,56,26,Late,15–30 Days Late,2013-07-01,4
897,9286-VLKMI,2013-02-13,7961973380,2013-10-22,2013-11-21,41.64,No,2013-10-24,Electronic,2,0,On Time,On Time,2013-10-01,1
391,8820-BLYDZ,2013-03-19,7976742421,2012-07-06,2012-08-05,54.33,No,2012-07-17,Paper,11,0,On Time,On Time,2012-07-01,1
770,5592-UQXSS,2012-12-31,7977041657,2012-06-13,2012-07-13,43.52,No,2012-07-17,Paper,34,4,Late,1–7 Days Late,2012-06-01,2
897,7654-DOLHO,2012-04-04,7977287829,2012-09-29,2012-10-29,46.41,No,2012-10-23,Electronic,24,0,On Time,On Time,2012-09-01,1
770,7228-LEPPM,2012-04-30,7979390388,2012-10-22,2012-11-21,34.49,No,2012-12-02,Electronic,41,11,Late,8–14 Days Late,2012-10-01,3
391,3598-DNURW,2012-08-29,7987067619,2012-03-06,2012-04-05,67.83,No,2012-03-28,Paper,22,0,On Time,On Time,2012-03-01,1
897,7654-DOLHO,2012-04-04,7987083569,2012-07-21,2012-08-20,17.37,No,2012-08-20,Electronic,30,0,On Time,On Time,2012-07-01,1
770,9149-MATVB,2013-04-30,7991968212,2013-01-18,2013-02-17,72.95,No,2013-02-08,Paper,21,0,On Time,On Time,2013-01-01,1
406,7938-EVASK,2012-12-15,7992662919,2013-05-29,2013-06-28,56.85,No,2013-07-02,Electronic,34,4,Late,1–7 Days Late,2013-05-01,2
391,6708-DPYTF,2012-08-02,7992871769,2013-10-03,2013-11-02,99.22,No,2013-11-17,Electronic,45,15,Late,15–30 Days Late,2013-10-01,4
391,3598-DNURW,2012-08-29,7993778070,2012-08-14,2012-09-13,50.66,No,2012-09-10,Paper,27,0,On Time,On Time,2012-08-01,1
897,9460-VAZGD,2013-08-10,8009169493,2012-01-14,2012-02-13,65.9,No,2012-02-03,Paper,20,0,On Time,On Time,2012-01-01,1
897,1168-BEASA,2013-11-06,8011401581,2012-02-29,2012-03-30,24.63,No,2012-03-21,Paper,21,0,On Time,On Time,2012-02-01,1
818,8887-NCUZC,2013-01-22,8016290722,2012-12-01,2012-12-31,30.8,No,2013-01-09,Paper,39,9,Late,8–14 Days Late,2012-12-01,3
391,0709-LZRJV,2013-06-20,8017340942,2013-04-23,2013-05-23,19.53,No,2013-05-21,Paper,28,0,On Time,On Time,2013-04-01,1
391,7841-HROAQ,2013-09-15,8019405718,2013-06-06,2013-07-06,47.99,Yes,2013-07-11,Paper,35,5,Late,1–7 Days Late,2013-06-01,2
818,2824-HJQPP,2013-09-04,8024350758,2012-09-04,2012-10-04,44.51,No,2012-09-28,Paper,24,0,On Time,On Time,2012-09-01,1
391,2676-DZINU,2012-10-19,8026688554,2013-02-14,2013-03-16,60.72,No,2013-02-23,Electronic,9,0,On Time,On Time,2013-02-01,1
818,1604-LIFKX,2013-03-16,8030080145,2012-07-02,2012-08-01,87.16,No,2012-08-06,Paper,35,5,Late,1–7 Days Late,2012-07-01,2
391,0379-NEVHP,2013-04-06,8033892101,2013-04-03,2013-05-03,74.34,No,2013-04-19,Paper,16,0,On Time,On Time,2013-04-01,1
391,2423-QOKIO,2013-05-11,8035927112,2013-03-14,2013-04-13,48.27,No,2013-04-10,Paper,27,0,On Time,On Time,2013-03-01,1
770,2687-XWAMA,2013-04-03,8044630018,2012-07-13,2012-08-12,46.68,No,2012-07-30,Paper,17,0,On Time,On Time,2012-07-01,1
391,9174-IYKOC,2012-11-27,8052943053,2013-11-27,2013-12-27,71.6,No,2013-12-18,Electronic,21,0,On Time,On Time,2013-11-01,1
770,2026-XLBER,2012-11-12,8056734091,2012-09-14,2012-10-14,50.87,No,2012-10-03,Paper,19,0,On Time,On Time,2012-09-01,1
770,2026-XLBER,2012-11-12,8057232722,2012-01-09,2012-02-08,83.12,No,2012-01-30,Paper,21,0,On Time,On Time,2012-01-01,1
406,6833-ETVHD,2012-04-30,8061367328,2012-06-06,2012-07-06,82.79,No,2012-06-18,Electronic,12,0,On Time,On Time,2012-06-01,1
406,9758-AIEIK,2012-04-23,8062397322,2013-09-14,2013-10-14,69.65,No,2013-10-01,Electronic,17,0,On Time,On Time,2013-09-01,1
391,9014-WENVB,2013-08-03,8066534559,2013-09-26,2013-10-26,64.95,No,2013-10-19,Electronic,23,0,On Time,On Time,2013-09-01,1
897,9286-VLKMI,2013-02-13,8066734147,2012-06-04,2012-07-04,41.71,No,2012-06-16,Paper,12,0,On Time,On Time,2012-06-01,1
818,6627-ELFBK,2012-11-26,8075572741,2013-02-01,2013-03-03,69.59,Yes,2013-03-09,Electronic,36,6,Late,1–7 Days Late,2013-02-01,2
818,8102-ABPKQ,2013-08-29,8077742155,2012-07-31,2012-08-30,55.5,Yes,2012-09-13,Paper,44,14,Late,8–14 Days Late,2012-07-01,3
391,8820-BLYDZ,2013-03-19,8081319512,2012-01-06,2012-02-05,78.05,No,2012-01-16,Paper,10,0,On Time,On Time,2012-01-01,1
406,4651-PMEXQ,2012-07-04,8082355258,2012-07-12,2012-08-11,68.84,No,2012-08-03,Electronic,22,0,On Time,On Time,2012-07-01,1
406,4092-ZAVRG,2012-05-19,8082796197,2013-02-06,2013-03-08,82.93,No,2013-02-10,Electronic,4,0,On Time,On Time,2013-02-01,1
818,3271-HYHDN,2013-04-28,8086151417,2013-01-09,2013-02-08,49.85,No,2013-01-12,Paper,3,0,On Time,On Time,2013-01-01,1
391,9841-XLGBV,2013-01-03,8088935090,2012-12-20,2013-01-19,50.03,No,2013-01-23,Paper,34,4,Late,1–7 Days Late,2012-12-01,2
391,6708-DPYTF,2012-08-02,8097727269,2012-07-11,2012-08-10,69,No,2012-08-13,Paper,33,3,Late,1–7 Days Late,2012-07-01,2
406,4632-QZOKX,2013-03-19,8099860445,2012-07-23,2012-08-22,52.71,Yes,2012-08-25,Paper,33,3,Late,1–7 Days Late,2012-07-01,2
897,1408-OQZUE,2012-09-14,8099966017,2013-06-21,2013-07-21,36.78,Yes,2013-08-04,Electronic,44,14,Late,8–14 Days Late,2013-06-01,3
770,6831-FIODB,2013-05-08,8106002715,2013-01-20,2013-02-19,17.44,No,2013-02-20,Paper,31,1,Late,1–7 Days Late,2013-01-01,2
391,6708-DPYTF,2012-08-02,8111779828,2013-10-24,2013-11-23,93.24,No,2013-12-03,Electronic,40,10,Late,8–14 Days Late,2013-10-01,3
897,9286-VLKMI,2013-02-13,8119664084,2013-09-29,2013-10-29,47.32,No,2013-09-30,Electronic,1,0,On Time,On Time,2013-09-01,1
818,6627-ELFBK,2012-11-26,8130568082,2012-04-06,2012-05-06,67.3,No,2012-05-01,Paper,25,0,On Time,On Time,2012-04-01,1
406,8976-AMJEO,2012-03-03,8131076647,2012-12-08,2013-01-07,68.72,No,2013-01-02,Electronic,25,0,On Time,On Time,2012-12-01,1
406,7600-OISKG,2013-07-19,8131192839,2012-09-16,2012-10-16,60.95,Yes,2012-10-25,Paper,39,9,Late,8–14 Days Late,2012-09-01,3
406,9758-AIEIK,2012-04-23,8136944092,2012-03-23,2012-04-22,37.39,No,2012-04-20,Paper,28,0,On Time,On Time,2012-03-01,1
406,1447-YZKCL,2012-08-10,8137093063,2013-08-22,2013-09-21,78.69,No,2013-09-26,Electronic,35,5,Late,1–7 Days Late,2013-08-01,2
897,3676-CQAIF,2013-07-29,8140634585,2013-07-06,2013-08-05,24.9,No,2013-08-07,Paper,32,2,Late,1–7 Days Late,2013-07-01,2
818,9181-HEKGV,2013-10-16,8143888831,2012-02-16,2012-03-17,64.02,No,2012-03-16,Paper,29,0,On Time,On Time,2012-02-01,1
897,7654-DOLHO,2012-04-04,8144548869,2012-05-16,2012-06-15,36.2,No,2012-06-06,Electronic,21,0,On Time,On Time,2012-05-01,1
897,8690-EEBEO,2012-12-05,8146803755,2012-01-29,2012-02-28,49.83,No,2012-03-06,Paper,37,7,Late,1–7 Days Late,2012-01-01,2
770,5592-UQXSS,2012-12-31,8147753421,2012-06-21,2012-07-21,8.22,No,2012-07-07,Paper,16,0,On Time,On Time,2012-06-01,1
897,1168-BEASA,2013-11-06,8147793831,2013-02-03,2013-03-05,20.65,No,2013-02-21,Paper,18,0,On Time,On Time,2013-02-01,1
406,4632-QZOKX,2013-03-19,8148770791,2013-10-21,2013-11-20,36.28,Yes,2013-12-04,Electronic,44,14,Late,8–14 Days Late,2013-10-01,3
770,7050-KQLDO,2012-09-29,8149632060,2013-03-18,2013-04-17,88.33,No,2013-04-12,Electronic,25,0,On Time,On Time,2013-03-01,1
770,6831-FIODB,2013-05-08,8156321502,2012-08-27,2012-09-26,52.08,No,2012-09-24,Paper,28,0,On Time,On Time,2012-08-01,1
818,3568-JJMFW,2012-01-09,8158808494,2012-02-21,2012-03-22,56.21,Yes,2012-03-10,Electronic,18,0,On Time,On Time,2012-02-01,1
406,9758-AIEIK,2012-04-23,8161191244,2013-07-13,2013-08-12,109.79,Yes,2013-08-16,Electronic,34,4,Late,1–7 Days Late,2013-07-01,2
818,6627-ELFBK,2012-11-26,8164212163,2013-04-30,2013-05-30,27.41,Yes,2013-06-06,Electronic,37,7,Late,1–7 Days Late,2013-04-01,2
406,3448-OWJOT,2012-09-15,8164224319,2012-04-01,2012-05-01,72.78,Yes,2012-05-11,Paper,40,10,Late,8–14 Days Late,2012-04-01,3
897,8690-EEBEO,2012-12-05,8164708697,2012-04-24,2012-05-24,52.8,No,2012-05-30,Paper,36,6,Late,1–7 Days Late,2012-04-01,2
391,2125-HJDLA,2012-05-22,8165388862,2013-09-22,2013-10-22,42.46,No,2013-11-01,Electronic,40,10,Late,8–14 Days Late,2013-09-01,3
406,9758-AIEIK,2012-04-23,8166776603,2012-01-31,2012-03-01,81.13,No,2012-02-20,Paper,20,0,On Time,On Time,2012-01-01,1
770,7856-ODQFO,2012-08-05,8184291649,2013-04-07,2013-05-07,9.47,No,2013-04-27,Electronic,20,0,On Time,On Time,2013-04-01,1
770,2026-XLBER,2012-11-12,8193327667,2012-07-14,2012-08-13,57.7,No,2012-07-31,Paper,17,0,On Time,On Time,2012-07-01,1
391,1080-NDGAE,2012-09-28,8193630211,2012-03-10,2012-04-09,85.82,Yes,2012-04-14,Paper,35,5,Late,1–7 Days Late,2012-03-01,2
406,8389-TCXFQ,2012-08-24,8193753679,2012-08-04,2012-09-03,69.65,Yes,2012-09-13,Paper,40,10,Late,8–14 Days Late,2012-08-01,3
770,6077-FDQRK,2012-09-11,8200853537,2012-11-14,2012-12-14,60.66,No,2012-11-29,Electronic,15,0,On Time,On Time,2012-11-01,1
391,2820-XGXSB,2012-01-26,8203817830,2012-03-23,2012-04-22,92.34,No,2012-03-28,Electronic,5,0,On Time,On Time,2012-03-01,1
770,2026-XLBER,2012-11-12,8207456004,2012-03-09,2012-04-08,18.57,No,2012-04-01,Paper,23,0,On Time,On Time,2012-03-01,1
897,1168-BEASA,2013-11-06,8223221939,2012-11-16,2012-12-16,84.22,Yes,2012-12-28,Paper,42,12,Late,8–14 Days Late,2012-11-01,3
770,7260-ZHAKS,2012-06-17,8227346978,2013-01-30,2013-03-01,53.71,No,2013-02-25,Electronic,26,0,On Time,On Time,2013-01-01,1
818,3271-HYHDN,2013-04-28,8240701264,2013-01-05,2013-02-04,46.1,No,2013-01-12,Paper,7,0,On Time,On Time,2013-01-01,1
391,9014-WENVB,2013-08-03,8240803259,2012-06-20,2012-07-20,67.07,No,2012-07-20,Paper,30,0,On Time,On Time,2012-06-01,1
391,8156-PCYBM,2012-03-03,8243963846,2012-03-04,2012-04-03,59.3,No,2012-03-31,Electronic,27,0,On Time,On Time,2012-03-01,1
770,6077-FDQRK,2012-09-11,8244116210,2012-08-06,2012-09-05,47.35,No,2012-08-28,Paper,22,0,On Time,On Time,2012-08-01,1
770,9149-MATVB,2013-04-30,8249581875,2013-12-02,2014-01-01,38.5,No,2013-12-16,Electronic,14,0,On Time,On Time,2013-12-01,1
391,2820-XGXSB,2012-01-26,8252449224,2012-12-18,2013-01-17,108.68,No,2012-12-22,Electronic,4,0,On Time,On Time,2012-12-01,1
818,8102-ABPKQ,2013-08-29,8258508334,2012-07-25,2012-08-24,61.39,Yes,2012-09-04,Paper,41,11,Late,8–14 Days Late,2012-07-01,3
406,9725-EZTEJ,2012-03-17,8260736009,2012-10-22,2012-11-21,93.24,Yes,2012-11-11,Electronic,20,0,On Time,On Time,2012-10-01,1
770,7228-LEPPM,2012-04-30,8262359020,2013-01-16,2013-02-15,47.74,No,2013-02-26,Electronic,41,11,Late,8–14 Days Late,2013-01-01,3
897,6391-GBFQJ,2013-11-25,8269617897,2013-07-28,2013-08-27,41.79,No,2013-08-12,Paper,15,0,On Time,On Time,2013-07-01,1
391,6632-CGYHU,2013-01-08,8273477766,2012-01-29,2012-02-28,51.13,No,2012-02-21,Paper,23,0,On Time,On Time,2012-01-01,1
391,9174-IYKOC,2012-11-27,8273521159,2013-08-17,2013-09-16,57.6,No,2013-09-06,Electronic,20,0,On Time,On Time,2013-08-01,1
391,9212-BTDMX,2012-04-22,8276169596,2013-06-12,2013-07-12,53.19,No,2013-06-28,Electronic,16,0,On Time,On Time,2013-06-01,1
391,7841-HROAQ,2013-09-15,8277025756,2012-12-02,2013-01-01,84.74,No,2013-01-08,Paper,37,7,Late,1–7 Days Late,2012-12-01,2
391,2820-XGXSB,2012-01-26,8282397668,2013-08-22,2013-09-21,102.67,No,2013-08-29,Electronic,7,0,On Time,On Time,2013-08-01,1
391,7209-MDWKR,2013-10-09,8284200295,2013-08-11,2013-09-10,90.42,No,2013-09-12,Paper,32,2,Late,1–7 Days Late,2013-08-01,2
406,6833-ETVHD,2012-04-30,8292540307,2013-08-12,2013-09-11,75.88,No,2013-09-02,Electronic,21,0,On Time,On Time,2013-08-01,1
406,7600-OISKG,2013-07-19,8301490239,2012-11-30,2012-12-30,40.23,Yes,2012-12-26,Paper,26,0,On Time,On Time,2012-11-01,1
770,0465-DTULQ,2013-03-04,8301711992,2013-07-29,2013-08-28,83.36,Yes,2013-08-26,Electronic,28,0,On Time,On Time,2013-07-01,1
406,9322-YCTQO,2012-04-06,8315488143,2013-01-08,2013-02-07,89.98,No,2013-02-11,Electronic,34,4,Late,1–7 Days Late,2013-01-01,2
391,2423-QOKIO,2013-05-11,8317322623,2013-04-23,2013-05-23,74.98,No,2013-05-28,Paper,35,5,Late,1–7 Days Late,2013-04-01,2
770,6831-FIODB,2013-05-08,8329193507,2013-08-08,2013-09-07,43.2,No,2013-08-26,Electronic,18,0,On Time,On Time,2013-08-01,1
406,5164-VMYWJ,2013-11-27,8336544833,2013-08-10,2013-09-09,45.49,No,2013-09-01,Paper,22,0,On Time,On Time,2013-08-01,1
391,3598-DNURW,2012-08-29,8342469093,2012-11-16,2012-12-16,46.07,No,2012-11-23,Electronic,7,0,On Time,On Time,2012-11-01,1
391,7209-MDWKR,2013-10-09,8343505064,2012-12-16,2013-01-15,61.2,No,2013-01-15,Paper,30,0,On Time,On Time,2012-12-01,1
770,3993-QUNVJ,2012-12-31,8346126237,2013-10-31,2013-11-30,61.43,No,2013-11-05,Electronic,5,0,On Time,On Time,2013-10-01,1
770,7228-LEPPM,2012-04-30,8346602190,2012-08-07,2012-09-06,60.58,No,2012-09-10,Electronic,34,4,Late,1–7 Days Late,2012-08-01,2
391,0187-ERLSR,2013-07-31,8350497297,2013-03-16,2013-04-15,73.27,Yes,2013-04-04,Paper,19,0,On Time,On Time,2013-03-01,1
391,6708-DPYTF,2012-08-02,8365287542,2012-08-01,2012-08-31,57.69,No,2012-09-08,Paper,38,8,Late,8–14 Days Late,2012-08-01,3
406,8389-TCXFQ,2012-08-24,8365605418,2013-06-06,2013-07-06,65.16,No,2013-06-14,Electronic,8,0,On Time,On Time,2013-06-01,1
406,8389-TCXFQ,2012-08-24,8374209501,2012-06-01,2012-07-01,83.68,Yes,2012-07-08,Paper,37,7,Late,1–7 Days Late,2012-06-01,2
897,9250-VHLWY,2013-06-03,8375759964,2012-05-24,2012-06-23,36.83,No,2012-06-17,Paper,24,0,On Time,On Time,2012-05-01,1
406,0783-PEPYR,2013-11-27,8382421151,2012-09-30,2012-10-30,87.36,Yes,2012-11-18,Paper,49,19,Late,15–30 Days Late,2012-09-01,4
391,0379-NEVHP,2013-04-06,8385411888,2013-02-17,2013-03-19,79.25,No,2013-03-11,Paper,22,0,On Time,On Time,2013-02-01,1
897,1408-OQZUE,2012-09-14,8389404239,2013-04-11,2013-05-11,44.06,No,2013-05-11,Electronic,30,0,On Time,On Time,2013-04-01,1
897,9250-VHLWY,2013-06-03,8389561226,2012-03-24,2012-04-23,53.67,No,2012-04-17,Paper,24,0,On Time,On Time,2012-03-01,1
818,8102-ABPKQ,2013-08-29,8390889307,2012-09-23,2012-10-23,67.92,Yes,2012-11-06,Paper,44,14,Late,8–14 Days Late,2012-09-01,3
391,2820-XGXSB,2012-01-26,8391160851,2012-08-25,2012-09-24,74.53,No,2012-09-01,Electronic,7,0,On Time,On Time,2012-08-01,1
406,5573-KSOIA,2013-09-30,8391971820,2012-01-20,2012-02-19,70.91,No,2012-02-23,Paper,34,4,Late,1–7 Days Late,2012-01-01,2
406,3448-OWJOT,2012-09-15,8394111674,2013-07-10,2013-08-09,78.88,Yes,2013-07-31,Electronic,21,0,On Time,On Time,2013-07-01,1
406,7938-EVASK,2012-12-15,8400290228,2012-07-13,2012-08-12,88.31,No,2012-08-28,Paper,46,16,Late,15–30 Days Late,2012-07-01,4
406,1447-YZKCL,2012-08-10,8401420623,2013-07-19,2013-08-18,116.66,Yes,2013-08-28,Electronic,40,10,Late,8–14 Days Late,2013-07-01,3
897,3271-YDPUJ,2013-04-02,8412636726,2012-02-04,2012-03-05,43.29,No,2012-02-28,Paper,24,0,On Time,On Time,2012-02-01,1
770,0706-NRGUP,2013-04-09,8419584909,2013-02-07,2013-03-09,26.49,No,2013-03-16,Paper,37,7,Late,1–7 Days Late,2013-02-01,2
406,9117-LYRCE,2013-07-05,8420453376,2012-10-11,2012-11-10,86.6,No,2012-11-13,Paper,33,3,Late,1–7 Days Late,2012-10-01,2
897,6391-GBFQJ,2013-11-25,8426420017,2013-01-31,2013-03-02,15.48,No,2013-02-12,Paper,12,0,On Time,On Time,2013-01-01,1
406,1447-YZKCL,2012-08-10,8427086210,2013-10-30,2013-11-29,87.27,No,2013-12-05,Electronic,36,6,Late,1–7 Days Late,2013-10-01,2
391,9174-IYKOC,2012-11-27,8428274862,2013-04-07,2013-05-07,77.01,No,2013-04-29,Electronic,22,0,On Time,On Time,2013-04-01,1
391,5920-DPXLN,2012-11-11,8429016073,2012-10-25,2012-11-24,40.55,No,2012-11-21,Paper,27,0,On Time,On Time,2012-10-01,1
818,7946-HJDUR,2012-02-21,8429898953,2012-09-12,2012-10-12,51,No,2012-10-05,Electronic,23,0,On Time,On Time,2012-09-01,1
770,2687-XWAMA,2013-04-03,8444345875,2012-02-27,2012-03-28,41.71,No,2012-03-11,Paper,13,0,On Time,On Time,2012-02-01,1
818,8102-ABPKQ,2013-08-29,8447618970,2013-06-18,2013-07-18,64.59,Yes,2013-08-06,Paper,49,19,Late,15–30 Days Late,2013-06-01,4
770,0706-NRGUP,2013-04-09,8449889683,2012-11-14,2012-12-14,20.61,No,2012-12-09,Paper,25,0,On Time,On Time,2012-11-01,1
818,7946-HJDUR,2012-02-21,8450356834,2013-03-09,2013-04-08,50.21,No,2013-04-08,Electronic,30,0,On Time,On Time,2013-03-01,1
406,4632-QZOKX,2013-03-19,8455537995,2013-09-02,2013-10-02,47.24,Yes,2013-09-28,Electronic,26,0,On Time,On Time,2013-09-01,1
406,0783-PEPYR,2013-11-27,8456442808,2013-07-05,2013-08-04,49.56,No,2013-08-16,Paper,42,12,Late,8–14 Days Late,2013-07-01,3
406,4640-FGEJI,2013-04-04,8459323044,2013-01-14,2013-02-13,40.13,No,2013-02-17,Paper,34,4,Late,1–7 Days Late,2013-01-01,2
770,0465-DTULQ,2013-03-04,8461427104,2013-01-11,2013-02-10,52.14,Yes,2013-02-20,Paper,40,10,Late,8–14 Days Late,2013-01-01,3
818,2824-HJQPP,2013-09-04,8462827944,2013-04-01,2013-05-01,52.4,No,2013-04-18,Paper,17,0,On Time,On Time,2013-04-01,1
818,7695-NKUXM,2012-11-21,8464039248,2013-06-30,2013-07-30,63.05,No,2013-07-03,Electronic,3,0,On Time,On Time,2013-06-01,1
897,3271-YDPUJ,2013-04-02,8466153246,2012-06-03,2012-07-03,35.3,No,2012-07-03,Paper,30,0,On Time,On Time,2012-06-01,1
406,5164-VMYWJ,2013-11-27,8467769345,2012-07-28,2012-08-27,86.76,Yes,2012-09-15,Paper,49,19,Late,15–30 Days Late,2012-07-01,4
897,7372-CESLR,2013-01-11,8469604228,2013-06-08,2013-07-08,46.34,No,2013-06-21,Electronic,13,0,On Time,On Time,2013-06-01,1
897,6177-VTITE,2012-10-26,8471061442,2012-11-24,2012-12-24,19.06,Yes,2012-12-09,Electronic,15,0,On Time,On Time,2012-11-01,1
897,9286-VLKMI,2013-02-13,8471592455,2012-12-30,2013-01-29,51.96,No,2013-01-04,Paper,5,0,On Time,On Time,2012-12-01,1
391,9014-WENVB,2013-08-03,8473757844,2013-06-05,2013-07-05,26.13,No,2013-07-13,Paper,38,8,Late,8–14 Days Late,2013-06-01,3
406,6048-QPZCF,2012-07-13,8478661655,2013-09-24,2013-10-24,54.37,No,2013-09-29,Electronic,5,0,On Time,On Time,2013-09-01,1
897,7654-DOLHO,2012-04-04,8482497127,2013-04-12,2013-05-12,16.06,No,2013-05-07,Electronic,25,0,On Time,On Time,2013-04-01,1
406,4092-ZAVRG,2012-05-19,8483378519,2012-01-04,2012-02-03,75.21,No,2012-01-13,Paper,9,0,On Time,On Time,2012-01-01,1
770,0465-DTULQ,2013-03-04,8488549558,2012-04-28,2012-05-28,43.62,Yes,2012-06-12,Paper,45,15,Late,15–30 Days Late,2012-04-01,4
818,7695-NKUXM,2012-11-21,8489952796,2013-06-22,2013-07-22,53.19,No,2013-06-25,Electronic,3,0,On Time,On Time,2013-06-01,1
897,0688-XNJRO,2012-06-24,8493182849,2012-01-18,2012-02-17,18.03,No,2012-03-22,Paper,64,34,Late,Over 30 Days Late,2012-01-01,5
406,8389-TCXFQ,2012-08-24,8502171486,2013-11-30,2013-12-30,73.6,Yes,2014-01-07,Electronic,38,8,Late,8–14 Days Late,2013-11-01,3
770,2026-XLBER,2012-11-12,8503873648,2012-10-29,2012-11-28,37.87,No,2012-11-11,Paper,13,0,On Time,On Time,2012-10-01,1
770,6077-FDQRK,2012-09-11,8513935149,2012-08-04,2012-09-03,30.14,No,2012-08-30,Paper,26,0,On Time,On Time,2012-08-01,1
406,6048-QPZCF,2012-07-13,8514889441,2013-02-10,2013-03-12,92.14,Yes,2013-02-22,Electronic,12,0,On Time,On Time,2013-02-01,1
406,8976-AMJEO,2012-03-03,8517033976,2013-03-21,2013-04-20,70.99,No,2013-04-23,Electronic,33,3,Late,1–7 Days Late,2013-03-01,2
818,5613-UHVMG,2012-05-31,8523083533,2012-09-12,2012-10-12,41.12,Yes,2012-10-21,Electronic,39,9,Late,8–14 Days Late,2012-09-01,3
770,2687-XWAMA,2013-04-03,8527409222,2012-05-19,2012-06-18,67.97,No,2012-05-31,Paper,12,0,On Time,On Time,2012-05-01,1
897,0688-XNJRO,2012-06-24,8528877072,2012-01-12,2012-02-11,64.19,No,2012-02-24,Paper,43,13,Late,8–14 Days Late,2012-01-01,3
770,4460-ZXNDN,2013-06-27,8548423449,2012-06-09,2012-07-09,51.6,No,2012-07-23,Paper,44,14,Late,8–14 Days Late,2012-06-01,3
818,2824-HJQPP,2013-09-04,8551131035,2012-11-19,2012-12-19,86.87,No,2012-12-08,Paper,19,0,On Time,On Time,2012-11-01,1
770,9149-MATVB,2013-04-30,8553422918,2013-11-26,2013-12-26,51.42,No,2013-12-18,Electronic,22,0,On Time,On Time,2013-11-01,1
897,8942-ERSWK,2013-01-11,8564835935,2013-10-27,2013-11-26,9.53,No,2013-11-01,Electronic,5,0,On Time,On Time,2013-10-01,1
770,9323-NDIOV,2012-07-09,8568370573,2012-01-18,2012-02-17,56.55,Yes,2012-03-12,Paper,54,24,Late,15–30 Days Late,2012-01-01,4
391,0709-LZRJV,2013-06-20,8575598490,2012-07-13,2012-08-12,26.98,Yes,2012-08-24,Paper,42,12,Late,8–14 Days Late,2012-07-01,3
897,9250-VHLWY,2013-06-03,8576086686,2012-03-14,2012-04-13,38,No,2012-03-29,Paper,15,0,On Time,On Time,2012-03-01,1
391,6708-DPYTF,2012-08-02,8582366228,2012-09-03,2012-10-03,27.42,No,2012-10-06,Electronic,33,3,Late,1–7 Days Late,2012-09-01,2
897,8942-ERSWK,2013-01-11,8585978960,2013-10-19,2013-11-18,7.39,No,2013-10-29,Electronic,10,0,On Time,On Time,2013-10-01,1
897,9286-VLKMI,2013-02-13,8595337570,2012-08-19,2012-09-18,44.25,No,2012-08-22,Paper,3,0,On Time,On Time,2012-08-01,1
897,3676-CQAIF,2013-07-29,8598688213,2012-02-25,2012-03-26,25.93,No,2012-04-02,Paper,37,7,Late,1–7 Days Late,2012-02-01,2
818,6004-KITZM,2013-09-01,8604269690,2013-08-01,2013-08-31,83.37,No,2013-08-30,Paper,29,0,On Time,On Time,2013-08-01,1
391,1080-NDGAE,2012-09-28,8610241270,2012-03-14,2012-04-13,95.82,No,2012-03-31,Paper,17,0,On Time,On Time,2012-03-01,1
406,5284-DJOZO,2012-09-11,8615012107,2012-01-27,2012-02-26,53.81,No,2012-02-11,Paper,15,0,On Time,On Time,2012-01-01,1
897,3676-CQAIF,2013-07-29,8623313803,2012-02-07,2012-03-08,44.52,No,2012-03-17,Paper,39,9,Late,8–14 Days Late,2012-02-01,3
897,7372-CESLR,2013-01-11,8631854540,2013-04-15,2013-05-15,22.45,No,2013-05-12,Electronic,27,0,On Time,On Time,2013-04-01,1
897,7372-CESLR,2013-01-11,8634528747,2012-09-10,2012-10-10,52.82,No,2012-09-28,Paper,18,0,On Time,On Time,2012-09-01,1
818,7946-HJDUR,2012-02-21,8636390396,2012-03-29,2012-04-28,55.38,No,2012-04-22,Electronic,24,0,On Time,On Time,2012-03-01,1
897,6296-UKEUZ,2012-11-26,8638140916,2012-12-07,2013-01-06,21.42,No,2012-12-08,Electronic,1,0,On Time,On Time,2012-12-01,1
391,3598-DNURW,2012-08-29,8645315959,2012-01-26,2012-02-25,47.02,No,2012-02-09,Paper,14,0,On Time,On Time,2012-01-01,1
770,5592-UQXSS,2012-12-31,8653422623,2013-02-06,2013-03-08,37.22,No,2013-03-03,Electronic,25,0,On Time,On Time,2013-02-01,1
391,9212-BTDMX,2012-04-22,8656503168,2013-05-19,2013-06-18,35.15,No,2013-06-05,Electronic,17,0,On Time,On Time,2013-05-01,1
818,6627-ELFBK,2012-11-26,8659733546,2013-07-01,2013-07-31,57.97,No,2013-07-14,Electronic,13,0,On Time,On Time,2013-07-01,1
897,6296-UKEUZ,2012-11-26,8663805291,2013-03-05,2013-04-04,14.8,No,2013-03-07,Electronic,2,0,On Time,On Time,2013-03-01,1
406,4632-QZOKX,2013-03-19,8664445095,2012-02-21,2012-03-22,76.19,Yes,2012-04-03,Paper,42,12,Late,8–14 Days Late,2012-02-01,3
391,1080-NDGAE,2012-09-28,8673161784,2013-01-15,2013-02-14,100,Yes,2013-02-13,Electronic,29,0,On Time,On Time,2013-01-01,1
897,8690-EEBEO,2012-12-05,8673355331,2013-07-26,2013-08-25,64.18,No,2013-08-26,Electronic,31,1,Late,1–7 Days Late,2013-07-01,2
391,9174-IYKOC,2012-11-27,8675080549,2013-11-24,2013-12-24,51.62,No,2013-12-18,Electronic,24,0,On Time,On Time,2013-11-01,1
391,7329-TWKLF,2013-11-20,8680785503,2013-09-08,2013-10-08,84.5,No,2013-09-23,Paper,15,0,On Time,On Time,2013-09-01,1
391,9212-BTDMX,2012-04-22,8682159283,2012-10-19,2012-11-18,45,No,2012-10-31,Electronic,12,0,On Time,On Time,2012-10-01,1
406,2621-XCLEH,2012-09-24,8691041327,2012-04-16,2012-05-16,74.06,No,2012-05-30,Paper,44,14,Late,8–14 Days Late,2012-04-01,3
391,5196-TWQXF,2012-06-20,8696910353,2012-06-21,2012-07-21,82.34,No,2012-07-04,Electronic,13,0,On Time,On Time,2012-06-01,1
406,4651-PMEXQ,2012-07-04,8701747713,2012-01-09,2012-02-08,100.32,No,2012-02-11,Paper,33,3,Late,1–7 Days Late,2012-01-01,2
406,6833-ETVHD,2012-04-30,8710240010,2012-09-15,2012-10-15,84.17,No,2012-10-02,Electronic,17,0,On Time,On Time,2012-09-01,1
818,6627-ELFBK,2012-11-26,8711368352,2012-11-18,2012-12-18,80.49,Yes,2012-12-25,Paper,37,7,Late,1–7 Days Late,2012-11-01,2
770,7260-ZHAKS,2012-06-17,8711889452,2013-05-17,2013-06-16,55.31,No,2013-06-12,Electronic,26,0,On Time,On Time,2013-05-01,1
818,5613-UHVMG,2012-05-31,8713304663,2012-10-04,2012-11-03,64.59,Yes,2012-11-26,Electronic,53,23,Late,15–30 Days Late,2012-10-01,4
406,5164-VMYWJ,2013-11-27,8718207011,2012-10-25,2012-11-24,65.2,No,2012-11-11,Paper,17,0,On Time,On Time,2012-10-01,1
818,7695-NKUXM,2012-11-21,8718899384,2012-11-20,2012-12-20,38.12,Yes,2012-12-12,Paper,22,0,On Time,On Time,2012-11-01,1
391,6160-HCSFI,2013-01-10,8731613770,2012-01-18,2012-02-17,77.44,No,2012-02-11,Paper,24,0,On Time,On Time,2012-01-01,1
406,9322-YCTQO,2012-04-06,8732544679,2013-07-16,2013-08-15,86.39,No,2013-08-26,Electronic,41,11,Late,8–14 Days Late,2013-07-01,3
406,4632-QZOKX,2013-03-19,8732948590,2012-05-20,2012-06-19,65.77,Yes,2012-06-27,Paper,38,8,Late,8–14 Days Late,2012-05-01,3
391,2423-QOKIO,2013-05-11,8733352411,2013-06-17,2013-07-17,64.21,No,2013-07-03,Electronic,16,0,On Time,On Time,2013-06-01,1
897,7372-CESLR,2013-01-11,8737102611,2013-01-02,2013-02-01,27.5,No,2013-01-27,Paper,25,0,On Time,On Time,2013-01-01,1
391,6708-DPYTF,2012-08-02,8738019739,2012-01-21,2012-02-20,92.19,No,2012-02-19,Paper,29,0,On Time,On Time,2012-01-01,1
391,2820-XGXSB,2012-01-26,8742038745,2012-06-01,2012-07-01,55.91,No,2012-06-07,Electronic,6,0,On Time,On Time,2012-06-01,1
897,0688-XNJRO,2012-06-24,8748260263,2012-12-31,2013-01-30,44.81,No,2013-02-16,Electronic,47,17,Late,15–30 Days Late,2012-12-01,4
770,6831-FIODB,2013-05-08,8765324049,2012-01-16,2012-02-15,62.84,No,2012-02-10,Paper,25,0,On Time,On Time,2012-01-01,1
406,4640-FGEJI,2013-04-04,8772170448,2012-05-22,2012-06-21,59.74,No,2012-06-18,Paper,27,0,On Time,On Time,2012-05-01,1
818,1604-LIFKX,2013-03-16,8780390122,2012-08-17,2012-09-16,87.95,No,2012-09-27,Paper,41,11,Late,8–14 Days Late,2012-08-01,3
818,3568-JJMFW,2012-01-09,8786637235,2013-10-15,2013-11-14,60.71,Yes,2013-11-08,Electronic,24,0,On Time,On Time,2013-10-01,1
406,1447-YZKCL,2012-08-10,8788784425,2012-04-12,2012-05-12,73.29,No,2012-05-18,Paper,36,6,Late,1–7 Days Late,2012-04-01,2
770,3993-QUNVJ,2012-12-31,8788830849,2013-09-03,2013-10-03,84.91,No,2013-09-19,Electronic,16,0,On Time,On Time,2013-09-01,1
391,6160-HCSFI,2013-01-10,8793921356,2013-08-17,2013-09-16,82.91,No,2013-08-28,Electronic,11,0,On Time,On Time,2013-08-01,1
770,3831-FXWYK,2013-03-08,8808258474,2012-11-04,2012-12-04,66.03,No,2012-12-05,Paper,31,1,Late,1–7 Days Late,2012-11-01,2
770,0706-NRGUP,2013-04-09,8810803769,2012-07-23,2012-08-22,29.62,No,2012-08-31,Paper,39,9,Late,8–14 Days Late,2012-07-01,3
391,3598-DNURW,2012-08-29,8813796388,2013-04-26,2013-05-26,57.06,No,2013-05-11,Electronic,15,0,On Time,On Time,2013-04-01,1
770,9323-NDIOV,2012-07-09,8815422174,2013-07-17,2013-08-16,29.42,No,2013-08-10,Electronic,24,0,On Time,On Time,2013-07-01,1
770,7260-ZHAKS,2012-06-17,8820244619,2013-09-12,2013-10-12,19.7,No,2013-10-06,Electronic,24,0,On Time,On Time,2013-09-01,1
770,3993-QUNVJ,2012-12-31,8828293477,2012-08-02,2012-09-01,67.9,No,2012-08-18,Paper,16,0,On Time,On Time,2012-08-01,1
897,1168-BEASA,2013-11-06,8835176664,2012-12-30,2013-01-29,59.86,No,2013-01-25,Paper,26,0,On Time,On Time,2012-12-01,1
406,7245-CKNCN,2012-06-04,8840023232,2012-02-07,2012-03-08,88.89,No,2012-02-29,Paper,22,0,On Time,On Time,2012-02-01,1
406,6833-ETVHD,2012-04-30,8844419761,2013-05-10,2013-06-09,54.69,No,2013-06-01,Electronic,22,0,On Time,On Time,2013-05-01,1
897,9460-VAZGD,2013-08-10,8852045930,2012-04-16,2012-05-16,64.78,No,2012-05-13,Paper,27,0,On Time,On Time,2012-04-01,1
897,9883-SDWFS,2013-07-08,8857063465,2013-02-14,2013-03-16,7.78,No,2013-03-15,Paper,29,0,On Time,On Time,2013-02-01,1
391,8820-BLYDZ,2013-03-19,8857627389,2012-04-08,2012-05-08,83.49,No,2012-04-20,Paper,12,0,On Time,On Time,2012-04-01,1
897,9883-SDWFS,2013-07-08,8861999698,2012-07-28,2012-08-27,45.24,Yes,2012-09-12,Paper,46,16,Late,15–30 Days Late,2012-07-01,4
897,9460-VAZGD,2013-08-10,8862522772,2012-05-31,2012-06-30,26.91,No,2012-06-21,Paper,21,0,On Time,On Time,2012-05-01,1
391,2423-QOKIO,2013-05-11,8864060748,2013-08-13,2013-09-12,61.06,No,2013-08-30,Electronic,17,0,On Time,On Time,2013-08-01,1
406,3448-OWJOT,2012-09-15,8867732285,2012-10-26,2012-11-25,96.51,Yes,2012-11-26,Electronic,31,1,Late,1–7 Days Late,2012-10-01,2
818,3271-HYHDN,2013-04-28,8871842653,2012-03-05,2012-04-04,57.07,No,2012-03-14,Paper,9,0,On Time,On Time,2012-03-01,1
406,7245-CKNCN,2012-06-04,8873482075,2012-05-21,2012-06-20,93.86,No,2012-06-13,Paper,23,0,On Time,On Time,2012-05-01,1
770,0465-DTULQ,2013-03-04,8875015994,2012-11-16,2012-12-16,76.21,No,2012-12-20,Paper,34,4,Late,1–7 Days Late,2012-11-01,2
897,9250-VHLWY,2013-06-03,8891547275,2013-02-18,2013-03-20,58.53,No,2013-03-18,Paper,28,0,On Time,On Time,2013-02-01,1
770,9149-MATVB,2013-04-30,8892880121,2012-06-22,2012-07-22,48.35,No,2012-07-18,Paper,26,0,On Time,On Time,2012-06-01,1
391,0379-NEVHP,2013-04-06,8893171508,2013-05-29,2013-06-28,68.49,No,2013-06-06,Electronic,8,0,On Time,On Time,2013-05-01,1
897,8942-ERSWK,2013-01-11,8893780423,2013-10-19,2013-11-18,20.22,No,2013-10-27,Electronic,8,0,On Time,On Time,2013-10-01,1
770,7856-ODQFO,2012-08-05,8898728543,2013-04-07,2013-05-07,84.15,Yes,2013-05-07,Electronic,30,0,On Time,On Time,2013-04-01,1
770,7260-ZHAKS,2012-06-17,8900955747,2012-09-06,2012-10-06,44.99,No,2012-09-26,Electronic,20,0,On Time,On Time,2012-09-01,1
818,7946-HJDUR,2012-02-21,8908680989,2013-03-31,2013-04-30,48.07,No,2013-04-26,Electronic,26,0,On Time,On Time,2013-03-01,1
391,7209-MDWKR,2013-10-09,8911239770,2013-04-24,2013-05-24,69.34,No,2013-05-28,Paper,34,4,Late,1–7 Days Late,2013-04-01,2
406,2621-XCLEH,2012-09-24,8912612689,2013-07-28,2013-08-27,92.17,Yes,2013-09-12,Electronic,46,16,Late,15–30 Days Late,2013-07-01,4
391,3569-VJWXS,2013-04-09,8921244707,2013-01-26,2013-02-25,58.42,No,2013-02-19,Paper,24,0,On Time,On Time,2013-01-01,1
391,2423-QOKIO,2013-05-11,8922128667,2013-03-05,2013-04-04,73.49,No,2013-04-01,Paper,27,0,On Time,On Time,2013-03-01,1
770,0465-DTULQ,2013-03-04,8925106994,2013-01-18,2013-02-17,64.48,No,2013-02-23,Paper,36,6,Late,1–7 Days Late,2013-01-01,2
770,9323-NDIOV,2012-07-09,8926617482,2012-11-25,2012-12-25,52.01,Yes,2013-01-19,Electronic,55,25,Late,15–30 Days Late,2012-11-01,4
770,2447-JCFGW,2012-07-31,8927871048,2013-03-19,2013-04-18,66.6,No,2013-04-11,Electronic,23,0,On Time,On Time,2013-03-01,1
770,5592-UQXSS,2012-12-31,8935367432,2012-04-09,2012-05-09,63.16,Yes,2012-05-26,Paper,47,17,Late,15–30 Days Late,2012-04-01,4
391,2423-QOKIO,2013-05-11,8938303761,2012-06-02,2012-07-02,73.95,No,2012-06-28,Paper,26,0,On Time,On Time,2012-06-01,1
391,7841-HROAQ,2013-09-15,8942200261,2012-07-21,2012-08-20,64.33,No,2012-08-07,Paper,17,0,On Time,On Time,2012-07-01,1
770,7260-ZHAKS,2012-06-17,8945106531,2012-07-14,2012-08-13,67.49,No,2012-07-29,Electronic,15,0,On Time,On Time,2012-07-01,1
897,3271-YDPUJ,2013-04-02,8945288109,2012-07-07,2012-08-06,31.81,No,2012-07-19,Paper,12,0,On Time,On Time,2012-07-01,1
391,7209-MDWKR,2013-10-09,8951862221,2012-10-26,2012-11-25,74.92,No,2012-11-25,Paper,30,0,On Time,On Time,2012-10-01,1
406,9725-EZTEJ,2012-03-17,8953168938,2013-03-02,2013-04-01,77.52,Yes,2013-03-28,Electronic,26,0,On Time,On Time,2013-03-01,1
406,1447-YZKCL,2012-08-10,8965430329,2012-06-16,2012-07-16,61.6,No,2012-07-22,Paper,36,6,Late,1–7 Days Late,2012-06-01,2
818,5924-UOPGH,2013-06-06,8969881000,2012-09-19,2012-10-19,91.64,No,2012-10-10,Paper,21,0,On Time,On Time,2012-09-01,1
391,9174-IYKOC,2012-11-27,8973326459,2012-07-31,2012-08-30,53.08,No,2012-09-10,Paper,41,11,Late,8–14 Days Late,2012-07-01,3
770,0706-NRGUP,2013-04-09,8978691415,2013-10-03,2013-11-02,44.36,No,2013-10-28,Electronic,25,0,On Time,On Time,2013-10-01,1
770,6077-FDQRK,2012-09-11,8983088903,2012-04-17,2012-05-17,46.17,No,2012-05-14,Paper,27,0,On Time,On Time,2012-04-01,1
770,7260-ZHAKS,2012-06-17,8984387474,2012-06-27,2012-07-27,56.4,No,2012-07-21,Electronic,24,0,On Time,On Time,2012-06-01,1
770,9323-NDIOV,2012-07-09,8996690503,2012-09-18,2012-10-18,61.32,Yes,2012-10-25,Electronic,37,7,Late,1–7 Days Late,2012-09-01,2
406,9725-EZTEJ,2012-03-17,9002067860,2012-03-20,2012-04-19,82.09,Yes,2012-04-26,Electronic,37,7,Late,1–7 Days Late,2012-03-01,2
770,0465-DTULQ,2013-03-04,9010084863,2013-11-13,2013-12-13,58.22,No,2013-12-12,Electronic,29,0,On Time,On Time,2013-11-01,1
391,9212-BTDMX,2012-04-22,9010843366,2012-01-16,2012-02-15,49.25,No,2012-02-08,Paper,23,0,On Time,On Time,2012-01-01,1
770,0465-DTULQ,2013-03-04,9012691752,2013-07-20,2013-08-19,38.55,No,2013-08-15,Electronic,26,0,On Time,On Time,2013-07-01,1
391,2125-HJDLA,2012-05-22,9012800022,2013-07-22,2013-08-21,33.42,Yes,2013-08-29,Electronic,38,8,Late,8–14 Days Late,2013-07-01,3
897,9250-VHLWY,2013-06-03,9013501866,2012-07-23,2012-08-22,58.82,No,2012-08-13,Paper,21,0,On Time,On Time,2012-07-01,1
391,5529-TBPGK,2013-08-09,9016415003,2013-10-10,2013-11-09,41.92,No,2013-11-03,Electronic,24,0,On Time,On Time,2013-10-01,1
391,3598-DNURW,2012-08-29,9018028314,2013-06-05,2013-07-05,57.33,No,2013-06-20,Electronic,15,0,On Time,On Time,2013-06-01,1
406,4632-QZOKX,2013-03-19,9027126182,2013-05-29,2013-06-28,46.25,Yes,2013-07-01,Electronic,33,3,Late,1–7 Days Late,2013-05-01,2
406,5284-DJOZO,2012-09-11,9027165795,2013-07-30,2013-08-29,68.15,No,2013-08-06,Electronic,7,0,On Time,On Time,2013-07-01,1
406,5164-VMYWJ,2013-11-27,9028881795,2013-01-03,2013-02-02,67.66,No,2013-02-01,Paper,29,0,On Time,On Time,2013-01-01,1
391,8820-BLYDZ,2013-03-19,9037173247,2013-09-30,2013-10-30,66.82,No,2013-10-01,Electronic,1,0,On Time,On Time,2013-09-01,1
818,8887-NCUZC,2013-01-22,9037530272,2013-05-13,2013-06-12,31.84,No,2013-06-05,Electronic,23,0,On Time,On Time,2013-05-01,1
391,9841-XLGBV,2013-01-03,9039192109,2012-06-11,2012-07-11,27.18,No,2012-07-11,Paper,30,0,On Time,On Time,2012-06-01,1
406,6048-QPZCF,2012-07-13,9042158941,2012-08-30,2012-09-29,75.59,No,2012-09-06,Electronic,7,0,On Time,On Time,2012-08-01,1
391,5529-TBPGK,2013-08-09,9046073849,2012-04-07,2012-05-07,84.31,No,2012-05-16,Paper,39,9,Late,8–14 Days Late,2012-04-01,3
391,6632-CGYHU,2013-01-08,9052269765,2012-10-18,2012-11-17,98.61,No,2012-11-07,Paper,20,0,On Time,On Time,2012-10-01,1
770,2447-JCFGW,2012-07-31,9054937897,2012-04-13,2012-05-13,61.49,No,2012-05-09,Paper,26,0,On Time,On Time,2012-04-01,1
391,8156-PCYBM,2012-03-03,9057872088,2013-02-06,2013-03-08,80.93,No,2013-03-04,Electronic,26,0,On Time,On Time,2013-02-01,1
770,0625-TNJFG,2013-08-15,9061983609,2013-06-02,2013-07-02,67.86,No,2013-06-28,Paper,26,0,On Time,On Time,2013-06-01,1
897,1408-OQZUE,2012-09-14,9065240153,2012-04-20,2012-05-20,54.94,No,2012-05-17,Paper,27,0,On Time,On Time,2012-04-01,1
897,7654-DOLHO,2012-04-04,9069342751,2012-08-28,2012-09-27,69.55,No,2012-09-23,Electronic,26,0,On Time,On Time,2012-08-01,1
406,4651-PMEXQ,2012-07-04,9071684141,2013-01-29,2013-02-28,102.01,Yes,2013-03-10,Electronic,40,10,Late,8–14 Days Late,2013-01-01,3
391,6632-CGYHU,2013-01-08,9073174131,2013-02-09,2013-03-11,92.97,No,2013-02-19,Electronic,10,0,On Time,On Time,2013-02-01,1
770,6077-FDQRK,2012-09-11,9077886672,2012-09-06,2012-10-06,30.23,No,2012-09-22,Paper,16,0,On Time,On Time,2012-09-01,1
897,3676-CQAIF,2013-07-29,9080028887,2012-03-02,2012-04-01,45.97,No,2012-04-09,Paper,38,8,Late,8–14 Days Late,2012-03-01,3
897,6177-VTITE,2012-10-26,9081761696,2013-07-19,2013-08-18,65.01,No,2013-08-03,Electronic,15,0,On Time,On Time,2013-07-01,1
406,6833-ETVHD,2012-04-30,9083415808,2013-09-25,2013-10-25,56.38,No,2013-10-20,Electronic,25,0,On Time,On Time,2013-09-01,1
406,9117-LYRCE,2013-07-05,9086013190,2013-01-15,2013-02-14,60.11,No,2013-02-27,Paper,43,13,Late,8–14 Days Late,2013-01-01,3
391,2423-QOKIO,2013-05-11,9089611762,2013-06-12,2013-07-12,91.72,No,2013-07-02,Electronic,20,0,On Time,On Time,2013-06-01,1
391,0379-NEVHP,2013-04-06,9091156209,2012-12-03,2013-01-02,52.47,No,2012-12-19,Paper,16,0,On Time,On Time,2012-12-01,1
897,9883-SDWFS,2013-07-08,9092385558,2012-10-09,2012-11-08,18.77,No,2012-11-09,Paper,31,1,Late,1–7 Days Late,2012-10-01,2
391,6708-DPYTF,2012-08-02,9094577240,2012-07-11,2012-08-10,73.6,No,2012-08-24,Paper,44,14,Late,8–14 Days Late,2012-07-01,3
406,8976-AMJEO,2012-03-03,9095475537,2013-06-15,2013-07-15,93.56,No,2013-07-08,Electronic,23,0,On Time,On Time,2013-06-01,1
391,6160-HCSFI,2013-01-10,9097859581,2013-01-24,2013-02-23,44.64,No,2013-02-11,Electronic,18,0,On Time,On Time,2013-01-01,1
770,9149-MATVB,2013-04-30,9099988532,2012-11-28,2012-12-28,24.32,No,2012-12-25,Paper,27,0,On Time,On Time,2012-11-01,1
391,7329-TWKLF,2013-11-20,9108099905,2012-05-02,2012-06-01,73.3,No,2012-05-19,Paper,17,0,On Time,On Time,2012-05-01,1
770,7856-ODQFO,2012-08-05,9111152226,2012-09-25,2012-10-25,44.24,No,2012-10-19,Electronic,24,0,On Time,On Time,2012-09-01,1
406,9725-EZTEJ,2012-03-17,9119375519,2012-06-23,2012-07-23,94.51,Yes,2012-08-06,Electronic,44,14,Late,8–14 Days Late,2012-06-01,3
391,8156-PCYBM,2012-03-03,9121577010,2013-09-28,2013-10-28,76.25,No,2013-10-24,Electronic,26,0,On Time,On Time,2013-09-01,1
818,6627-ELFBK,2012-11-26,9124590748,2013-05-31,2013-06-30,66.51,No,2013-06-16,Electronic,16,0,On Time,On Time,2013-05-01,1
391,9841-XLGBV,2013-01-03,9146955602,2012-05-17,2012-06-16,38.84,No,2012-06-14,Paper,28,0,On Time,On Time,2012-05-01,1
406,2621-XCLEH,2012-09-24,9153643214,2013-07-16,2013-08-15,78.08,Yes,2013-09-02,Electronic,48,18,Late,15–30 Days Late,2013-07-01,4
406,4640-FGEJI,2013-04-04,9163369386,2012-06-04,2012-07-04,43.75,No,2012-06-25,Paper,21,0,On Time,On Time,2012-06-01,1
391,2125-HJDLA,2012-05-22,9166038468,2013-08-03,2013-09-02,69.73,No,2013-09-03,Electronic,31,1,Late,1–7 Days Late,2013-08-01,2
770,2687-XWAMA,2013-04-03,9169343910,2013-02-15,2013-03-17,52.29,No,2013-03-04,Paper,17,0,On Time,On Time,2013-02-01,1
391,6708-DPYTF,2012-08-02,9171870990,2013-03-19,2013-04-18,87.99,No,2013-04-28,Electronic,40,10,Late,8–14 Days Late,2013-03-01,3
770,7050-KQLDO,2012-09-29,9176928131,2013-05-22,2013-06-21,77.86,No,2013-06-07,Electronic,16,0,On Time,On Time,2013-05-01,1
897,1408-OQZUE,2012-09-14,9180666472,2012-02-13,2012-03-14,68.28,No,2012-03-19,Paper,35,5,Late,1–7 Days Late,2012-02-01,2
391,6632-CGYHU,2013-01-08,9183796742,2012-03-13,2012-04-12,81.85,No,2012-03-26,Paper,13,0,On Time,On Time,2012-03-01,1
406,9117-LYRCE,2013-07-05,9184635048,2013-10-13,2013-11-12,68.25,No,2013-11-16,Electronic,34,4,Late,1–7 Days Late,2013-10-01,2
897,9883-SDWFS,2013-07-08,9186926292,2013-02-26,2013-03-28,26.37,No,2013-03-31,Paper,33,3,Late,1–7 Days Late,2013-02-01,2
818,5875-VZQCZ,2013-07-15,9188803308,2013-07-22,2013-08-21,67.57,No,2013-08-07,Electronic,16,0,On Time,On Time,2013-07-01,1
897,8690-EEBEO,2012-12-05,9188939939,2013-10-30,2013-11-29,57.16,No,2013-12-05,Electronic,36,6,Late,1–7 Days Late,2013-10-01,2
391,5920-DPXLN,2012-11-11,9189385048,2013-10-17,2013-11-16,65.37,No,2013-11-01,Electronic,15,0,On Time,On Time,2013-10-01,1
406,4640-FGEJI,2013-04-04,9191319419,2012-12-25,2013-01-24,58.59,No,2013-01-23,Paper,29,0,On Time,On Time,2012-12-01,1
897,1408-OQZUE,2012-09-14,9192101573,2013-07-06,2013-08-05,13.09,No,2013-08-02,Electronic,27,0,On Time,On Time,2013-07-01,1
818,7946-HJDUR,2012-02-21,9193816294,2013-08-22,2013-09-21,58.85,No,2013-09-19,Electronic,28,0,On Time,On Time,2013-08-01,1
406,9117-LYRCE,2013-07-05,9199249934,2012-08-21,2012-09-20,42.62,Yes,2012-10-14,Paper,54,24,Late,15–30 Days Late,2012-08-01,4
818,8364-UWVLM,2012-11-10,9200291512,2012-05-11,2012-06-10,54.92,Yes,2012-07-04,Paper,54,24,Late,15–30 Days Late,2012-05-01,4
818,8887-NCUZC,2013-01-22,9200902255,2013-07-12,2013-08-11,26.25,Yes,2013-08-16,Electronic,35,5,Late,1–7 Days Late,2013-07-01,2
770,2687-XWAMA,2013-04-03,9201510343,2012-04-20,2012-05-20,52.06,No,2012-05-04,Paper,14,0,On Time,On Time,2012-04-01,1
770,3993-QUNVJ,2012-12-31,9202536124,2013-06-21,2013-07-21,81.06,No,2013-06-30,Electronic,9,0,On Time,On Time,2013-06-01,1
897,6296-UKEUZ,2012-11-26,9215762028,2013-02-27,2013-03-29,35.1,No,2013-03-04,Electronic,5,0,On Time,On Time,2013-02-01,1
897,6177-VTITE,2012-10-26,9215826735,2012-11-11,2012-12-11,54.3,No,2012-12-01,Electronic,20,0,On Time,On Time,2012-11-01,1
406,5284-DJOZO,2012-09-11,9219327120,2013-07-25,2013-08-24,60.3,Yes,2013-08-11,Electronic,17,0,On Time,On Time,2013-07-01,1
818,5875-VZQCZ,2013-07-15,9227624437,2012-08-14,2012-09-13,89.27,No,2012-09-10,Paper,27,0,On Time,On Time,2012-08-01,1
818,6004-KITZM,2013-09-01,9232223339,2012-12-14,2013-01-13,58.56,No,2013-01-07,Paper,24,0,On Time,On Time,2012-12-01,1
391,8156-PCYBM,2012-03-03,9236280634,2012-01-17,2012-02-16,67.15,No,2012-02-29,Paper,43,13,Late,8–14 Days Late,2012-01-01,3
391,5529-TBPGK,2013-08-09,9236420705,2012-09-11,2012-10-11,28.09,No,2012-10-18,Paper,37,7,Late,1–7 Days Late,2012-09-01,2
406,5573-KSOIA,2013-09-30,9238366168,2013-11-14,2013-12-14,104.58,No,2013-12-11,Electronic,27,0,On Time,On Time,2013-11-01,1
770,7856-ODQFO,2012-08-05,9239905667,2013-02-17,2013-03-19,43.41,Yes,2013-03-22,Electronic,33,3,Late,1–7 Days Late,2013-02-01,2
818,8364-UWVLM,2012-11-10,9242384432,2012-10-10,2012-11-09,105.85,No,2012-10-31,Paper,21,0,On Time,On Time,2012-10-01,1
406,6048-QPZCF,2012-07-13,9242625204,2012-08-28,2012-09-27,95.29,Yes,2012-09-15,Electronic,18,0,On Time,On Time,2012-08-01,1
406,5573-KSOIA,2013-09-30,9247964767,2012-01-26,2012-02-25,98.51,Yes,2012-03-15,Paper,49,19,Late,15–30 Days Late,2012-01-01,4
818,6004-KITZM,2013-09-01,9250019415,2012-06-05,2012-07-05,74.9,No,2012-06-18,Paper,13,0,On Time,On Time,2012-06-01,1
406,5164-VMYWJ,2013-11-27,9250499188,2013-07-29,2013-08-28,75.37,No,2013-08-23,Paper,25,0,On Time,On Time,2013-07-01,1
897,9460-VAZGD,2013-08-10,9254517013,2012-03-03,2012-04-02,29.39,No,2012-03-21,Paper,18,0,On Time,On Time,2012-03-01,1
770,2687-XWAMA,2013-04-03,9257925380,2013-10-11,2013-11-10,62.06,No,2013-10-18,Electronic,7,0,On Time,On Time,2013-10-01,1
391,0709-LZRJV,2013-06-20,9258277700,2013-07-02,2013-08-01,44.71,No,2013-07-24,Electronic,22,0,On Time,On Time,2013-07-01,1
406,6833-ETVHD,2012-04-30,9262446048,2012-09-02,2012-10-02,66.68,No,2012-09-12,Electronic,10,0,On Time,On Time,2012-09-01,1
770,6077-FDQRK,2012-09-11,9264242334,2013-06-14,2013-07-14,48.18,No,2013-06-30,Electronic,16,0,On Time,On Time,2013-06-01,1
406,7245-CKNCN,2012-06-04,9265800851,2013-05-02,2013-06-01,74.36,No,2013-05-13,Electronic,11,0,On Time,On Time,2013-05-01,1
818,7695-NKUXM,2012-11-21,9268191212,2012-10-07,2012-11-06,47.52,No,2012-10-21,Paper,14,0,On Time,On Time,2012-10-01,1
406,9117-LYRCE,2013-07-05,9275623026,2012-07-27,2012-08-26,69.95,Yes,2012-10-02,Paper,67,37,Late,Over 30 Days Late,2012-07-01,5
391,1080-NDGAE,2012-09-28,9288370923,2012-07-04,2012-08-03,77.47,Yes,2012-08-05,Paper,32,2,Late,1–7 Days Late,2012-07-01,2
406,7245-CKNCN,2012-06-04,9294398501,2012-06-06,2012-07-06,49.72,No,2012-06-19,Electronic,13,0,On Time,On Time,2012-06-01,1
391,2676-DZINU,2012-10-19,9298034378,2013-05-13,2013-06-12,68.69,No,2013-05-22,Electronic,9,0,On Time,On Time,2013-05-01,1
391,9014-WENVB,2013-08-03,9312710244,2012-09-25,2012-10-25,59.56,No,2012-10-17,Paper,22,0,On Time,On Time,2012-09-01,1
818,2824-HJQPP,2013-09-04,9313451295,2012-03-04,2012-04-03,48.11,No,2012-03-25,Paper,21,0,On Time,On Time,2012-03-01,1
818,3568-JJMFW,2012-01-09,9314335308,2012-09-17,2012-10-17,67.58,Yes,2012-10-04,Electronic,17,0,On Time,On Time,2012-09-01,1
897,8942-ERSWK,2013-01-11,9314800674,2013-08-11,2013-09-10,37.13,Yes,2013-09-11,Electronic,31,1,Late,1–7 Days Late,2013-08-01,2
897,6296-UKEUZ,2012-11-26,9315531233,2012-07-22,2012-08-21,29.77,No,2012-07-25,Paper,3,0,On Time,On Time,2012-07-01,1
897,9250-VHLWY,2013-06-03,9324391627,2012-10-22,2012-11-21,47.41,Yes,2012-11-27,Paper,36,6,Late,1–7 Days Late,2012-10-01,2
391,7841-HROAQ,2013-09-15,9327462141,2013-10-16,2013-11-15,90.61,No,2013-11-06,Electronic,21,0,On Time,On Time,2013-10-01,1
818,2824-HJQPP,2013-09-04,9327668635,2012-04-05,2012-05-05,44.99,No,2012-04-29,Paper,24,0,On Time,On Time,2012-04-01,1
818,7695-NKUXM,2012-11-21,9338042562,2012-05-07,2012-06-06,45.76,Yes,2012-05-26,Paper,19,0,On Time,On Time,2012-05-01,1
770,7228-LEPPM,2012-04-30,9339508583,2012-09-01,2012-10-01,69.9,No,2012-10-06,Electronic,35,5,Late,1–7 Days Late,2012-09-01,2
818,2824-HJQPP,2013-09-04,9340071189,2012-03-06,2012-04-05,58.14,No,2012-03-23,Paper,17,0,On Time,On Time,2012-03-01,1
897,3676-CQAIF,2013-07-29,9343302864,2012-11-15,2012-12-15,50.33,No,2012-12-23,Paper,38,8,Late,8–14 Days Late,2012-11-01,3
391,5920-DPXLN,2012-11-11,9344726527,2013-05-28,2013-06-27,68.39,No,2013-06-10,Electronic,13,0,On Time,On Time,2013-05-01,1
391,3569-VJWXS,2013-04-09,9346541006,2012-02-25,2012-03-26,55.09,No,2012-03-22,Paper,26,0,On Time,On Time,2012-02-01,1
897,0688-XNJRO,2012-06-24,9359250752,2013-09-06,2013-10-06,25.07,No,2013-10-04,Electronic,28,0,On Time,On Time,2013-09-01,1
897,6391-GBFQJ,2013-11-25,9366628825,2013-12-02,2014-01-01,18.05,No,2013-12-13,Electronic,11,0,On Time,On Time,2013-12-01,1
391,6160-HCSFI,2013-01-10,9367388295,2013-04-24,2013-05-24,43.95,No,2013-05-20,Electronic,26,0,On Time,On Time,2013-04-01,1
770,2026-XLBER,2012-11-12,9368067229,2013-10-27,2013-11-26,45.17,No,2013-11-07,Electronic,11,0,On Time,On Time,2013-10-01,1
818,7946-HJDUR,2012-02-21,9373791288,2012-03-31,2012-04-30,60.57,No,2012-04-21,Electronic,21,0,On Time,On Time,2012-03-01,1
897,8690-EEBEO,2012-12-05,9375684651,2012-11-06,2012-12-06,50.27,No,2012-12-11,Paper,35,5,Late,1–7 Days Late,2012-11-01,2
897,6391-GBFQJ,2013-11-25,9380641705,2013-10-18,2013-11-17,8.61,No,2013-10-31,Paper,13,0,On Time,On Time,2013-10-01,1
818,1604-LIFKX,2013-03-16,9385395392,2012-03-08,2012-04-07,54.41,No,2012-05-01,Paper,54,24,Late,15–30 Days Late,2012-03-01,4
391,1080-NDGAE,2012-09-28,9390786866,2013-02-24,2013-03-26,74.62,Yes,2013-04-06,Electronic,41,11,Late,8–14 Days Late,2013-02-01,3
391,2676-DZINU,2012-10-19,9393038918,2013-09-21,2013-10-21,73.86,No,2013-10-08,Electronic,17,0,On Time,On Time,2013-09-01,1
391,7209-MDWKR,2013-10-09,9394972219,2012-04-22,2012-05-22,72.62,No,2012-05-28,Paper,36,6,Late,1–7 Days Late,2012-04-01,2
406,3448-OWJOT,2012-09-15,9398281591,2013-02-23,2013-03-25,59.31,Yes,2013-03-28,Electronic,33,3,Late,1–7 Days Late,2013-02-01,2
406,4092-ZAVRG,2012-05-19,9401804366,2012-02-11,2012-03-12,43.62,No,2012-02-18,Paper,7,0,On Time,On Time,2012-02-01,1
818,3568-JJMFW,2012-01-09,9414806653,2012-07-18,2012-08-17,84.79,Yes,2012-08-14,Electronic,27,0,On Time,On Time,2012-07-01,1
391,9174-IYKOC,2012-11-27,9418503093,2013-06-02,2013-07-02,60.65,No,2013-06-27,Electronic,25,0,On Time,On Time,2013-06-01,1
818,6627-ELFBK,2012-11-26,9448816022,2013-02-16,2013-03-18,82.93,No,2013-03-04,Electronic,16,0,On Time,On Time,2013-02-01,1
406,5164-VMYWJ,2013-11-27,9455464141,2013-05-05,2013-06-04,60.77,No,2013-06-04,Paper,30,0,On Time,On Time,2013-05-01,1
406,2621-XCLEH,2012-09-24,9465847338,2013-06-18,2013-07-18,37.49,No,2013-07-17,Electronic,29,0,On Time,On Time,2013-06-01,1
406,5164-VMYWJ,2013-11-27,9468928435,2012-11-15,2012-12-15,62.62,No,2012-12-04,Paper,19,0,On Time,On Time,2012-11-01,1
406,8389-TCXFQ,2012-08-24,9469584989,2013-10-09,2013-11-08,59.21,No,2013-11-04,Electronic,26,0,On Time,On Time,2013-10-01,1
391,0187-ERLSR,2013-07-31,9471530987,2012-05-15,2012-06-14,77.19,No,2012-05-28,Paper,13,0,On Time,On Time,2012-05-01,1
406,9322-YCTQO,2012-04-06,9482778673,2012-01-29,2012-02-28,96.02,No,2012-03-18,Paper,49,19,Late,15–30 Days Late,2012-01-01,4
770,6831-FIODB,2013-05-08,9485505932,2013-08-08,2013-09-07,40.18,Yes,2013-09-22,Electronic,45,15,Late,15–30 Days Late,2013-08-01,4
818,3568-JJMFW,2012-01-09,9493022226,2013-09-10,2013-10-10,83.68,Yes,2013-10-04,Electronic,24,0,On Time,On Time,2013-09-01,1
770,6077-FDQRK,2012-09-11,9506308848,2013-03-24,2013-04-23,33.37,No,2013-04-08,Electronic,15,0,On Time,On Time,2013-03-01,1
406,8389-TCXFQ,2012-08-24,9506972426,2013-07-17,2013-08-16,76.26,Yes,2013-08-13,Electronic,27,0,On Time,On Time,2013-07-01,1
406,6833-ETVHD,2012-04-30,9506990444,2013-05-01,2013-05-31,65.29,No,2013-05-16,Electronic,15,0,On Time,On Time,2013-05-01,1
818,9181-HEKGV,2013-10-16,9520565243,2013-07-12,2013-08-11,52.48,No,2013-08-20,Paper,39,9,Late,8–14 Days Late,2013-07-01,3
770,7856-ODQFO,2012-08-05,9532348315,2012-02-13,2012-03-14,40.16,No,2012-03-04,Paper,20,0,On Time,On Time,2012-02-01,1
406,9771-QTLGZ,2012-12-10,9534543247,2013-06-14,2013-07-14,55.47,Yes,2013-06-24,Electronic,10,0,On Time,On Time,2013-06-01,1
391,7209-MDWKR,2013-10-09,9537610455,2012-10-15,2012-11-14,55.85,No,2012-11-18,Paper,34,4,Late,1–7 Days Late,2012-10-01,2
391,8156-PCYBM,2012-03-03,9538369066,2012-09-24,2012-10-24,85.49,No,2012-10-20,Electronic,26,0,On Time,On Time,2012-09-01,1
406,4632-QZOKX,2013-03-19,9540987941,2013-09-19,2013-10-19,33.9,Yes,2013-11-08,Electronic,50,20,Late,15–30 Days Late,2013-09-01,4
818,1604-LIFKX,2013-03-16,9543491185,2013-02-08,2013-03-10,85.76,No,2013-03-19,Paper,39,9,Late,8–14 Days Late,2013-02-01,3
818,5875-VZQCZ,2013-07-15,9544605433,2012-11-11,2012-12-11,57.87,No,2012-12-04,Paper,23,0,On Time,On Time,2012-11-01,1
406,3448-OWJOT,2012-09-15,9544630517,2013-09-22,2013-10-22,86.38,Yes,2013-11-11,Electronic,50,20,Late,15–30 Days Late,2013-09-01,4
770,7050-KQLDO,2012-09-29,9545237302,2013-05-14,2013-06-13,59.83,No,2013-06-03,Electronic,20,0,On Time,On Time,2013-05-01,1
770,0706-NRGUP,2013-04-09,9546060439,2013-09-04,2013-10-04,10.03,No,2013-10-04,Electronic,30,0,On Time,On Time,2013-09-01,1
770,4460-ZXNDN,2013-06-27,9551992852,2012-05-23,2012-06-22,74.28,Yes,2012-07-18,Paper,56,26,Late,15–30 Days Late,2012-05-01,4
897,9460-VAZGD,2013-08-10,9555357249,2012-10-08,2012-11-07,35.8,No,2012-10-29,Paper,21,0,On Time,On Time,2012-10-01,1
770,7260-ZHAKS,2012-06-17,9565133328,2013-03-19,2013-04-18,81.1,No,2013-04-11,Electronic,23,0,On Time,On Time,2013-03-01,1
818,3271-HYHDN,2013-04-28,9566049241,2012-08-25,2012-09-24,36.09,No,2012-08-31,Paper,6,0,On Time,On Time,2012-08-01,1
897,7372-CESLR,2013-01-11,9566496102,2013-06-04,2013-07-04,44.54,No,2013-06-27,Electronic,23,0,On Time,On Time,2013-06-01,1
897,9250-VHLWY,2013-06-03,9566884305,2013-07-22,2013-08-21,51.21,No,2013-08-10,Electronic,19,0,On Time,On Time,2013-07-01,1
406,4640-FGEJI,2013-04-04,9574377731,2012-09-25,2012-10-25,93.51,No,2012-10-24,Paper,29,0,On Time,On Time,2012-09-01,1
406,0783-PEPYR,2013-11-27,9582586663,2013-04-22,2013-05-22,33.11,Yes,2013-06-12,Paper,51,21,Late,15–30 Days Late,2013-04-01,4
406,5284-DJOZO,2012-09-11,9583697144,2012-02-23,2012-03-24,67.59,No,2012-02-29,Paper,6,0,On Time,On Time,2012-02-01,1
897,6177-VTITE,2012-10-26,9584726059,2012-06-23,2012-07-23,40.13,No,2012-07-14,Paper,21,0,On Time,On Time,2012-06-01,1
818,6004-KITZM,2013-09-01,9588957496,2013-09-08,2013-10-08,69.86,No,2013-09-12,Electronic,4,0,On Time,On Time,2013-09-01,1
391,8820-BLYDZ,2013-03-19,9590153054,2013-09-21,2013-10-21,78.8,No,2013-09-26,Electronic,5,0,On Time,On Time,2013-09-01,1
818,7946-HJDUR,2012-02-21,9598751206,2013-05-08,2013-06-07,41.83,No,2013-06-05,Electronic,28,0,On Time,On Time,2013-05-01,1
818,8364-UWVLM,2012-11-10,9611156539,2012-01-06,2012-02-05,70.34,No,2012-02-06,Paper,31,1,Late,1–7 Days Late,2012-01-01,2
818,8102-ABPKQ,2013-08-29,9614769756,2013-08-14,2013-09-13,60.73,Yes,2013-09-20,Paper,37,7,Late,1–7 Days Late,2013-08-01,2
391,5196-TWQXF,2012-06-20,9618979999,2013-09-30,2013-10-30,54.25,No,2013-10-21,Electronic,21,0,On Time,On Time,2013-09-01,1
391,1080-NDGAE,2012-09-28,9632048192,2012-07-09,2012-08-08,128.28,Yes,2012-08-23,Paper,45,15,Late,15–30 Days Late,2012-07-01,4
406,6833-ETVHD,2012-04-30,9633035865,2012-11-01,2012-12-01,78.81,No,2012-11-25,Electronic,24,0,On Time,On Time,2012-11-01,1
391,6632-CGYHU,2013-01-08,9641285578,2012-05-23,2012-06-22,91.98,No,2012-06-05,Paper,13,0,On Time,On Time,2012-05-01,1
897,8690-EEBEO,2012-12-05,9647514843,2012-05-25,2012-06-24,71.04,No,2012-07-15,Paper,51,21,Late,15–30 Days Late,2012-05-01,4
406,1447-YZKCL,2012-08-10,9647532335,2012-12-08,2013-01-07,105.9,No,2013-01-07,Electronic,30,0,On Time,On Time,2012-12-01,1
818,5613-UHVMG,2012-05-31,9652079777,2012-04-17,2012-05-17,54.93,Yes,2012-06-14,Paper,58,28,Late,15–30 Days Late,2012-04-01,4
391,2423-QOKIO,2013-05-11,9654364049,2012-09-01,2012-10-01,55.58,No,2012-09-26,Paper,25,0,On Time,On Time,2012-09-01,1
818,8887-NCUZC,2013-01-22,9661947571,2013-10-21,2013-11-20,44.09,No,2013-11-21,Electronic,31,1,Late,1–7 Days Late,2013-10-01,2
818,6627-ELFBK,2012-11-26,9671446662,2013-07-06,2013-08-05,72.45,Yes,2013-08-03,Electronic,28,0,On Time,On Time,2013-07-01,1
391,6708-DPYTF,2012-08-02,9671863604,2013-02-24,2013-03-26,64.64,No,2013-04-06,Electronic,41,11,Late,8–14 Days Late,2013-02-01,3
406,6833-ETVHD,2012-04-30,9676303588,2012-01-23,2012-02-22,78.33,No,2012-02-26,Paper,34,4,Late,1–7 Days Late,2012-01-01,2
818,6004-KITZM,2013-09-01,9677444633,2012-05-26,2012-06-25,44.96,No,2012-06-14,Paper,19,0,On Time,On Time,2012-05-01,1
391,0709-LZRJV,2013-06-20,9685029181,2013-08-09,2013-09-08,66.55,No,2013-09-11,Electronic,33,3,Late,1–7 Days Late,2013-08-01,2
897,3271-YDPUJ,2013-04-02,9685874517,2013-06-21,2013-07-21,52.51,No,2013-07-09,Electronic,18,0,On Time,On Time,2013-06-01,1
391,9174-IYKOC,2012-11-27,9687805368,2012-02-24,2012-03-25,52.04,No,2012-03-20,Paper,25,0,On Time,On Time,2012-02-01,1
818,5924-UOPGH,2013-06-06,9699349431,2012-05-24,2012-06-23,71.08,No,2012-06-18,Paper,25,0,On Time,On Time,2012-05-01,1
406,9725-EZTEJ,2012-03-17,9704617693,2012-10-27,2012-11-26,72.34,Yes,2012-12-03,Electronic,37,7,Late,1–7 Days Late,2012-10-01,2
818,1604-LIFKX,2013-03-16,9711993534,2012-06-29,2012-07-29,42.62,No,2012-08-18,Paper,50,20,Late,15–30 Days Late,2012-06-01,4
897,6177-VTITE,2012-10-26,9712383291,2012-11-03,2012-12-03,22.26,No,2012-11-15,Electronic,12,0,On Time,On Time,2012-11-01,1
770,2687-XWAMA,2013-04-03,9727346662,2013-09-18,2013-10-18,60.96,No,2013-09-23,Electronic,5,0,On Time,On Time,2013-09-01,1
406,9117-LYRCE,2013-07-05,9729507797,2012-10-25,2012-11-24,61.31,No,2012-11-25,Paper,31,1,Late,1–7 Days Late,2012-10-01,2
818,2824-HJQPP,2013-09-04,9733725302,2012-03-27,2012-04-26,58.73,No,2012-04-17,Paper,21,0,On Time,On Time,2012-03-01,1
391,0187-ERLSR,2013-07-31,9744145268,2012-05-21,2012-06-20,51.65,No,2012-06-04,Paper,14,0,On Time,On Time,2012-05-01,1
391,1080-NDGAE,2012-09-28,9745775106,2012-11-17,2012-12-17,64.09,No,2012-12-05,Electronic,18,0,On Time,On Time,2012-11-01,1
770,0625-TNJFG,2013-08-15,9759992761,2012-09-08,2012-10-08,53.87,No,2012-10-02,Paper,24,0,On Time,On Time,2012-09-01,1
770,9323-NDIOV,2012-07-09,9766114576,2013-11-26,2013-12-26,40.71,No,2013-12-24,Electronic,28,0,On Time,On Time,2013-11-01,1
391,2676-DZINU,2012-10-19,9769339571,2013-06-24,2013-07-24,68.67,No,2013-07-03,Electronic,9,0,On Time,On Time,2013-06-01,1
897,7654-DOLHO,2012-04-04,9769799106,2012-02-01,2012-03-02,20.47,No,2012-03-10,Paper,38,8,Late,8–14 Days Late,2012-02-01,3
818,5148-SYKLB,2013-08-28,9773021858,2013-03-05,2013-04-04,79.49,Yes,2013-04-27,Paper,53,23,Late,15–30 Days Late,2013-03-01,4
391,7841-HROAQ,2013-09-15,9774403794,2012-06-19,2012-07-19,58.2,No,2012-07-19,Paper,30,0,On Time,On Time,2012-06-01,1
770,9323-NDIOV,2012-07-09,9779194561,2012-01-13,2012-02-12,78.49,No,2012-02-23,Paper,41,11,Late,8–14 Days Late,2012-01-01,3
406,8976-AMJEO,2012-03-03,9784423697,2013-06-09,2013-07-09,87.79,Yes,2013-07-18,Electronic,39,9,Late,8–14 Days Late,2013-06-01,3
770,0706-NRGUP,2013-04-09,9787421130,2012-03-13,2012-04-12,16.62,No,2012-04-23,Paper,41,11,Late,8–14 Days Late,2012-03-01,3
406,5284-DJOZO,2012-09-11,9791750285,2013-03-23,2013-04-22,47.67,No,2013-03-28,Electronic,5,0,On Time,On Time,2013-03-01,1
406,5164-VMYWJ,2013-11-27,9798309489,2012-03-27,2012-04-26,74.07,No,2012-04-24,Paper,28,0,On Time,On Time,2012-03-01,1
391,0709-LZRJV,2013-06-20,9800138273,2013-03-06,2013-04-05,30.89,Yes,2013-04-29,Paper,54,24,Late,15–30 Days Late,2013-03-01,4
391,9841-XLGBV,2013-01-03,9801799192,2012-05-06,2012-06-05,62.1,No,2012-06-03,Paper,28,0,On Time,On Time,2012-05-01,1
391,2125-HJDLA,2012-05-22,9802209671,2012-12-11,2013-01-10,41.08,No,2013-01-15,Electronic,35,5,Late,1–7 Days Late,2012-12-01,2
406,5164-VMYWJ,2013-11-27,9807005414,2012-12-15,2013-01-14,59.5,Yes,2013-01-27,Paper,43,13,Late,8–14 Days Late,2012-12-01,3
391,0379-NEVHP,2013-04-06,9814992757,2012-03-20,2012-04-19,103.64,No,2012-04-08,Paper,19,0,On Time,On Time,2012-03-01,1
770,6831-FIODB,2013-05-08,9821427141,2012-11-10,2012-12-10,11.79,No,2012-12-10,Paper,30,0,On Time,On Time,2012-11-01,1
818,5613-UHVMG,2012-05-31,9823818682,2013-11-16,2013-12-16,59.51,No,2013-12-23,Electronic,37,7,Late,1–7 Days Late,2013-11-01,2
391,0709-LZRJV,2013-06-20,9825194232,2013-04-17,2013-05-17,63.91,Yes,2013-05-22,Paper,35,5,Late,1–7 Days Late,2013-04-01,2
391,0379-NEVHP,2013-04-06,9831463047,2013-01-25,2013-02-24,33.23,No,2013-02-11,Paper,17,0,On Time,On Time,2013-01-01,1
897,9286-VLKMI,2013-02-13,9833191595,2012-06-18,2012-07-18,66.54,No,2012-06-23,Paper,5,0,On Time,On Time,2012-06-01,1
897,3676-CQAIF,2013-07-29,9833377240,2013-01-13,2013-02-12,38.72,No,2013-03-02,Paper,48,18,Late,15–30 Days Late,2013-01-01,4
897,6391-GBFQJ,2013-11-25,9835528694,2013-12-02,2014-01-01,8.38,Yes,2013-12-30,Electronic,28,0,On Time,On Time,2013-12-01,1
897,1408-OQZUE,2012-09-14,9835762300,2013-07-03,2013-08-02,35.2,No,2013-08-07,Electronic,35,5,Late,1–7 Days Late,2013-07-01,2
406,9758-AIEIK,2012-04-23,9837408169,2013-07-07,2013-08-06,44.13,No,2013-07-24,Electronic,17,0,On Time,On Time,2013-07-01,1
818,8364-UWVLM,2012-11-10,9839492497,2013-03-12,2013-04-11,86.69,No,2013-03-26,Electronic,14,0,On Time,On Time,2013-03-01,1
897,6177-VTITE,2012-10-26,9845628694,2013-06-11,2013-07-11,42.86,No,2013-06-24,Electronic,13,0,On Time,On Time,2013-06-01,1
818,2824-HJQPP,2013-09-04,9847742890,2013-02-05,2013-03-07,90.41,No,2013-02-26,Paper,21,0,On Time,On Time,2013-02-01,1
897,1408-OQZUE,2012-09-14,9855642847,2013-06-24,2013-07-24,59.44,Yes,2013-08-11,Electronic,48,18,Late,15–30 Days Late,2013-06-01,4
406,5164-VMYWJ,2013-11-27,9858844250,2013-03-27,2013-04-26,126.31,Yes,2013-05-06,Paper,40,10,Late,8–14 Days Late,2013-03-01,3
406,5164-VMYWJ,2013-11-27,9860244611,2012-09-15,2012-10-15,62.58,Yes,2012-10-22,Paper,37,7,Late,1–7 Days Late,2012-09-01,2
770,4460-ZXNDN,2013-06-27,9863361720,2012-12-29,2013-01-28,58.9,No,2013-02-10,Paper,43,13,Late,8–14 Days Late,2012-12-01,3
406,9771-QTLGZ,2012-12-10,9866145537,2013-11-28,2013-12-28,50.83,Yes,2013-12-24,Electronic,26,0,On Time,On Time,2013-11-01,1
391,8156-PCYBM,2012-03-03,9866646797,2012-03-18,2012-04-17,48.2,No,2012-04-26,Electronic,39,9,Late,8–14 Days Late,2012-03-01,3
818,9181-HEKGV,2013-10-16,9868438489,2012-11-14,2012-12-14,84.68,No,2012-12-15,Paper,31,1,Late,1–7 Days Late,2012-11-01,2
391,7209-MDWKR,2013-10-09,9869607581,2013-03-13,2013-04-12,57.41,No,2013-04-22,Paper,40,10,Late,8–14 Days Late,2013-03-01,3
406,8389-TCXFQ,2012-08-24,9875167017,2013-05-03,2013-06-02,85.99,No,2013-05-23,Electronic,20,0,On Time,On Time,2013-05-01,1
406,9758-AIEIK,2012-04-23,9882515146,2013-10-31,2013-11-30,55.65,No,2013-11-12,Electronic,12,0,On Time,On Time,2013-10-01,1
818,7946-HJDUR,2012-02-21,9883462057,2012-03-30,2012-04-29,50.1,No,2012-04-26,Electronic,27,0,On Time,On Time,2012-03-01,1
391,7209-MDWKR,2013-10-09,9890424733,2012-04-09,2012-05-09,54.82,No,2012-05-07,Paper,28,0,On Time,On Time,2012-04-01,1
770,5592-UQXSS,2012-12-31,9893070847,2013-09-20,2013-10-20,49.54,No,2013-10-06,Electronic,16,0,On Time,On Time,2013-09-01,1
897,3271-YDPUJ,2013-04-02,9901724277,2012-05-29,2012-06-28,53.67,Yes,2012-06-22,Paper,24,0,On Time,On Time,2012-05-01,1
391,6632-CGYHU,2013-01-08,9904297240,2012-12-07,2013-01-06,73.22,No,2012-12-30,Paper,23,0,On Time,On Time,2012-12-01,1
770,7856-ODQFO,2012-08-05,9912278044,2013-11-04,2013-12-04,21.73,No,2013-11-19,Electronic,15,0,On Time,On Time,2013-11-01,1
770,3831-FXWYK,2013-03-08,9914585915,2013-12-01,2013-12-31,86.29,No,2014-01-04,Electronic,34,4,Late,1–7 Days Late,2013-12-01,2
391,0709-LZRJV,2013-06-20,9922568654,2012-09-03,2012-10-03,42.67,No,2012-10-09,Paper,36,6,Late,1–7 Days Late,2012-09-01,2
406,9725-EZTEJ,2012-03-17,9923030049,2012-12-26,2013-01-25,71.12,Yes,2013-01-29,Electronic,34,4,Late,1–7 Days Late,2012-12-01,2
818,5148-SYKLB,2013-08-28,9923599437,2013-10-04,2013-11-03,76.18,No,2013-10-27,Electronic,23,0,On Time,On Time,2013-10-01,1
391,5529-TBPGK,2013-08-09,9923678452,2013-06-04,2013-07-04,68.4,No,2013-07-07,Paper,33,3,Late,1–7 Days Late,2013-06-01,2
406,4640-FGEJI,2013-04-04,9934734648,2012-04-24,2012-05-24,74.19,No,2012-05-22,Paper,28,0,On Time,On Time,2012-04-01,1
391,9212-BTDMX,2012-04-22,9936482887,2013-07-27,2013-08-26,68.07,No,2013-08-08,Electronic,12,0,On Time,On Time,2013-07-01,1
391,9014-WENVB,2013-08-03,9938539742,2012-11-26,2012-12-26,65.19,No,2012-12-25,Paper,29,0,On Time,On Time,2012-11-01,1
897,3676-CQAIF,2013-07-29,9938923133,2012-01-15,2012-02-14,48.06,No,2012-02-22,Paper,38,8,Late,8–14 Days Late,2012-01-01,3
818,8102-ABPKQ,2013-08-29,9941572096,2012-11-18,2012-12-18,74.16,Yes,2013-01-02,Paper,45,15,Late,15–30 Days Late,2012-11-01,4
818,5924-UOPGH,2013-06-06,9947321662,2012-09-08,2012-10-08,93.09,Yes,2012-10-15,Paper,37,7,Late,1–7 Days Late,2012-09-01,2
391,5529-TBPGK,2013-08-09,9968504859,2013-06-10,2013-07-10,38.95,No,2013-07-05,Paper,25,0,On Time,On Time,2013-06-01,1
770,9323-NDIOV,2012-07-09,9976671102,2012-03-31,2012-04-30,28.3,No,2012-04-28,Paper,28,0,On Time,On Time,2012-03-01,1
818,5148-SYKLB,2013-08-28,9982124268,2012-09-21,2012-10-21,59,Yes,2012-10-28,Paper,37,7,Late,1–7 Days Late,2012-09-01,2
391,6708-DPYTF,2012-08-02,9982796720,2013-10-18,2013-11-17,79.61,No,2013-12-01,Electronic,44,14,Late,8–14 Days Late,2013-10-01,3
391,9841-XLGBV,2013-01-03,9983237240,2012-09-19,2012-10-19,38.25,No,2012-10-13,Paper,24,0,On Time,On Time,2012-09-01,1
770,7856-ODQFO,2012-08-05,9986249860,2012-07-02,2012-08-01,67.59,No,2012-07-27,Paper,25,0,On Time,On Time,2012-07-01,1
770,7050-KQLDO,2012-09-29,9989225541,2012-04-27,2012-05-27,53.16,No,2012-05-18,Paper,21,0,On Time,On Time,2012-04-01,1
406,9758-AIEIK,2012-04-23,9990243864,2013-07-04,2013-08-03,68.66,No,2013-07-18,Electronic,14,0,On Time,On Time,2013-07-01,1
